# File exported by ZBrush version 2024
# www.zbrush.com
#Vertex Count 4108
#Face Count 4102
#Auto scale x=1.000000 y=1.000000 z=1.000000
#Auto offset x=0.000000 y=0.000000 z=0.000000
v -0.07079959 1.98279225 1.63223326
v -0.44673913 2.14431452 1.38417172
v -0.70348453 -8.27556133 1.26380097
v -0.5986216 -2.61933517 1.02026486
v -0.70425027 1.1831144 0.70859301
v -4.46801471 0.40723857 0.35086703
v -0.66520702 0.97984564 -0.21746964
v -0.86591309 3.3036704 -0.53764635
v -0.16871732 -3.49879074 -0.88745945
v -0.07026193 -3.68392324 -4.51861619
v -0.06468401 -3.49074268 -4.51500511
v -0.56654101 -7.91967248 1.80572986
v -0.39934772 -8.08453655 1.68959593
v -0.21475559 2.27307677 1.65545523
v -0.37997439 2.20661401 1.47929215
v -0.72808462 -7.71394491 1.33363997
v -0.94659996 -0.0143131 0.61738216
v -0.85490077 3.14230513 0.41436994
v -4.46404171 0.89310574 0.29305705
v -0.65780466 3.33757901 -0.11823082
v -4.36008453 0.86249965 -0.07870121
v -0.81884491 0.19678619 -0.31778055
v -1.02207255 3.22061371 -0.49511486
v -0.8519541 2.89381241 -0.50552141
v -0.31703379 -3.00646042 -0.92172998
v -0.98971468 3.53285574 -0.340034
v -1.02303814 3.51212406 -0.46359682
v -0.47441038 -2.12632751 0.79284441
v -4.44447374 0.31559521 -0.02212302
v -0.26803553 -3.72423172 0.94875007
v -0.82298517 -3.53324294 -0.71283096
v -0.07802149 1.83067083 1.48847115
v -0.23422497 2.85908389 1.72883832
v -0.97292095 3.5432415 -0.25929793
v -1.0677092 3.50710916 -0.52049726
v -1.04922974 2.74175238 -0.08034107
v -0.28668925 1.89124488 1.07865262
v 0 1.96590566 1.64490437
v 0 2.03144359 1.52597987
v -0.08827919 2.03573775 1.52640283
v -0.18287257 2.03963828 1.53973913
v -0.13010671 1.99445843 1.66687202
v 0 1.97710657 1.7302159
v -0.55762022 2.33887934 1.37956774
v -0.68070697 2.38430047 1.17041075
v -0.57080709 2.19500184 1.18724083
v -0.45423752 2.01897358 1.16929233
v -0.37789079 1.96675241 1.31155622
v -0.50042325 2.32685613 1.52852451
v -0.3000411 1.91503834 1.39225804
v -0.35483652 2.00999736 1.46451962
v -0.33389076 2.09165859 1.5032978
v -0.73445624 -8.28303432 1.13884902
v -0.53762924 -8.28804016 1.13413012
v -0.57170599 -8.28262329 1.31358492
v -0.66493547 -8.26328373 1.47276794
v -0.81579655 -8.26139259 1.35703671
v -0.92686349 -8.27278518 1.19167482
v -0.52321273 -2.5810697 0.95815157
v -0.63159984 -2.42315721 0.9778189
v -0.70889502 -2.55616331 1.04105281
v -0.74032056 -2.81134176 1.08445751
v -0.60900735 -2.81653761 1.05527424
v -0.49742528 -2.83785748 0.98561912
v -0.61695545 1.24946475 0.86814129
v -0.59738445 1.41344583 0.7648409
v -0.68770265 1.34610688 0.62961566
v -0.73047775 0.97575533 0.8973779
v -0.63995045 1.04561805 1.04124295
v -0.73401379 1.32162547 0.43290233
v -0.72826415 1.23705804 0.44230839
v -0.73204469 1.18404138 0.44446292
v -0.73484242 1.10029137 0.66053879
v -0.76038163 0.93731486 0.81117552
v -4.37672758 0.36855617 0.4128454
v -4.37139082 0.55669134 0.40263032
v -4.50245952 0.54803705 0.31774452
v -4.52583742 0.33142072 0.30116599
v -4.40740013 0.22851558 0.37582311
v -4.59674453 0.53211474 0.24630793
v -0.69150269 1.13426184 -0.04627159
v -0.67927354 1.22589957 -0.05857397
v -0.61332315 1.14569139 -0.20167554
v -0.52825611 1.10841167 -0.31960827
v -0.57844585 0.94434738 -0.35285937
v -0.71454638 0.9327709 -0.17287799
v -0.70757722 1.08508431 -0.04237102
v -0.71324068 0.71396082 -0.31038966
v -0.74723631 0.70115149 -0.26053386
v -0.63442224 0.71799051 -0.42288264
v -0.86298012 3.39931583 -0.50892067
v -0.80934041 3.34585285 -0.45881402
v -0.84801894 3.22992825 -0.52364581
v -0.94203048 3.1937015 -0.5975151
v -0.94251507 3.3046863 -0.5940839
v -0.94598078 3.42933893 -0.56434458
v -0.22473411 -3.34221386 -0.99059617
v -0.13193041 -3.37062835 -1.23275077
v -0.08385112 -3.45176482 -1.21006536
v 0 -3.4905157 -1.19803214
v 0 -3.52640318 -0.93708044
v 0 -3.75331449 -0.64525759
v -0.16237455 -3.77009749 -0.62805867
v -0.34249654 -3.84068417 -0.58011281
v -0.43303227 -3.59245157 -0.75162875
v -0.49294278 -3.39122986 -0.8404358
v -0.0671248 -3.61831378 -4.53189182
v 0 -3.62128734 -4.60316324
v 0 -3.67639684 -4.57727146
v 0 -3.72369861 -4.39755582
v -0.0800208 -3.69923424 -4.39526462
v -0.11439342 -3.61995458 -4.40087223
v -0.07754118 -3.46921038 -4.40109634
v 0 -3.43784022 -4.40126895
v 0 -3.48249292 -4.5502243
v 0 -3.54730749 -4.60502576
v -0.06360846 -3.55540943 -4.52900743
v -0.10984995 -3.54453706 -4.40211057
v -0.67595309 -7.9133315 1.76813066
v -0.69312584 -7.99426269 1.80347359
v -0.5448839 -7.97142887 1.82994008
v -0.4374178 -7.91095066 1.7567861
v -0.50917345 -7.85653972 1.73840618
v -0.62714791 -7.83523035 1.69139504
v -0.47628796 -8.13569068 1.7017858
v -0.40452456 -8.16368007 1.56478071
v -0.3296794 -8.08296203 1.58100831
v -0.29858878 -7.99542713 1.59649074
v -0.40125355 -8.03647804 1.73199653
v -0.50888663 -8.09958744 1.77939224
v -0.2261223 2.27270555 1.55857873
v -0.1242508 2.30455851 1.56594228
v -0.12150988 2.30241036 1.68512165
v -0.13224288 2.2975173 1.79229295
v -0.2607432 2.25861525 1.71870195
v -0.30931225 2.24307131 1.59184598
v -0.27291819 2.11925983 1.47758424
v -0.29237625 2.20940446 1.46820461
v -0.38281932 2.2532525 1.64822077
v -0.77695459 -7.69730186 1.20980155
v -0.93365687 -7.7545104 1.25501
v -0.81800025 -7.77176952 1.41321754
v -0.6865952 -7.76006603 1.50987339
v -0.61172986 -7.69490194 1.3659954
v -0.6117286 -7.65374136 1.19137775
v -0.8907966 0.18456523 0.7937892
v -0.92026418 0.21923586 0.69536995
v -0.96038562 0.07822243 0.51874399
v -0.97153532 0.02576337 0.34340351
v -0.96992868 -0.02905619 0.34779718
v -0.97108084 -0.16118143 0.34627911
v -0.94580465 -0.21277326 0.60367614
v -0.73751181 3.28171181 0.37542286
v -0.76680958 3.31634044 0.11444941
v -0.83835709 3.24025893 0.08755353
v -0.73513495 3.0073266 0.8073861
v -0.6514877 3.20225405 0.7302283
v -0.87602865 3.09885788 0.00207637
v -0.95824939 3.04975128 0.22166223
v -4.36309814 0.93764364 0.34883129
v -4.37499332 1.06483078 0.29832509
v -4.50904321 0.95336461 0.23811247
v -4.58513593 0.75908082 0.22829517
v -4.50108385 0.74629688 0.29432669
v -4.37103986 0.75387913 0.37448537
v -0.49082961 3.35846805 -0.16727684
v -0.47645825 3.30331039 -0.34178727
v -0.59365612 3.26553583 -0.28799915
v -0.65017795 3.35992002 0.09291024
v -0.49513679 3.39554882 0.05978116
v -0.80146467 3.34626793 -0.02038108
v -0.67625552 3.28328895 -0.26360914
v -0.72559219 3.38893151 -0.16218777
v -0.82773697 3.40649724 -0.07983206
v -4.24337577 0.89111203 -0.08997557
v -4.26564788 0.68626654 -0.11157388
v -4.42156076 0.70237118 -0.09745862
v -4.42308712 0.93394839 -0.03361707
v -4.27137661 1.03241932 -0.02644017
v -4.53458499 0.73052209 -0.05275927
v -0.76926916 0.46739023 -0.32955446
v -0.67692101 0.46635413 -0.49371486
v -0.70180457 0.21704869 -0.5550369
v -0.89597946 0.01583163 -0.11377821
v -0.90387553 0.10318437 -0.06733101
v -0.84477353 0.29523629 -0.20593489
v -0.79474782 0.47502332 -0.26919728
v -0.9925093 3.30051422 -0.47434338
v -1.06075894 3.31609344 -0.53102612
v -1.07863676 3.21985125 -0.55196273
v -1.09456598 3.10992002 -0.53070944
v -1.01451993 3.1489768 -0.47283637
v -0.93048 3.23746419 -0.43660485
v -0.88071447 2.72721409 -0.47884658
v -0.99664664 2.71479988 -0.42989158
v -1.01053798 2.84797263 -0.51085317
v -0.91062086 2.983989 -0.54262846
v -0.79031145 3.07088351 -0.47021555
v -0.70556825 3.02493262 -0.45621931
v -1.03280973 2.94920635 -0.57616317
v -0.63204091 3.04671788 -0.52141356
v -0.70483702 2.87980485 -0.57384026
v -0.76298606 2.72234773 -0.59363865
v 0 -2.97318744 -0.96764951
v 0 -3.07790541 -0.99264967
v -0.16554521 -3.11861133 -1.06311619
v -0.33323985 -2.75603699 -0.87767416
v 0 -2.77372312 -0.92069131
v -0.22173573 -3.22667622 -1.03159225
v -0.46114376 -3.20430684 -0.9004085
v -0.88650858 3.53390955 -0.32138183
v -0.93288397 3.54740405 -0.37049046
v -0.98104667 3.40802502 -0.41566586
v -0.89907407 3.34204888 -0.36540362
v -0.92627406 3.42849373 -0.26533508
v -0.91876369 3.50487256 -0.20807966
v -0.89852416 3.5055828 -0.44469893
v -1.04017877 3.43673157 -0.48202002
v -1.0203638 2.9093132 0.09690879
v -0.9395706 2.94305014 -0.08379174
v -1.10450017 2.74169778 0.19269792
v -0.63877654 -1.96628451 0.63736343
v -0.73738783 -2.08092522 0.70128822
v -0.59421169 -2.20752382 0.83059448
v -0.23493082 -2.11777734 0.9035027
v -0.21937431 -1.86987924 0.94485616
v -0.41077294 -1.83926296 0.8100326
v -0.49190348 -2.36205601 0.87070709
v -0.40780791 -2.34963965 0.87281847
v -0.22963479 -2.32711362 0.91230922
v -4.45619106 0.48555716 -0.07556153
v -4.295722 0.46643114 -0.08988107
v -4.32808113 0.27340927 -0.03763949
v -4.36820936 0.16009615 0.03567072
v -4.50745391 0.26805424 0.03306764
v -4.56811332 0.48487097 -0.03029943
v -0.2435815 -3.96062564 0.99445164
v -0.20724289 -4.03718853 0.74460381
v -0.21612238 -3.94230771 0.70940303
v -0.37009036 -3.67587924 1.11293649
v -0.32714965 -3.94281435 1.1536293
v -0.20552237 -3.89887094 0.66960287
v -0.25596329 -3.66300916 0.84482151
v -0.35658308 -3.39411664 0.96415936
v -0.44066673 -3.38927888 1.06334435
v -0.31039848 -3.36797833 0.89336562
v -0.65386891 -3.73606157 -0.65039795
v -0.78128027 -3.96375775 -0.52617943
v -0.94312071 -3.88304328 -0.5566591
v -1.1018368 -3.8570652 -0.4906004
v -1.07332098 -3.52843475 -0.61682415
v -1.05043077 -3.22611522 -0.68642556
v -0.80990988 -3.21232914 -0.79330372
v 0 1.81954026 1.47754025
v 0 1.81656861 1.63076913
v -0.12737804 1.84290659 1.58817303
v -0.22014576 1.87394416 1.48995065
v -0.12510789 1.84362173 1.42233753
v 0 1.82955277 1.38063585
v -0.24285021 2.8929708 1.62493598
v -0.35059735 2.82885789 1.63041019
v -0.29090657 2.80273723 1.76689744
v -0.14472359 2.86384272 1.77878332
v -0.12523178 2.92477989 1.63392531
v -0.17431646 2.80334711 1.86400163
v -0.83293569 3.49962711 -0.25386446
v -1.0493921 3.32956862 -0.6103335
v -0.99711984 2.87179398 -0.25873389
v -1.0449239 2.76331543 -0.32370147
v -1.03401255 2.58332991 -0.20631226
v -0.90578275 2.98595857 -0.22377099
v -0.24561539 1.79824578 0.91946238
v 0 1.76954054 0.94238001
v 0 1.81087243 1.06553387
v -0.59276872 2.04659032 0.94813799
v -0.49498051 1.90944695 0.89274996
v -0.45182973 1.78546857 0.81081777
v 0 1.81976079 1.11743748
v -0.22606939 1.87608647 1.2319585
v 0 1.83229601 1.28496635
v -0.18098238 1.85855007 1.32755434
v -0.43918177 1.63374543 0.79092383
v -0.23661412 1.66831815 0.85414165
v -0.65941435 1.84841132 0.7131415
v -0.6091243 1.69732892 0.67857641
v -0.59404504 1.5498352 0.70535403
v -0.44916012 1.48977017 0.86120814
v -0.72877603 1.60427272 0.55486255
v -0.69507962 1.46870958 0.5817641
v -0.79221493 1.53323614 0.39835998
v -0.75012934 1.41113042 0.417178
v -0.81115907 1.48471367 0.23261003
v -0.76944214 1.37341356 0.24807268
v -0.74677777 1.30281949 0.25756403
v -0.73404461 1.24076449 0.26475963
v -0.75032365 1.34886682 0.08322686
v -0.73163151 1.27489638 0.09391039
v -0.72286564 1.20979487 0.10387931
v -0.72876119 1.15848815 0.11018911
v -0.7346819 1.1876434 0.26926603
v -0.7570995 1.14496386 0.27077615
v -0.75139248 1.13152921 0.43751379
v -0.7534272 1.11687576 0.11453668
v -0.80016058 1.09176588 0.11666566
v -0.80483639 1.11867356 0.26864859
v -0.73978203 1.0440036 -0.03153486
v -0.79180818 1.02126753 -0.02338498
v -0.87103134 1.00933396 -0.02484367
v -0.87643206 1.08366429 0.11235569
v -0.74370974 0.90721374 -0.15566811
v -0.79572635 0.89195823 -0.13919256
v -0.8718602 0.88375031 -0.13640321
v -1.01718616 0.87300109 -0.14101152
v -1.0256468 0.99678194 -0.03380682
v -0.8154717 0.70274865 -0.21013243
v -0.88796919 0.70737105 -0.19822652
v -1.01490211 0.70500457 -0.19530563
v -1.21763849 0.6796841 -0.19282074
v -1.23529028 0.83664166 -0.14242243
v -0.91802257 0.52189457 -0.19162416
v -1.02139854 0.52451175 -0.18902634
v -1.19650423 0.50809735 -0.18703076
v -1.41965794 0.45431235 -0.16797152
v -1.44444894 0.62396496 -0.17571446
v -1.03526544 0.35735458 -0.12196661
v -1.17901969 0.33922794 -0.11488207
v -1.39114821 0.29019159 -0.09563834
v -1.62761485 0.22929841 -0.07293713
v -1.65666949 0.39669936 -0.14670056
v -1.17362427 0.20299461 0.01195551
v -1.368335 0.1611054 0.03242585
v -1.60204446 0.09974592 0.05482589
v -1.87514829 0.05893341 0.04924884
v -1.88480758 0.18712423 -0.07340372
v -1.35278403 0.0813601 0.18570198
v -1.58913135 0.0211416 0.20487596
v -1.88243818 -0.01315344 0.18440556
v -2.1887083 0.00612372 0.1498091
v -2.1745038 0.06905398 0.01761875
v -1.59375035 -0.00887243 0.35088422
v -1.89823949 -0.03615368 0.32186994
v -2.19865131 -0.00832707 0.28905168
v -2.47375416 0.03866652 0.27980336
v -2.46942663 0.04532518 0.13478593
v -1.91433143 0.00440196 0.45468005
v -2.20270204 0.04048002 0.42734876
v -2.47109079 0.08391777 0.42418077
v -2.72077822 0.13354513 0.43434208
v -2.73100304 0.08992897 0.2879529
v -2.20111846 0.132532 0.55609989
v -2.46046638 0.17253816 0.56238097
v -2.71017622 0.22178134 0.56432586
v -2.95483231 0.28299027 0.54174953
v -2.95722127 0.20504021 0.43278399
v -2.44716835 0.30756267 0.67121464
v -2.7033174 0.3481543 0.6606189
v -2.9555509 0.39604777 0.62151163
v -3.21523404 0.43352678 0.57443314
v -3.20505523 0.33055779 0.51592057
v -2.69614982 0.50176703 0.70938539
v -2.9537034 0.53076738 0.65747892
v -3.2189877 0.54979664 0.59772962
v -3.52177095 0.55036008 0.61533248
v -3.49765372 0.40864723 0.60337811
v -2.94649434 0.67079579 0.64730024
v -3.21367859 0.66742831 0.587812
v -3.51385331 0.68154937 0.59563404
v -3.80048036 0.72412574 0.60058391
v -3.81168627 0.53294712 0.62903022
v -3.20139622 0.774181 0.55151307
v -3.4860928 0.79623669 0.56388443
v -3.74908852 0.87816649 0.57019299
v -3.98813891 0.95268404 0.51079893
v -4.02507591 0.76125091 0.53738933
v -3.44855451 0.89331591 0.50939142
v -3.68345618 1.00281679 0.53381365
v -3.94290375 1.10096108 0.47984609
v -4.18976926 1.1182549 0.38776004
v -4.20106506 0.96789509 0.4293403
v -3.63636088 1.071846 0.42927974
v -3.88997626 1.18603301 0.38920155
v -4.1611514 1.20463371 0.30670777
v -4.37406683 1.13406431 0.22776004
v -3.86066269 1.18999052 0.2571209
v -4.12965917 1.22022259 0.19053977
v -4.35183048 1.14698827 0.13296186
v -4.54583358 1.00883889 0.08594044
v -4.54567813 0.99958509 0.17735219
v -4.09881067 1.18109393 0.07348807
v -4.31499767 1.10890352 0.05241024
v -4.49337148 0.97670882 0.02622551
v -4.6107645 0.7565698 0.0085546
v -4.65556144 0.7726854 0.07903388
v -4.64028453 0.77241325 0.1493016
v -4.6384859 0.48666364 0.0293992
v -4.67870426 0.49248218 0.09528275
v -4.65357208 0.51242929 0.17445555
v -4.59951782 0.24623073 0.17300625
v -4.57009363 0.28254586 0.23865468
v -4.42723751 0.09068514 0.21856038
v -4.42657423 0.1395874 0.30660611
v -4.22667598 -0.01419232 0.26679813
v -4.24545764 0.0448806 0.37962397
v -4.24713039 0.16110424 0.4612343
v -3.97582435 0.01218293 0.45244914
v -4.00497102 0.13553199 0.54394251
v -4.0298686 0.30819889 0.57790792
v -4.23226165 0.32920303 0.49834716
v -4.04288291 0.53360086 0.5721991
v -4.21923685 0.54768163 0.49163353
v -4.2113223 0.77060198 0.46195101
v -3.77702188 0.34424209 0.62726795
v -3.73063755 0.19053435 0.5871582
v -3.46453428 0.28953948 0.55318486
v -3.68700838 0.07643009 0.49287188
v -3.44031405 0.2090967 0.47145071
v -3.19720506 0.26129311 0.43290522
v -3.42743349 0.17661368 0.35848599
v -3.19662404 0.22978921 0.33007121
v -2.96651554 0.16507658 0.30547732
v -3.20612382 0.23720371 0.22236152
v -2.97930431 0.16952991 0.17067262
v -2.73514318 0.09585362 0.13987308
v -2.98666453 0.22077533 0.04659838
v -2.73051643 0.15365402 0.00883592
v -2.45920729 0.10447918 -0.00077139
v -2.71806287 0.2577458 -0.08987084
v -2.44650149 0.21382217 -0.10479791
v -2.16512751 0.18577541 -0.09270829
v -2.43482494 0.37119829 -0.16319812
v -2.16514921 0.35230377 -0.15960085
v -1.90329086 0.35907885 -0.14720305
v -2.16853332 0.54200923 -0.17768068
v -1.91839551 0.54444199 -0.16300249
v -1.67758464 0.57141524 -0.15583147
v -1.9235419 0.7118994 -0.1234979
v -1.68931245 0.72934609 -0.114127
v -1.46164047 0.78075391 -0.13056822
v -1.69499409 0.8565979 -0.02287484
v -1.47206115 0.90749186 -0.03386174
v -1.24791586 0.96134525 -0.03996634
v -1.47634637 0.98798489 0.10250548
v -1.25394725 1.03909897 0.0977579
v -1.03154063 1.07432663 0.10239266
v -1.25278437 1.06667006 0.25458985
v -1.0323646 1.0992279 0.25893646
v -0.88077729 1.11156952 0.26480183
v -1.02554822 1.07421898 0.41582328
v -0.88199728 1.08695459 0.4206711
v -0.80398839 1.09836125 0.42617741
v -0.88420844 1.00663852 0.56477052
v -0.80460828 1.01727724 0.58133161
v -0.75670456 1.05351758 0.619897
v -0.82401377 0.88823109 0.69800502
v -0.78455346 0.90915656 0.74822455
v -0.84562438 0.7322101 0.76320511
v -0.81258726 0.73931831 0.81666773
v -0.78877055 0.75263661 0.88442426
v -0.83805179 0.56261205 0.82777434
v -0.80530428 0.56202834 0.90912818
v -0.75401276 0.56986874 1.05586886
v -0.74725389 0.78099024 1.01349854
v -0.65444785 0.59581631 1.26495993
v -0.65427416 0.83705109 1.18729734
v -0.48663982 0.63704454 1.46729016
v -0.47668236 0.91115307 1.35432958
v -0.46858671 1.1322596 1.17391765
v -0.25373181 0.97721213 1.46413803
v -0.25247725 1.21068632 1.2487452
v -0.25257587 1.38477826 1.05512869
v -0.46417158 1.32468938 0.98478037
v -0.24535156 1.524441 0.92530989
v 0 1.39947032 1.10503709
v 0 1.50595152 0.95204746
v 0 1.64509379 0.88311338
v 0 1.25722372 1.29157388
v 0 1.02170205 1.52210462
v -0.26470828 0.67758542 1.60471665
v 0 0.70343607 1.67862391
v -0.2597689 0.34820139 1.63463544
v 0 0.35847935 1.70550191
v -0.26156196 0.03669014 1.59907054
v 0 0.02729568 1.67738521
v -0.27471411 -0.23394972 1.53599512
v 0 -0.25864955 1.61714398
v -0.28935661 -0.47407183 1.45875346
v 0 -0.50118732 1.53876841
v -0.29270902 -0.69771373 1.37554872
v 0 -0.7152943 1.45715081
v -0.27968215 -0.92057389 1.29614639
v 0 -0.92626065 1.3732419
v -0.25541907 -1.15394783 1.22051847
v 0 -1.14998436 1.29597675
v -0.23018993 -1.39650309 1.13837039
v 0 -1.40451455 1.21073567
v -0.21616169 -1.63478779 1.03427183
v 0 -1.66120362 1.11458945
v 0 -1.89167308 1.01618719
v 0 -2.10687136 0.96739286
v 0 -2.31230473 0.95436978
v -0.18984645 -2.55263829 0.95177358
v 0 -2.52697229 0.99271935
v -0.15462689 -2.79656815 0.95476239
v 0 -2.7817378 0.98872697
v -0.13131521 -3.05673837 0.93788838
v 0 -3.03089141 0.96799069
v -0.10715377 -3.3308072 0.90479993
v 0 -3.32619667 0.92803835
v -0.08789622 -3.62958002 0.82580548
v 0 -3.63574767 0.84121364
v -0.07573524 -3.88243794 0.64810359
v 0 -3.89391088 0.65740931
v -0.0925917 -4.0290513 0.35713517
v 0 -4.0406022 0.34994751
v -0.12681169 -4.07310438 0.0119322
v 0 -4.08896017 -0.00467692
v -0.14331738 -3.9985969 -0.33832255
v 0 -3.98460769 -0.3489736
v -0.22332599 -4.06345653 0.03469402
v -0.27428871 -4.02519893 -0.30307823
v -0.30286821 -4.05779695 0.06101955
v -0.38194444 -4.05737447 -0.25810799
v -0.49866262 -3.92844414 -0.50995498
v -0.46253463 -4.1142826 -0.20407022
v -0.61342823 -4.0564599 -0.41860297
v -0.51027703 -4.2001934 -0.13270461
v -0.66689467 -4.19842052 -0.31113308
v -0.82853102 -4.18252039 -0.38654366
v -0.68390274 -4.3248043 -0.18596181
v -0.82183712 -4.336236 -0.23051989
v -0.94863778 -4.33616924 -0.21849145
v -0.96989125 -4.16240072 -0.38725119
v -1.05320012 -4.31474542 -0.15803973
v -1.08868753 -4.13421201 -0.32161569
v -1.1281625 -4.27481889 -0.048905
v -1.17251014 -4.08122921 -0.19685307
v -1.2066698 -3.83037257 -0.35426864
v -1.22088706 -4.01922416 -0.03563774
v -1.26168346 -3.7837789 -0.17141622
v -1.2810564 -3.50621008 -0.27430751
v -1.21538484 -3.5245037 -0.47302711
v -1.28096687 -3.22363185 -0.345447
v -1.20689356 -3.228549 -0.54771828
v -1.26951038 -2.9502542 -0.37358334
v -1.18895077 -2.93351888 -0.56359678
v -1.0197941 -2.93252992 -0.6932255
v -0.74401974 -2.95361375 -0.81543052
v -1.14392364 -2.64074134 -0.51561415
v -0.95909065 -2.66488695 -0.63637071
v -0.70032525 -2.71350932 -0.77753496
v -0.86989516 -2.44447469 -0.59847402
v -0.63053387 -2.49544024 -0.7485454
v -0.31809911 -2.53559637 -0.85295474
v 0 -2.54656148 -0.90498727
v -0.55482411 -2.27280449 -0.74325501
v -0.28696924 -2.30830168 -0.85346508
v 0 -2.32467818 -0.90813982
v -0.25416958 -2.0675137 -0.87129294
v 0 -2.07886934 -0.91976928
v -0.22439588 -1.79372727 -0.88805306
v 0 -1.79472076 -0.9259687
v -0.21665188 -1.49995684 -0.88459003
v 0 -1.49052774 -0.91494607
v -0.22345547 -1.20828533 -0.86802744
v 0 -1.19273304 -0.88998562
v -0.23613232 -0.92121774 -0.84988832
v 0 -0.90063148 -0.86141103
v -0.2525866 -0.63626271 -0.83332157
v 0 -0.61461645 -0.83546727
v -0.27600768 -0.35401937 -0.82026541
v 0 -0.33870077 -0.81497752
v -0.28896457 -0.07664518 -0.79915732
v 0 -0.08095287 -0.78803378
v -0.28658059 0.18908312 -0.75301533
v 0 0.16786751 -0.75512033
v -0.27304017 0.44028043 -0.69854402
v 0 0.41297969 -0.71555328
v -0.24643574 0.67569929 -0.63813138
v 0 0.64659917 -0.66492164
v -0.21721561 0.89318209 -0.57172191
v 0 0.87896716 -0.60512667
v -0.19807915 1.09094655 -0.50801771
v 0 1.08802986 -0.53833437
v -0.19073984 1.27022695 -0.49817562
v 0 1.2751255 -0.50571501
v -0.19990287 1.45065236 -0.56552672
v 0 1.45196676 -0.60281747
v -0.21545973 1.64869201 -0.65419983
v 0 1.64414918 -0.69918412
v -0.24325218 1.86040175 -0.73472207
v 0 1.86325204 -0.7872219
v -0.27694368 2.06760549 -0.80018067
v 0 2.07186555 -0.85331946
v -0.30380803 2.27532696 -0.84886479
v 0 2.27803659 -0.89963805
v -0.32095125 2.48857045 -0.87034553
v 0 2.4860754 -0.91927892
v -0.32782217 2.69835901 -0.85343337
v 0 2.69538354 -0.90544629
v -0.32172626 2.89758873 -0.79580235
v 0 2.89974474 -0.85148257
v -0.3001928 3.07992625 -0.69958168
v 0 3.08800387 -0.75208795
v -0.28295868 3.23059964 -0.5685085
v 0 3.24713301 -0.61098456
v -0.27719396 3.34164977 -0.40360754
v 0 3.36301875 -0.44230282
v -0.27853873 3.40668869 -0.21879112
v 0 3.42747402 -0.26780006
v -0.27484682 3.43503022 0.02378974
v 0 3.4612143 0.00362815
v -0.26052478 3.43674039 0.28132915
v 0 3.44289994 0.26104509
v -0.23114983 3.41045141 0.56926071
v 0 3.4030261 0.5408374
v -0.18503268 3.35246276 0.90010958
v 0 3.35291481 0.86942517
v -0.14167404 3.187541 1.20968687
v 0 3.19973897 1.18340563
v -0.11989068 3.01460552 1.44476008
v 0 3.04245042 1.44397068
v 0 2.94026923 1.64349174
v 0 2.85848617 1.81803381
v 0 2.82954311 1.90956652
v -0.18595986 2.71158289 1.90897262
v 0 2.74121499 1.97502458
v -0.18615612 2.61478495 1.93473768
v 0 2.63822794 1.9500122
v -0.33467814 2.7047348 1.80925679
v -0.35402259 2.59623956 1.83914816
v -0.35945814 2.4797585 1.85513377
v -0.18222291 2.50981092 1.94490182
v -0.42364993 2.72469568 1.65537917
v -0.46073922 2.60196042 1.68227696
v -0.46591553 2.4637959 1.69742989
v -0.44093987 2.34620475 1.68621444
v -0.33625429 2.37662768 1.82883513
v -0.52510649 2.63790106 1.49305069
v -0.54237741 2.47344279 1.52423083
v -0.55967539 2.70839428 1.28005814
v -0.6088075 2.52458953 1.33907747
v -0.59511047 2.82367539 1.04052555
v -0.69341683 2.60310339 1.11899137
v -0.79614836 2.70468282 0.89241135
v -0.83701014 2.44417786 0.95122617
v -0.73860782 2.22206616 0.96835488
v -0.93866229 2.79506778 0.63838982
v -0.97197347 2.47140288 0.73909026
v -0.88289958 2.20491004 0.76519435
v -0.74220478 2.00071287 0.75505095
v -1.05695533 2.46790027 0.52790248
v -0.98871451 2.17982578 0.56053388
v -0.8825488 1.95181584 0.56205958
v -0.78852176 1.77268993 0.54230803
v -1.07056081 2.15491032 0.35635942
v -0.97434544 1.92403101 0.36471736
v -0.86928868 1.71544539 0.37479966
v -1.01409292 1.88792049 0.18556077
v -0.89543628 1.67281055 0.2073321
v -0.97740137 1.8712635 0.01257177
v -0.86815112 1.6554352 0.04196034
v -0.78871089 1.46098125 0.06724005
v -0.78915751 1.66147732 -0.11294911
v -0.71991396 1.45794415 -0.08436022
v -0.68838059 1.31755936 -0.06961489
v -0.63465762 1.45556342 -0.22868496
v -0.60769236 1.28737831 -0.20779427
v -0.52867817 1.4534775 -0.36659637
v -0.51137995 1.27287268 -0.3265689
v -0.383109 1.4516735 -0.48542881
v -0.3698413 1.26828277 -0.43214136
v -0.38784277 1.09575092 -0.43494343
v -0.42571586 0.91998875 -0.48466166
v -0.46754679 0.71232122 -0.55887478
v -0.49865999 0.47247511 -0.63608992
v -0.52032172 0.21442848 -0.70940083
v -0.52151143 -0.08070159 -0.75892895
v -0.69620847 -0.09680653 -0.62722349
v -0.49586576 -0.37768653 -0.78188276
v -0.66502112 -0.39819791 -0.65575313
v -0.77252584 -0.41537645 -0.462482
v -0.80963128 -0.11802704 -0.41649079
v -0.85104596 -0.44342914 -0.23148709
v -0.88205522 -0.18751201 -0.18620167
v -0.93200177 -0.50523644 0.02722405
v -0.94755137 -0.27731952 0.06615687
v -0.95034432 -0.10262087 0.1045162
v -0.97212231 -0.34931683 0.3282428
v -0.95265001 -0.00068737 0.13229759
v -0.95655119 0.05155096 0.14935216
v -0.91394257 0.154219 -0.03076764
v -0.94044596 0.19489507 -0.00162921
v -0.89863604 0.34386035 -0.13012903
v -0.86347889 0.31963443 -0.16415567
v -0.97207665 0.10607824 0.16526976
v -1.01760721 0.13219085 0.16906356
v -0.99068594 0.2159098 0.00733882
v -0.97942274 0.07845828 0.33789449
v -1.02429139 0.10868203 0.33423003
v -1.07796835 0.11150768 0.33325281
v -1.07596528 0.1344652 0.16802011
v -0.96781224 0.12044548 0.49704006
v -1.01302754 0.15253463 0.4843513
v -1.06990134 0.1569949 0.48514276
v -1.16828405 0.13967707 0.49104493
v -1.17167902 0.09661958 0.33567047
v -0.98744511 0.26550418 0.61323672
v -1.05473578 0.26850026 0.6087383
v -1.16567504 0.24851104 0.61406171
v -1.36417782 0.19304269 0.61722469
v -1.34753036 0.09301458 0.49680021
v -1.03355038 0.41485673 0.69773185
v -1.16488611 0.39283874 0.70107615
v -1.38409662 0.32949319 0.69990855
v -1.64303267 0.26241591 0.68933063
v -1.6241821 0.12077266 0.60425734
v -1.17381215 0.55399102 0.74524599
v -1.40492868 0.49197354 0.74711501
v -1.65674257 0.43356543 0.7427597
v -1.91916775 0.41890516 0.73253661
v -1.92157828 0.242897 0.67212027
v -1.4247328 0.66113454 0.73724931
v -1.66949248 0.61281281 0.73538577
v -1.91931009 0.59816175 0.72784817
v -2.17286109 0.61454284 0.72450512
v -2.17857098 0.43940228 0.72827512
v -1.6803236 0.76882356 0.67317444
v -1.92088353 0.7547481 0.66495025
v -2.16885161 0.77174919 0.66142296
v -2.42007875 0.79535371 0.65859884
v -2.42817235 0.6406154 0.7217347
v -1.92226481 0.87388819 0.55459141
v -2.16444277 0.89400559 0.5519517
v -2.41333627 0.91647714 0.5484178
v -2.66953444 0.92017048 0.53659719
v -2.6783905 0.8077411 0.64093536
v -2.16012954 0.97022497 0.40762299
v -2.4089992 0.99095809 0.40423315
v -2.66430068 0.99040031 0.40088459
v -2.92082881 0.96035003 0.3931553
v -2.92710495 0.8960306 0.50882059
v -2.40786075 1.01091051 0.2447175
v -2.66416645 1.00980925 0.24905996
v -2.92006826 0.98036307 0.25877443
v -3.17048811 0.93462705 0.27856931
v -3.1759727 0.91588473 0.39090389
v -2.66789794 0.97494697 0.09769913
v -2.92514228 0.95316511 0.12089666
v -3.17431974 0.91159761 0.16468651
v -3.40951085 0.93156844 0.19136254
v -3.4069662 0.95885878 0.30058538
v -2.93294429 0.87044054 0.00330314
v -3.18636488 0.84486043 0.06542116
v -3.42474961 0.86445605 0.10128942
v -3.63210701 0.95278751 0.05900573
v -3.61623525 1.04300427 0.16894662
v -3.20152974 0.73856407 0.00049469
v -3.44908785 0.75453573 0.05661154
v -3.66818928 0.80637395 0.00965356
v -3.87570071 0.86316704 -0.0477899
v -3.84583854 1.04091703 -0.00171924
v -3.46523523 0.62635099 0.05834325
v -3.70472526 0.63617301 0.0310841
v -3.91309809 0.65510404 -0.0325648
v -4.09931755 0.67238235 -0.08371146
v -4.07445859 0.89360427 -0.0893036
v -3.71076035 0.45587277 0.0451098
v -3.92432117 0.43518319 -0.01909137
v -4.11931133 0.44425565 -0.06663903
v -3.91025424 0.23390506 -0.0145638
v -4.13806009 0.23939052 -0.04247396
v -3.90833926 0.07535607 0.05697995
v -4.16898155 0.09397069 0.03179052
v -3.92392063 -0.01941574 0.18026696
v -4.20263481 0.01335484 0.14159466
v -4.40074777 0.10453153 0.12187262
v -4.55745458 0.24763532 0.08985704
v -3.94613838 -0.03794956 0.32131463
v -3.64703822 0.05361815 0.2223173
v -3.65667843 0.03274129 0.36201533
v -3.43153238 0.19128724 0.24752026
v -3.65204787 0.14475181 0.10235341
v -3.44897198 0.25706481 0.16404235
v -3.21960449 0.28009077 0.1225681
v -3.4636538 0.36352944 0.11059053
v -3.2278912 0.36754995 0.04022098
v -2.98098039 0.31652733 -0.04642188
v -3.22711181 0.48466044 -0.00915959
v -2.96629548 0.4456948 -0.09993043
v -2.70158648 0.40290933 -0.14654384
v -2.95131778 0.5950855 -0.11232936
v -2.68747282 0.5750541 -0.1580327
v -2.42627525 0.55538886 -0.17799121
v -2.6795578 0.74662447 -0.12255013
v -2.42073154 0.73743277 -0.14231368
v -2.16797518 0.72108107 -0.14089147
v -2.414747 0.88270306 -0.04802333
v -2.16284561 0.86372125 -0.04754659
v -1.92384088 0.84496098 -0.03008011
v -2.15903067 0.95553857 0.08985272
v -1.92286157 0.93099117 0.10226541
v -1.69544804 0.93718928 0.10935163
v -1.92178869 0.96357756 0.25613528
v -1.69410026 0.96752786 0.26101276
v -1.47478532 1.01862895 0.2584795
v -1.69149935 0.95000296 0.41654974
v -1.46752929 0.99675411 0.41872295
v -1.24405658 1.04497516 0.41510516
v -1.45585215 0.92702591 0.56375539
v -1.22858655 0.97472506 0.56032353
v -1.01471781 0.99786657 0.55734098
v -1.20955085 0.8584612 0.67001748
v -1.00859808 0.87949222 0.66680318
v -0.8934887 0.88314658 0.67497879
v -1.0102359 0.73186504 0.73110944
v -0.90919387 0.73272413 0.73695367
v -1.01865935 0.57328087 0.74308371
v -0.92692858 0.57310193 0.74811857
v -0.86765629 0.56666153 0.77705079
v -0.95641887 0.41432827 0.70346158
v -0.90082633 0.39954063 0.73533743
v -0.87470942 0.38420569 0.79015022
v -0.93945115 0.24367758 0.64282226
v -0.83808165 0.36728072 0.88158989
v -0.80873775 0.1321944 0.99906152
v -0.7667607 0.34914994 1.05077648
v -0.66636472 0.09286469 1.23307585
v -0.64892149 0.34003755 1.27548515
v -0.48665422 0.05853923 1.44463205
v -0.47925782 0.34011685 1.48496687
v -0.69472426 -0.14038921 1.17324209
v -0.5068019 -0.19093927 1.37862777
v -0.70752751 -0.36756101 1.10967361
v -0.52415204 -0.42633676 1.30465877
v -0.69918912 -0.60450196 1.03547954
v -0.52119875 -0.661031 1.22444629
v -0.66830295 -0.84478783 0.95334303
v -0.49585211 -0.89679825 1.14169251
v -0.62425816 -1.07899594 0.86809605
v -0.45536771 -1.13202703 1.06152308
v -0.58038973 -1.30068326 0.78240567
v -0.41856643 -1.36118435 0.97355735
v -0.5585007 -1.52866578 0.70716309
v -0.40054833 -1.58993542 0.88425582
v -0.58076387 -1.75766015 0.66085547
v -0.72946512 -1.6718471 0.49218547
v -0.77131813 -1.87062633 0.4775089
v -0.70757132 -1.4557259 0.52400916
v -0.82343447 -1.38334798 0.33005896
v -0.83729177 -1.60349416 0.30406254
v -0.73061543 -1.23124098 0.58760976
v -0.84980762 -1.15526568 0.38325133
v -0.90298759 -1.07842147 0.16522589
v -0.88037359 -1.31888783 0.12104836
v -0.77935338 -1.00736916 0.66916006
v -0.89747315 -0.92059695 0.45702591
v -0.94232338 -0.83174282 0.22916251
v -0.90686959 -0.75437516 -0.01424173
v -0.88467472 -1.01171958 -0.06082662
v -0.92600381 -0.67618006 0.53075265
v -0.96663385 -0.58474582 0.29011884
v -0.93661356 -0.43055713 0.58597606
v -0.81859701 -0.771205 0.75118613
v -0.8420574 -0.52740579 0.82538086
v -0.85372155 -0.29362338 0.88190263
v -0.84941631 -0.08413194 0.9219954
v -0.81790274 -0.97296357 -0.28464281
v -0.81934028 -1.2408483 -0.30339554
v -0.87574589 -1.26770341 -0.09408544
v -0.8258388 -0.70657479 -0.25723058
v -0.74464833 -0.69114631 -0.4787746
v -0.73144948 -0.96469801 -0.49377346
v -0.61453318 -0.96245151 -0.67510998
v -0.60416287 -1.24086785 -0.67851841
v -0.72837454 -1.23795223 -0.50189626
v -0.63543486 -0.68263655 -0.66732955
v -0.46769684 -0.66481769 -0.78980726
v -0.44713518 -0.94880104 -0.79702329
v -0.43330025 -1.23229694 -0.80530953
v -0.4294815 -1.51352334 -0.80956453
v -0.60768204 -1.51228916 -0.67322349
v -0.44499343 -1.78519165 -0.79892259
v -0.63512581 -1.76565516 -0.65156287
v -0.77287763 -1.74692893 -0.47091245
v -0.74032813 -1.50174391 -0.49508866
v -0.86300033 -1.74180054 -0.28225594
v -0.83320552 -1.49812185 -0.30174812
v -0.91228771 -1.75066411 -0.09377846
v -0.88480925 -1.51379239 -0.10373724
v -0.92247682 -1.77230072 0.09751001
v -0.88918435 -1.55040395 0.10111559
v -0.87634748 -1.8097223 0.29454785
v -1.01536035 -1.98206985 0.11627106
v -0.96918618 -1.99390494 0.32347935
v -0.87005949 -2.02122831 0.52137076
v -1.10531437 -2.18416357 0.39605116
v -0.99722385 -2.16165351 0.6174519
v -0.83862906 -2.18321967 0.78355187
v -1.06784057 -2.37836599 0.68397378
v -0.93541282 -2.34828519 0.85200935
v -0.78159302 -2.35659098 0.95704001
v -0.68341094 -2.25459671 0.89280557
v -0.56372958 -2.38159489 0.91461819
v -0.47313633 -2.58007407 0.91753977
v -0.40519657 -2.58116459 0.88894712
v -0.43198111 -2.84020924 0.93270808
v -0.35454586 -2.82791709 0.88956004
v -0.26946947 -2.8160994 0.91757243
v -0.3241091 -2.57582163 0.91019374
v -0.34086704 -3.09179687 0.8949725
v -0.23989857 -3.07571435 0.90467572
v -0.21238541 -3.34382271 0.87786227
v -0.17861338 -3.63217997 0.81223505
v -0.14834304 -3.8777337 0.64772647
v -0.23527073 -4.02026987 0.38640424
v -0.16920921 -4.01834678 0.3678523
v -0.26529577 -4.06422615 0.41386231
v -0.35655877 -4.10287523 0.09614956
v -0.25598809 -4.12789821 0.43499937
v -0.37607356 -4.17639446 0.13484472
v -0.23809483 -4.23016738 0.45493328
v -0.36907741 -4.26751661 0.16743268
v -0.53167289 -4.29940986 -0.0536683
v -0.35609749 -4.39043903 0.18760934
v -0.53043955 -4.42864179 0.00764616
v -0.67970019 -4.46005916 -0.08025657
v -0.49610102 -4.61239671 0.03078465
v -0.64556103 -4.63873148 -0.0447427
v -0.78190243 -4.66193771 -0.07916723
v -0.80741208 -4.48203754 -0.11259033
v -0.90760296 -4.67922925 -0.07651314
v -0.92691063 -4.49443292 -0.10873558
v -1.02790963 -4.68600606 -0.03542564
v -1.0344522 -4.49205637 -0.06154738
v -1.12519204 -4.67926502 0.05570993
v -1.12171733 -4.47352647 0.03129713
v -1.18450701 -4.66455602 0.18611253
v -1.18319261 -4.4488039 0.16453658
v -1.17825579 -4.23386907 0.09501703
v -1.21907937 -4.42464971 0.34193077
v -1.21376633 -4.19975614 0.27890783
v -1.24307751 -3.96628141 0.17096565
v -1.22526335 -4.17556142 0.52836763
v -1.24314069 -3.92699313 0.44034421
v -1.28718614 -3.684345 0.34280866
v -1.28983187 -3.73065042 0.05885105
v -1.31252896 -3.43351316 0.258892
v -1.3124113 -3.47371387 -0.0327701
v -1.31024754 -3.18260622 0.20350961
v -1.31207501 -3.20983266 -0.09703608
v -1.2910012 -2.94168567 0.17455025
v -1.29630351 -2.9592669 -0.12921387
v -1.26430153 -2.70253586 0.16162222
v -1.27202904 -2.70391297 -0.12678517
v -1.24609911 -2.66914892 -0.35168358
v -1.23344719 -2.4388678 -0.09281024
v -1.18961179 -2.39518761 -0.28917709
v -1.05456626 -2.39241719 -0.44748777
v -1.06760036 -2.17822337 -0.25171509
v -0.93773692 -2.19959449 -0.42385992
v -0.77187681 -2.23272562 -0.59536445
v -0.83162492 -1.98277247 -0.43990123
v -0.69074505 -2.00360775 -0.61837971
v -0.4913145 -2.03676128 -0.76777613
v -0.93008929 -1.97378647 -0.2581273
v -1.15400254 -2.17871165 -0.06703218
v -0.9985792 -1.97229206 -0.07562229
v -1.16095471 -2.19320368 0.15123261
v -1.22279715 -2.44797015 0.15888185
v -1.16970026 -2.42283988 0.44054436
v -1.20741605 -2.66959214 0.47214239
v -1.10802638 -2.62901902 0.72722381
v -1.23689115 -2.91011405 0.49077111
v -1.13552594 -2.88462424 0.7510612
v -1.01025903 -2.85546517 0.93030607
v -0.98880672 -2.59086012 0.89999604
v -0.88014793 -2.82911872 1.04030287
v -0.85763114 -2.56048059 1.00728309
v -1.00717055 -3.11581087 0.95179009
v -0.87783676 -3.0986278 1.07114005
v -0.73875683 -3.08712077 1.12642204
v -0.85544145 -3.36326718 1.11555159
v -0.70900464 -3.36299157 1.17053473
v -0.56714016 -3.37250232 1.14151859
v -0.60508972 -3.08865022 1.10118007
v -0.48852953 -3.11053967 1.02439916
v -0.40553584 -3.10469269 0.94843584
v -0.66035968 -3.63845491 1.22597992
v -0.50260901 -3.64933037 1.20429778
v -0.6216368 -3.92127251 1.28233289
v -0.45959565 -3.93082952 1.25371813
v -0.61361277 -4.243474 1.3104937
v -0.44586622 -4.24989175 1.26509463
v -0.30910024 -4.23992967 1.15177202
v -0.44867479 -4.58355903 1.2087897
v -0.31090134 -4.5527091 1.08989524
v -0.21693901 -4.50119352 0.92171138
v -0.22266478 -4.22007608 0.98824477
v -0.18519425 -4.43192386 0.71147584
v -0.19161969 -4.20647764 0.74912327
v -0.22276353 -4.37483692 0.44904401
v -0.19257582 -4.68701791 0.60759222
v -0.22443559 -4.61224508 0.39401069
v -0.33460432 -4.59124612 0.17851211
v -0.24461521 -4.87991428 0.29286083
v -0.32914102 -4.83884 0.13102088
v -0.4620302 -4.83033275 0.00666637
v -0.35531449 -5.09588956 0.04897437
v -0.45665326 -5.07007551 -0.04618322
v -0.5801717 -5.0632615 -0.1002253
v -0.60418951 -4.84082508 -0.06272952
v -0.70946455 -5.07195568 -0.12413985
v -0.74490028 -4.86006259 -0.09396121
v -0.8423556 -5.09288454 -0.11369769
v -0.87910211 -4.88105583 -0.08657203
v -0.96815687 -5.11599731 -0.06845839
v -1.00598323 -4.8935523 -0.043506
v -1.07204461 -5.13378763 0.01263412
v -1.10998296 -4.89926815 0.04366973
v -1.14193487 -5.14429378 0.12374276
v -1.1697514 -4.9004054 0.16738179
v -1.17293965 -5.15702199 0.25224676
v -1.19392907 -4.90344095 0.31126105
v -1.21225452 -4.65380621 0.35121917
v -1.18757879 -4.92443037 0.47409567
v -1.2046355 -4.66758871 0.54604119
v -1.21831643 -4.41890907 0.5685594
v -1.15612268 -4.72073984 0.75178778
v -1.16767001 -4.45010376 0.81495273
v -1.18143212 -4.17049455 0.80037188
v -1.07517039 -4.49474716 1.02170586
v -1.08429133 -4.18103694 1.02281367
v -1.09694361 -3.89007568 0.95863366
v -1.19701993 -3.89964032 0.72252202
v -1.11216485 -3.62293076 0.87816649
v -1.22801625 -3.64369225 0.63091218
v -1.1316967 -3.37429976 0.8118931
v -1.25494086 -3.39548111 0.55737268
v -1.14356732 -3.13302159 0.77169311
v -1.25730752 -3.15165853 0.51258826
v -0.99178469 -3.36726832 0.99602198
v -0.97225552 -3.62357473 1.06293833
v -0.82071268 -3.63077163 1.17879509
v -0.95668619 -3.89541554 1.13306522
v -0.79453516 -3.90828132 1.2417382
v -0.94961261 -4.20302152 1.18562305
v -0.78995299 -4.22487258 1.28364884
v -0.9485917 -4.5407238 1.17002344
v -0.79243457 -4.57433748 1.25484848
v -0.6181209 -4.5907402 1.2685163
v -0.79096746 -4.90241146 1.11790883
v -0.62079125 -4.91508007 1.12431228
v -0.45528945 -4.89551687 1.07010841
v -0.62656992 -5.1786251 0.91949349
v -0.46924603 -5.15613412 0.87266439
v -0.33694788 -5.10600185 0.77678787
v -0.31751129 -4.84561252 0.95785474
v -0.25279703 -5.03036499 0.63899475
v -0.22660651 -4.77224683 0.80132967
v -0.22083778 -4.94654226 0.47071349
v -0.29731735 -5.27403593 0.46701356
v -0.26968571 -5.20309591 0.32383352
v -0.2881388 -5.14219903 0.17802014
v -0.33371931 -5.45379257 0.18258182
v -0.34922975 -5.39974021 0.05833143
v -0.40725573 -5.3548522 -0.04516271
v -0.41996431 -5.66058254 -0.05146696
v -0.45568442 -5.62933111 -0.15140211
v -0.51556378 -5.60226488 -0.23109106
v -0.48712596 -5.32628917 -0.11785894
v -0.59935933 -5.580554 -0.27593383
v -0.58345109 -5.30949878 -0.16445076
v -0.69768273 -5.57395219 -0.28446093
v -0.69446212 -5.30630016 -0.17960453
v -0.79722458 -5.57873582 -0.25874638
v -0.81015855 -5.31809854 -0.16610886
v -0.90115809 -5.58970832 -0.20410569
v -0.92777025 -5.34252691 -0.12079256
v -1.00162708 -5.61655187 -0.12386024
v -1.03541767 -5.37015676 -0.04045634
v -1.07530999 -5.64680242 -0.02728738
v -1.11218619 -5.39222812 0.06095
v -1.11959147 -5.67226457 0.06920373
v -1.14938938 -5.41769981 0.16779947
v -1.12813377 -5.70092344 0.16977374
v -1.15192318 -5.44869375 0.27558827
v -1.16944623 -5.18412494 0.38071665
v -1.12051451 -5.48131847 0.37521687
v -1.13478708 -5.22812318 0.50109744
v -1.14647328 -4.97725582 0.63487517
v -1.05930566 -5.28715086 0.60671466
v -1.06415236 -5.0516262 0.76941388
v -1.06989204 -4.79423427 0.92502361
v -0.94252681 -5.12215042 0.86416155
v -0.94546675 -4.8588376 1.05051541
v -0.79146385 -5.16726398 0.91649884
v -0.94364005 -5.34410429 0.68353837
v -0.80077213 -5.38555002 0.72625529
v -0.64547777 -5.39931201 0.72546947
v -0.81515818 -5.58914947 0.56150692
v -0.67431318 -5.60148859 0.55912965
v -0.5389108 -5.59007358 0.51053714
v -0.4978789 -5.38321352 0.67819321
v -0.42992678 -5.55728244 0.42311033
v -0.37729373 -5.33960104 0.58918213
v -0.35911038 -5.50827026 0.307374
v -0.49065184 -5.76134634 0.29008522
v -0.42952859 -5.73356485 0.18065545
v -0.40631052 -5.69910717 0.06218286
v -0.4692713 -5.96363306 0.12104552
v -0.44740882 -5.95149469 0.00152867
v -0.45745062 -5.94039869 -0.11286528
v -0.45122826 -6.21168994 0.01701402
v -0.46683976 -6.22032356 -0.09500763
v -0.51118445 -6.22850275 -0.19252228
v -0.49052399 -5.92838001 -0.21802558
v -0.57528895 -6.23472976 -0.26618495
v -0.54639399 -5.91647958 -0.29958197
v -0.65660715 -6.2350254 -0.31570163
v -0.62739151 -5.90570974 -0.3511852
v -0.74960112 -6.22847414 -0.33262002
v -0.71851539 -5.89742374 -0.36429828
v -0.84420794 -6.21714878 -0.31534084
v -0.8176732 -5.89174032 -0.33765131
v -0.93210375 -6.20623827 -0.26690608
v -0.91028404 -5.88909673 -0.27669507
v -1.01238 -6.19760847 -0.19926105
v -0.99262797 -5.89415979 -0.1976445
v -1.08021068 -6.19387435 -0.11679288
v -1.06548297 -5.90908336 -0.10321638
v -1.1170454 -6.19497871 -0.0204076
v -1.10358226 -5.92678356 -0.00460547
v -1.1099267 -6.197999 0.07632859
v -1.103603 -5.94528436 0.09446181
v -1.0676676 -6.20226097 0.16669094
v -1.06353008 -5.96112918 0.17818237
v -1.09230399 -5.72785139 0.25897398
v -0.9950816 -5.97227239 0.24795931
v -1.02268981 -5.74930477 0.33109644
v -1.05111742 -5.51878452 0.46227839
v -0.92948705 -5.76866531 0.38612598
v -0.94583314 -5.55866146 0.52588027
v -0.81772553 -5.78316736 0.41814196
v -0.90961724 -5.98096561 0.30132535
v -0.81175971 -5.98668813 0.33229595
v -0.70685559 -5.98800993 0.33357533
v -0.69813078 -5.78799104 0.41591069
v -0.60690897 -5.98375177 0.29650968
v -0.5829975 -5.78021574 0.37209993
v -0.5241521 -5.97501802 0.2219686
v -0.60500687 -6.20226478 0.29438585
v -0.5246396 -6.2018342 0.22285035
v -0.4716461 -6.2046256 0.12587532
v -0.51461845 -6.44036531 0.26591756
v -0.46353247 -6.45414066 0.17418439
v -0.44475013 -6.47140979 0.07033279
v -0.46286466 -6.70532894 0.23535864
v -0.44544056 -6.72654151 0.13238596
v -0.45830687 -6.74844741 0.02752524
v -0.46067413 -6.49009561 -0.03584916
v -0.50159013 -6.76903963 -0.06927985
v -0.50567847 -6.50713729 -0.13031782
v -0.57289195 -6.78555965 -0.14916397
v -0.5762757 -6.52001047 -0.20753946
v -0.66474038 -6.79571342 -0.20107238
v -0.66577494 -6.52593088 -0.2575201
v -0.76757127 -6.79845619 -0.21912659
v -0.76534616 -6.5247817 -0.2754563
v -0.86951798 -6.7942686 -0.20463429
v -0.86570185 -6.51775217 -0.26121947
v -0.9632126 -6.78533697 -0.16310031
v -0.95843392 -6.50762653 -0.21920412
v -1.04164636 -6.77316331 -0.09885118
v -1.03841459 -6.49619674 -0.15593227
v -1.09621238 -6.75852918 -0.01806694
v -1.09816181 -6.48519802 -0.07820705
v -1.12178897 -6.74152278 0.07277144
v -1.12859821 -6.47421407 0.01435164
v -1.11015296 -6.72308206 0.16642426
v -1.11957132 -6.4640479 0.11047663
v -1.06429588 -6.70472908 0.25332716
v -1.07333612 -6.45520782 0.19970747
v -0.99226474 -6.68909359 0.32632169
v -0.99974495 -6.44716787 0.27427434
v -0.99778473 -6.20529794 0.24066369
v -0.90845716 -6.43975162 0.33041653
v -0.90979778 -6.20668458 0.29690623
v -0.80546569 -6.43349838 0.36355418
v -0.80993133 -6.20620489 0.32997086
v -0.69790101 -6.43023443 0.36639872
v -0.70440566 -6.20420551 0.33103716
v -0.59621202 -6.43211078 0.33350095
v -0.69451594 -6.66846752 0.4236857
v -0.59352415 -6.67361545 0.39252615
v -0.51345413 -6.686728 0.32589417
v -0.59902501 -6.91637229 0.45223024
v -0.5182302 -6.93005704 0.38669589
v -0.46835935 -6.94905328 0.29574129
v -0.5334174 -7.15785169 0.4297586
v -0.48627707 -7.18070411 0.34046578
v -0.47369408 -7.20610141 0.24643313
v -0.45362925 -6.9717822 0.19379054
v -0.49187615 -7.23217439 0.15684311
v -0.46672433 -6.99604702 0.09278708
v -0.53272151 -7.25892972 0.07509956
v -0.51120579 -7.01981258 0.00097978
v -0.59459281 -7.28152275 0.01244102
v -0.57824903 -7.04030323 -0.07466185
v -0.67648011 -7.29878377 -0.02850272
v -0.66680032 -7.05436754 -0.12490391
v -0.76687568 -7.30826759 -0.04195924
v -0.76679319 -7.0601387 -0.14290079
v -0.85725516 -7.30771493 -0.02604767
v -0.86586695 -7.0574131 -0.127724
v -0.94079762 -7.29864263 0.0119835
v -0.95415431 -7.04712247 -0.08423723
v -1.00771939 -7.28059434 0.06918421
v -1.02730536 -7.0320959 -0.02216781
v -1.0567851 -7.25560569 0.13925345
v -1.08047986 -7.01326036 0.05453398
v -1.08334982 -7.22617149 0.2158378
v -1.1042875 -6.99061632 0.14058829
v -1.07908701 -7.19611167 0.29388353
v -1.09366464 -6.96609592 0.22913457
v -1.04278659 -7.17070722 0.36643001
v -1.05081105 -6.94389009 0.31100738
v -0.98341435 -7.15117073 0.42788949
v -0.985318 -6.92698144 0.37998378
v -0.90804392 -7.13710928 0.47446954
v -0.90283697 -6.91529512 0.43585699
v -0.90266495 -6.67784261 0.38284659
v -0.80432796 -6.90888834 0.47439664
v -0.80134183 -6.6706562 0.41792681
v -0.69912391 -6.90894699 0.48261568
v -0.81625819 -7.13080596 0.50685322
v -0.71433043 -7.13342905 0.51652109
v -0.61373484 -7.14179754 0.49261313
v -0.72932148 -7.32923507 0.55079859
v -0.62828862 -7.33869457 0.52496242
v -0.54812246 -7.35998725 0.46526923
v -0.6243183 -7.49285984 0.57634663
v -0.53599208 -7.51909065 0.52621752
v -0.47644111 -7.56196641 0.4552823
v -0.50063234 -7.39102172 0.38596826
v -0.44169846 -7.62892246 0.37469431
v -0.48544165 -7.43094635 0.29977145
v -0.44514775 -7.70164156 0.28157559
v -0.50065761 -7.46681308 0.21825775
v -0.47014021 -7.7753067 0.1945699
v -0.54196745 -7.50466489 0.14119203
v -0.52486223 -7.84732675 0.12477383
v -0.59766161 -7.53538608 0.08499714
v -0.61964625 -7.90235757 0.09589959
v -0.67105424 -7.56320858 0.05374269
v -0.73371094 -7.93073034 0.09632922
v -0.75625896 -7.58207845 0.04752857
v -0.84350729 -7.92618084 0.13579107
v -0.8409869 -7.5836296 0.07001104
v -0.93655282 -7.89269685 0.18429374
v -0.92098814 -7.56857967 0.10944268
v -1.01412761 -7.83840227 0.23737111
v -0.99064004 -7.53841257 0.1616352
v -1.0797857 -7.75891542 0.31191298
v -1.04446244 -7.50019979 0.22594872
v -1.1176511 -7.67882633 0.38594275
v -1.07931137 -7.45750522 0.29608798
v -1.1260091 -7.60574483 0.46144616
v -1.08566117 -7.41441726 0.36824917
v -1.09554374 -7.55041408 0.52773922
v -1.05455541 -7.37973785 0.43353098
v -1.03329122 -7.51603603 0.57741302
v -0.99843132 -7.35596513 0.48727458
v -0.94683766 -7.50095319 0.60512596
v -0.92337375 -7.34017038 0.52498304
v -0.84378123 -7.49508333 0.61249351
v -0.83248454 -7.33062791 0.54675066
v -0.73222398 -7.48854684 0.6051777
v -0.84719353 -7.59759378 0.72499877
v -0.71535217 -7.59266614 0.70635747
v -0.59179252 -7.58397531 0.6745882
v -0.68506366 -7.62745571 0.84935915
v -0.54058492 -7.6089797 0.8172037
v -0.40843084 -7.60969638 0.7724182
v -0.48324003 -7.59535026 0.62862974
v -0.30027115 -7.66748285 0.72047638
v -0.39592322 -7.64281415 0.5622074
v -0.23799887 -7.77528715 0.67423081
v -0.34557783 -7.7349472 0.48269504
v -0.21864533 -7.90189075 0.63749313
v -0.33465555 -7.85448455 0.40553945
v -0.24024562 -8.03942966 0.61026752
v -0.35493102 -7.97193002 0.35979938
v -0.31670811 -8.17031192 0.60492712
v -0.42031613 -8.09269046 0.32928514
v -0.44658458 -8.25972175 0.62878024
v -0.53281933 -8.18842601 0.32467666
v -0.61071163 -8.30490016 0.66613173
v -0.6762312 -8.23951721 0.34655281
v -0.81325805 -8.3167057 0.69397127
v -0.84131705 -8.23955535 0.37491771
v -1.01271653 -8.27969074 0.70130509
v -0.98715269 -8.17638301 0.39529332
v -1.16615724 -8.2116537 0.69105863
v -1.10231304 -8.08613872 0.40898701
v -1.25724363 -8.09494018 0.69431906
v -1.17512464 -7.96419286 0.44537425
v -1.28256619 -7.96483945 0.72271585
v -1.19967091 -7.84766435 0.51175928
v -1.26107657 -7.8481636 0.77060014
v -1.1920073 -7.75027465 0.58547401
v -1.21001923 -7.75320482 0.82037895
v -1.15397107 -7.67085981 0.65120577
v -1.12027442 -7.69089269 0.86036461
v -1.07813656 -7.61821317 0.70156115
v -0.99162077 -7.66620492 0.87619364
v -0.97085332 -7.60217762 0.72411394
v -0.84340924 -7.65211057 0.86933571
v -0.99472636 -7.71520519 1.06096577
v -0.82748711 -7.67725849 1.04288518
v -0.64721155 -7.63916873 1.01693332
v -0.46258121 -7.63324976 1.19174957
v -0.48774832 -7.6101737 0.98659145
v -0.33639314 -7.6478424 1.19740831
v -0.34669932 -7.61182737 0.96276426
v -0.23156254 -7.71327209 1.19212722
v -0.23460774 -7.6779046 0.94009083
v -0.16855411 -7.82247495 1.18094778
v -0.16937877 -7.79239749 0.91783624
v -0.14441524 -7.94682359 1.17194879
v -0.14397588 -7.92589139 0.89858734
v -0.1639453 -8.08019828 1.16414415
v -0.16351299 -8.06749534 0.8870446
v -0.23235088 -8.20762729 1.15764272
v -0.23676887 -8.19856262 0.88482719
v -0.36545628 -8.2836523 1.14882791
v -0.3745386 -8.28345775 0.90035909
v -0.55542844 -8.29323482 0.92301297
v -0.77455592 -8.30991649 0.9479407
v -0.98839414 -8.28160858 0.97382217
v -1.0726192 -8.23032665 1.25364875
v -1.1573162 -8.23598289 0.98832404
v -1.17287886 -8.15821456 1.29950833
v -1.26323628 -8.14435672 0.99867671
v -1.2186954 -8.0631237 1.3285861
v -1.29733789 -8.0242958 1.0166006
v -1.21828782 -7.96176004 1.34649169
v -1.28849566 -7.91248846 1.0370326
v -1.15998029 -7.87318801 1.33808326
v -1.24058675 -7.81608247 1.05640494
v -1.0625689 -7.81297254 1.30259668
v -1.13675558 -7.75513792 1.06667053
v -0.99204325 -7.91934967 1.54039287
v -0.91696405 -7.84394216 1.48413074
v -0.82284665 -7.91530609 1.67217457
v -0.76697892 -7.83944702 1.60860097
v -0.55064493 -7.76134204 1.56860828
v -0.43828138 -7.78416919 1.59707343
v -0.37387287 -7.71912145 1.41388404
v -0.48549547 -7.69192266 1.39456021
v -0.35125929 -7.83666181 1.61361229
v -0.28082662 -7.77511692 1.41967523
v -0.30571395 -7.91030454 1.60991609
v -0.22687801 -7.8633151 1.41492986
v -0.21376767 -7.97029876 1.40579295
v -0.23872314 -8.08145332 1.39302146
v -0.30812454 -8.18387794 1.38206434
v -0.52201354 -8.22354507 1.53152298
v -0.42834213 -8.25013923 1.36035525
v -0.59921264 -8.19174099 1.66192996
v -0.75260227 -8.21955394 1.5827682
v -0.65172523 -8.14223289 1.74776184
v -0.81174308 -8.16194343 1.65751409
v -0.99720048 -8.16914367 1.52267241
v -0.91883122 -8.22644519 1.4483298
v -0.84862339 -8.09134101 1.70802795
v -1.04105234 -8.09103965 1.56982851
v -0.85234201 -8.00097751 1.71183776
v -1.03487968 -7.99741268 1.57088983
v -0.68417775 -8.07735061 1.79878616
v -0.5304715 -8.03412818 1.8248955
v -0.40790626 -7.97381401 1.75228416
v -1.19088184 0.71289104 0.73541247
v -1.44138443 0.81196361 0.67498904
v -1.6874423 0.88370734 0.55829697
v -1.92243707 0.94499802 0.41202282
v -2.15798163 0.99156057 0.24779474
v -2.40998268 0.97523343 0.08807021
v -2.67349457 0.88579016 -0.03283036
v -2.94122552 0.74614369 -0.07762722
v -3.21616387 0.61387229 -0.0240866
v -3.47179889 0.4868012 0.07425603
v -3.68452048 0.28821533 0.05633084
v -4.07516002 1.07159102 -0.03124587
v -3.84399557 1.14901292 0.12114188
v -3.61681509 1.08257865 0.29835024
v -3.41684842 0.94969385 0.41286516
v -3.18859124 0.85915005 0.48655197
v -2.93595576 0.79524391 0.59347456
v -2.68795657 0.66170787 0.70177501
v -2.4370284 0.47055485 0.7273429
v -2.19021415 0.26924529 0.66663008
v -1.91979801 0.10289971 0.5719189
v -1.60595917 0.02416091 0.48839086
v -1.34404635 0.05623941 0.34635156
v -1.17485702 0.12080606 0.17091859
v -1.0569241 0.21679854 0.00682058
v -0.9505127 0.35535067 -0.12262206
v -0.85635376 0.51153975 -0.19832478
v -0.76969277 0.69810795 -0.23299107
v -0.81710958 0.4935486 -0.22636838
v -0.57358598 1.65834248 -0.42350167
v -0.41444161 1.65174591 -0.56165069
v -0.63504916 1.86540365 -0.47994807
v -0.45881044 1.85737025 -0.62918543
v -0.700558 2.07111215 -0.52996742
v -0.51537495 2.06569218 -0.68543839
v -0.75703936 2.28076291 -0.57560807
v -0.56397193 2.27614116 -0.73129165
v -0.78288894 2.50565886 -0.59659946
v -0.59397131 2.49548363 -0.74921834
v -0.59352785 2.70659303 -0.73318618
v -0.56297081 2.8888719 -0.68705409
v -0.51598417 3.06564307 -0.60862612
v -0.59053707 3.17835855 -0.42311397
v -0.48304891 3.20672464 -0.49099853
v -0.65585142 3.16259121 -0.37514573
v -0.73036879 3.20633149 -0.38434901
v -0.72768414 3.34270548 -0.29131868
v -0.76996642 3.27368998 -0.42096012
v -0.77326571 3.40399766 -0.33538195
v -0.78075814 3.44842314 -0.20106789
v -0.8689875 3.4605658 -0.13176178
v -0.87645787 3.37086105 -0.20743095
v -0.83506929 3.3090856 -0.14950506
v -0.82100206 3.25802564 -0.07037927
v -0.8526346 3.27265811 -0.31269484
v -0.82672542 3.19058871 -0.25061753
v -0.82702964 3.12218046 -0.15006974
v -0.90022802 3.05741357 -0.3293271
v -0.90439277 3.15493106 -0.39543443
v -1.01014816 3.06224203 -0.43249338
v -1.00626015 2.96765875 -0.36150348
v -1.09122359 2.99732708 -0.49035602
v -1.07366561 2.88551855 -0.41997808
v -1.04699635 3.0758574 -0.61617666
v -1.04959642 3.1998527 -0.63680523
v -0.93478316 3.08535122 -0.58044779
v -0.83007866 3.14849662 -0.50311756
v -0.82304787 3.4639523 -0.39202624
v -0.8956753 2.28600287 -0.41384586
v -0.90400046 2.50911235 -0.45111054
v -1.00310599 2.29664516 -0.2545697
v -0.98997265 2.51612043 -0.33138731
v -1.08996903 2.3333013 -0.09052383
v -1.0635302 2.10582685 -0.02335046
v -1.11181771 2.12559056 0.158376
v -1.14743876 2.41123724 0.07069638
v -0.96647709 2.09199619 -0.19240522
v -0.8889414 1.87440609 -0.14947289
v -0.84943598 2.07974052 -0.36460727
v -0.7781986 1.87375402 -0.31480926
v -0.69448894 1.66371607 -0.26715022
v -1.12765193 2.44419956 0.31644973
v -1.02470755 2.78405499 0.4299514
v -0.44825437 2.86116409 1.23804724
v -0.49614033 3.03078174 0.9925313
v -0.36123335 3.0090363 1.23470056
v -0.44018229 3.20179605 0.98855376
v -0.5488621 3.31541204 0.66755569
v -0.33236807 3.31972599 0.95358061
v -0.41430085 3.37999868 0.61754554
v -0.47352516 3.40377521 0.31240752
v -0.62599474 3.35011291 0.34567159
v -0.26503181 3.12561297 1.23387396
v -0.35448765 2.8780632 1.4544543
v -0.24024254 2.96310448 1.45180892
v -0.45567876 2.77364158 1.46483278
v -0.30251595 2.29681658 1.78454899
v -0.15747933 2.33900761 1.86511814
v -0.17348928 2.41136622 1.91532027
v 0 2.38134861 1.87245643
v 0 2.4505279 1.91192269
v 0 2.53116655 1.93637645
v 0 2.32656669 1.79770207
v 0 2.33348512 1.7013967
v 0 2.34210419 1.55671095
v -0.11478352 2.24540352 1.46555423
v 0 2.26723098 1.45178806
v -0.09847215 2.12993812 1.45452535
v 0 2.12738323 1.44325983
v -0.19419492 2.12502598 1.45856642
v -0.2077806 2.22559166 1.46186423
v -0.24970719 2.0476551 1.56881392
v -0.29272413 2.00279355 1.58284735
v -0.17972204 1.94904148 1.69010472
v -0.17649385 2.00152945 1.70398819
v 0 1.90014576 1.78904533
v 0 1.98752164 1.81221199
v -0.16322766 1.88882529 1.65215551
v 0 1.83325934 1.72035157
v -0.27432963 1.93180096 1.54568016
v -0.13474308 -3.28078246 -1.25081443
v -0.09172324 -3.20625686 -1.25880527
v -0.08552944 -3.22381663 -1.51377999
v -0.12485185 -3.31378412 -1.50790751
v 0 -3.17125582 -1.2544769
v 0 -3.18161082 -1.51401126
v 0 -3.18517375 -1.78020143
v -0.09346012 -3.234905 -1.77631282
v -0.0989144 -3.2537682 -2.03978824
v -0.14316062 -3.35869789 -2.03105092
v -0.13664192 -3.33676314 -1.76771092
v 0 -3.20125865 -2.04426574
v 0 -3.22154593 -2.30798578
v -0.10329164 -3.27902221 -2.30366945
v -0.10194937 -3.30031704 -2.56863498
v -0.13962438 -3.40178179 -2.56129932
v -0.14269036 -3.38184475 -2.29590988
v 0 -3.24448895 -2.57256126
v 0 -3.269737 -2.83759903
v -0.09413038 -3.32033896 -2.83406496
v -0.0877188 -3.34552097 -3.09929919
v -0.12780869 -3.43955969 -3.09173917
v -0.13515526 -3.41949987 -2.8268907
v 0 -3.30073642 -3.10291242
v 0 -3.33395886 -3.36812758
v -0.07960031 -3.37543463 -3.36403775
v -0.07916956 -3.40415072 -3.6262319
v -0.11743625 -3.48807978 -3.61823988
v -0.11634403 -3.46277022 -3.35571146
v 0 -3.36751794 -3.62985801
v 0 -3.36763691 -3.87916946
v -0.09249899 -3.41001248 -3.87499499
v -0.10107123 -3.42057943 -4.08757066
v -0.14925077 -3.51738047 -4.07863187
v -0.13569311 -3.50387787 -3.86739182
v 0 -3.37105464 -4.09148407
v 0 -3.40223026 -4.25846147
v -0.09333802 -3.446074 -4.25790786
v -0.13865143 -3.53214764 -4.25508499
v -0.14070004 -3.62764167 -4.25064468
v -0.14849385 -3.62377786 -4.07151699
v -0.0925063 -3.71114802 -4.24471664
v -0.09964991 -3.71826171 -4.06727218
v -0.0912585 -3.70050072 -3.85410428
v -0.13478972 -3.60771465 -3.8597517
v -0.07636049 -3.66243672 -3.60586881
v -0.11547214 -3.58219575 -3.61102342
v -0.07846088 -3.64708185 -3.34303522
v -0.11549896 -3.56034278 -3.34816503
v -0.08634959 -3.63822007 -3.07729101
v -0.12661118 -3.54468822 -3.08396458
v -0.0907183 -3.62489295 -2.81148409
v -0.1329801 -3.52779221 -2.8188107
v -0.0935496 -3.61042285 -2.54581761
v -0.13733516 -3.51099991 -2.55311632
v -0.09474831 -3.59304189 -2.27988839
v -0.14055456 -3.49316883 -2.28738522
v -0.09437037 -3.57270789 -2.01340055
v -0.14035755 -3.4725995 -2.02163195
v -0.09031888 -3.54651761 -1.74588251
v -0.13264094 -3.44874811 -1.75659418
v -0.08160687 -3.50165605 -1.47754836
v -0.12294887 -3.41495871 -1.49399209
v 0 -3.59594345 -1.74014139
v 0 -3.54180789 -1.46888923
v 0 -3.62578201 -2.00937724
v 0 -3.64466333 -2.27606034
v 0 -3.66084408 -2.54202055
v 0 -3.67471504 -2.80770373
v 0 -3.68536353 -3.07385969
v 0 -3.6902337 -3.34076857
v 0 -3.69950032 -3.60329413
v 0 -3.74204325 -3.85295915
v 0 -3.76538276 -4.06459999
v 0 -3.7518804 -4.24116039
v 0.07079959 1.98279225 1.63223326
v 0.44673913 2.14431452 1.38417172
v 0.70348453 -8.27556133 1.26380097
v 0.5986216 -2.61933517 1.02026486
v 0.70425027 1.1831144 0.70859301
v 4.46801471 0.40723857 0.35086703
v 0.66520702 0.97984564 -0.21746964
v 0.86591309 3.3036704 -0.53764635
v 0.16871732 -3.49879074 -0.88745945
v 0.07026193 -3.68392324 -4.51861619
v 0.06468401 -3.49074268 -4.51500511
v 0.56654101 -7.91967248 1.80572986
v 0.39934772 -8.08453655 1.68959593
v 0.21475559 2.27307677 1.65545523
v 0.37997439 2.20661401 1.47929215
v 0.72808462 -7.71394491 1.33363997
v 0.94659996 -0.0143131 0.61738216
v 0.85490077 3.14230513 0.41436994
v 4.46404171 0.89310574 0.29305705
v 0.65780466 3.33757901 -0.11823082
v 4.36008453 0.86249965 -0.07870121
v 0.81884491 0.19678619 -0.31778055
v 1.02207255 3.22061371 -0.49511486
v 0.8519541 2.89381241 -0.50552141
v 0.31703379 -3.00646042 -0.92172998
v 0.98971468 3.53285574 -0.340034
v 1.02303814 3.51212406 -0.46359682
v 0.47441038 -2.12632751 0.79284441
v 4.44447374 0.31559521 -0.02212302
v 0.26803553 -3.72423172 0.94875007
v 0.82298517 -3.53324294 -0.71283096
v 0.07802149 1.83067083 1.48847115
v 0.23422497 2.85908389 1.72883832
v 0.97292095 3.5432415 -0.25929793
v 1.0677092 3.50710916 -0.52049726
v 1.04922974 2.74175238 -0.08034107
v 0.28668925 1.89124488 1.07865262
v 0.08827919 2.03573775 1.52640283
v 0.18287257 2.03963828 1.53973913
v 0.13010671 1.99445843 1.66687202
v 0.55762022 2.33887934 1.37956774
v 0.68070697 2.38430047 1.17041075
v 0.57080709 2.19500184 1.18724083
v 0.45423752 2.01897358 1.16929233
v 0.37789079 1.96675241 1.31155622
v 0.50042325 2.32685613 1.52852451
v 0.3000411 1.91503834 1.39225804
v 0.35483652 2.00999736 1.46451962
v 0.33389076 2.09165859 1.5032978
v 0.73445624 -8.28303432 1.13884902
v 0.53762924 -8.28804016 1.13413012
v 0.57170599 -8.28262329 1.31358492
v 0.66493547 -8.26328373 1.47276794
v 0.81579655 -8.26139259 1.35703671
v 0.92686349 -8.27278518 1.19167482
v 0.52321273 -2.5810697 0.95815157
v 0.63159984 -2.42315721 0.9778189
v 0.70889502 -2.55616331 1.04105281
v 0.74032056 -2.81134176 1.08445751
v 0.60900735 -2.81653761 1.05527424
v 0.49742528 -2.83785748 0.98561912
v 0.61695545 1.24946475 0.86814129
v 0.59738445 1.41344583 0.7648409
v 0.68770265 1.34610688 0.62961566
v 0.73047775 0.97575533 0.8973779
v 0.63995045 1.04561805 1.04124295
v 0.73401379 1.32162547 0.43290233
v 0.72826415 1.23705804 0.44230839
v 0.73204469 1.18404138 0.44446292
v 0.73484242 1.10029137 0.66053879
v 0.76038163 0.93731486 0.81117552
v 4.37672758 0.36855617 0.4128454
v 4.37139082 0.55669134 0.40263032
v 4.50245952 0.54803705 0.31774452
v 4.52583742 0.33142072 0.30116599
v 4.40740013 0.22851558 0.37582311
v 4.59674453 0.53211474 0.24630793
v 0.69150269 1.13426184 -0.04627159
v 0.67927354 1.22589957 -0.05857397
v 0.61332315 1.14569139 -0.20167554
v 0.52825611 1.10841167 -0.31960827
v 0.57844585 0.94434738 -0.35285937
v 0.71454638 0.9327709 -0.17287799
v 0.70757722 1.08508431 -0.04237102
v 0.71324068 0.71396082 -0.31038966
v 0.74723631 0.70115149 -0.26053386
v 0.63442224 0.71799051 -0.42288264
v 0.86298012 3.39931583 -0.50892067
v 0.80934041 3.34585285 -0.45881402
v 0.84801894 3.22992825 -0.52364581
v 0.94203048 3.1937015 -0.5975151
v 0.94251507 3.3046863 -0.5940839
v 0.94598078 3.42933893 -0.56434458
v 0.22473411 -3.34221386 -0.99059617
v 0.13193041 -3.37062835 -1.23275077
v 0.08385112 -3.45176482 -1.21006536
v 0.16237455 -3.77009749 -0.62805867
v 0.34249654 -3.84068417 -0.58011281
v 0.43303227 -3.59245157 -0.75162875
v 0.49294278 -3.39122986 -0.8404358
v 0.0671248 -3.61831378 -4.53189182
v 0.0800208 -3.69923424 -4.39526462
v 0.11439342 -3.61995458 -4.40087223
v 0.07754118 -3.46921038 -4.40109634
v 0.06360846 -3.55540943 -4.52900743
v 0.10984995 -3.54453706 -4.40211057
v 0.67595309 -7.9133315 1.76813066
v 0.69312584 -7.99426269 1.80347359
v 0.5448839 -7.97142887 1.82994008
v 0.4374178 -7.91095066 1.7567861
v 0.50917345 -7.85653972 1.73840618
v 0.62714791 -7.83523035 1.69139504
v 0.47628796 -8.13569068 1.7017858
v 0.40452456 -8.16368007 1.56478071
v 0.3296794 -8.08296203 1.58100831
v 0.29858878 -7.99542713 1.59649074
v 0.40125355 -8.03647804 1.73199653
v 0.50888663 -8.09958744 1.77939224
v 0.2261223 2.27270555 1.55857873
v 0.1242508 2.30455851 1.56594228
v 0.12150988 2.30241036 1.68512165
v 0.13224288 2.2975173 1.79229295
v 0.2607432 2.25861525 1.71870195
v 0.30931225 2.24307131 1.59184598
v 0.27291819 2.11925983 1.47758424
v 0.29237625 2.20940446 1.46820461
v 0.38281932 2.2532525 1.64822077
v 0.77695459 -7.69730186 1.20980155
v 0.93365687 -7.7545104 1.25501
v 0.81800025 -7.77176952 1.41321754
v 0.6865952 -7.76006603 1.50987339
v 0.61172986 -7.69490194 1.3659954
v 0.6117286 -7.65374136 1.19137775
v 0.8907966 0.18456523 0.7937892
v 0.92026418 0.21923586 0.69536995
v 0.96038562 0.07822243 0.51874399
v 0.97153532 0.02576337 0.34340351
v 0.96992868 -0.02905619 0.34779718
v 0.97108084 -0.16118143 0.34627911
v 0.94580465 -0.21277326 0.60367614
v 0.73751181 3.28171181 0.37542286
v 0.76680958 3.31634044 0.11444941
v 0.83835709 3.24025893 0.08755353
v 0.73513495 3.0073266 0.8073861
v 0.6514877 3.20225405 0.7302283
v 0.87602865 3.09885788 0.00207637
v 0.95824939 3.04975128 0.22166223
v 4.36309814 0.93764364 0.34883129
v 4.37499332 1.06483078 0.29832509
v 4.50904321 0.95336461 0.23811247
v 4.58513593 0.75908082 0.22829517
v 4.50108385 0.74629688 0.29432669
v 4.37103986 0.75387913 0.37448537
v 0.49082961 3.35846805 -0.16727684
v 0.47645825 3.30331039 -0.34178727
v 0.59365612 3.26553583 -0.28799915
v 0.65017795 3.35992002 0.09291024
v 0.49513679 3.39554882 0.05978116
v 0.80146467 3.34626793 -0.02038108
v 0.67625552 3.28328895 -0.26360914
v 0.72559219 3.38893151 -0.16218777
v 0.82773697 3.40649724 -0.07983206
v 4.24337577 0.89111203 -0.08997557
v 4.26564788 0.68626654 -0.11157388
v 4.42156076 0.70237118 -0.09745862
v 4.42308712 0.93394839 -0.03361707
v 4.27137661 1.03241932 -0.02644017
v 4.53458499 0.73052209 -0.05275927
v 0.76926916 0.46739023 -0.32955446
v 0.67692101 0.46635413 -0.49371486
v 0.70180457 0.21704869 -0.5550369
v 0.89597946 0.01583163 -0.11377821
v 0.90387553 0.10318437 -0.06733101
v 0.84477353 0.29523629 -0.20593489
v 0.79474782 0.47502332 -0.26919728
v 0.9925093 3.30051422 -0.47434338
v 1.06075894 3.31609344 -0.53102612
v 1.07863676 3.21985125 -0.55196273
v 1.09456598 3.10992002 -0.53070944
v 1.01451993 3.1489768 -0.47283637
v 0.93048 3.23746419 -0.43660485
v 0.88071447 2.72721409 -0.47884658
v 0.99664664 2.71479988 -0.42989158
v 1.01053798 2.84797263 -0.51085317
v 0.91062086 2.983989 -0.54262846
v 0.79031145 3.07088351 -0.47021555
v 0.70556825 3.02493262 -0.45621931
v 1.03280973 2.94920635 -0.57616317
v 0.63204091 3.04671788 -0.52141356
v 0.70483702 2.87980485 -0.57384026
v 0.76298606 2.72234773 -0.59363865
v 0.16554521 -3.11861133 -1.06311619
v 0.33323985 -2.75603699 -0.87767416
v 0.22173573 -3.22667622 -1.03159225
v 0.46114376 -3.20430684 -0.9004085
v 0.88650858 3.53390955 -0.32138183
v 0.93288397 3.54740405 -0.37049046
v 0.98104667 3.40802502 -0.41566586
v 0.89907407 3.34204888 -0.36540362
v 0.92627406 3.42849373 -0.26533508
v 0.91876369 3.50487256 -0.20807966
v 0.89852416 3.5055828 -0.44469893
v 1.04017877 3.43673157 -0.48202002
v 1.0203638 2.9093132 0.09690879
v 0.9395706 2.94305014 -0.08379174
v 1.10450017 2.74169778 0.19269792
v 0.63877654 -1.96628451 0.63736343
v 0.73738783 -2.08092522 0.70128822
v 0.59421169 -2.20752382 0.83059448
v 0.23493082 -2.11777734 0.9035027
v 0.21937431 -1.86987924 0.94485616
v 0.41077294 -1.83926296 0.8100326
v 0.49190348 -2.36205601 0.87070709
v 0.40780791 -2.34963965 0.87281847
v 0.22963479 -2.32711362 0.91230922
v 4.45619106 0.48555716 -0.07556153
v 4.295722 0.46643114 -0.08988107
v 4.32808113 0.27340927 -0.03763949
v 4.36820936 0.16009615 0.03567072
v 4.50745391 0.26805424 0.03306764
v 4.56811332 0.48487097 -0.03029943
v 0.2435815 -3.96062564 0.99445164
v 0.20724289 -4.03718853 0.74460381
v 0.21612238 -3.94230771 0.70940303
v 0.37009036 -3.67587924 1.11293649
v 0.32714965 -3.94281435 1.1536293
v 0.20552237 -3.89887094 0.66960287
v 0.25596329 -3.66300916 0.84482151
v 0.35658308 -3.39411664 0.96415936
v 0.44066673 -3.38927888 1.06334435
v 0.31039848 -3.36797833 0.89336562
v 0.65386891 -3.73606157 -0.65039795
v 0.78128027 -3.96375775 -0.52617943
v 0.94312071 -3.88304328 -0.5566591
v 1.1018368 -3.8570652 -0.4906004
v 1.07332098 -3.52843475 -0.61682415
v 1.05043077 -3.22611522 -0.68642556
v 0.80990988 -3.21232914 -0.79330372
v 0.12737804 1.84290659 1.58817303
v 0.22014576 1.87394416 1.48995065
v 0.12510789 1.84362173 1.42233753
v 0.24285021 2.8929708 1.62493598
v 0.35059735 2.82885789 1.63041019
v 0.29090657 2.80273723 1.76689744
v 0.14472359 2.86384272 1.77878332
v 0.12523178 2.92477989 1.63392531
v 0.17431646 2.80334711 1.86400163
v 0.83293569 3.49962711 -0.25386446
v 1.0493921 3.32956862 -0.6103335
v 0.99711984 2.87179398 -0.25873389
v 1.0449239 2.76331543 -0.32370147
v 1.03401255 2.58332991 -0.20631226
v 0.90578275 2.98595857 -0.22377099
v 0.24561539 1.79824578 0.91946238
v 0.59276872 2.04659032 0.94813799
v 0.49498051 1.90944695 0.89274996
v 0.45182973 1.78546857 0.81081777
v 0.22606939 1.87608647 1.2319585
v 0.18098238 1.85855007 1.32755434
v 0.43918177 1.63374543 0.79092383
v 0.23661412 1.66831815 0.85414165
v 0.65941435 1.84841132 0.7131415
v 0.6091243 1.69732892 0.67857641
v 0.59404504 1.5498352 0.70535403
v 0.44916012 1.48977017 0.86120814
v 0.72877603 1.60427272 0.55486255
v 0.69507962 1.46870958 0.5817641
v 0.79221493 1.53323614 0.39835998
v 0.75012934 1.41113042 0.417178
v 0.81115907 1.48471367 0.23261003
v 0.76944214 1.37341356 0.24807268
v 0.74677777 1.30281949 0.25756403
v 0.73404461 1.24076449 0.26475963
v 0.75032365 1.34886682 0.08322686
v 0.73163151 1.27489638 0.09391039
v 0.72286564 1.20979487 0.10387931
v 0.72876119 1.15848815 0.11018911
v 0.7346819 1.1876434 0.26926603
v 0.7570995 1.14496386 0.27077615
v 0.75139248 1.13152921 0.43751379
v 0.7534272 1.11687576 0.11453668
v 0.80016058 1.09176588 0.11666566
v 0.80483639 1.11867356 0.26864859
v 0.73978203 1.0440036 -0.03153486
v 0.79180818 1.02126753 -0.02338498
v 0.87103134 1.00933396 -0.02484367
v 0.87643206 1.08366429 0.11235569
v 0.74370974 0.90721374 -0.15566811
v 0.79572635 0.89195823 -0.13919256
v 0.8718602 0.88375031 -0.13640321
v 1.01718616 0.87300109 -0.14101152
v 1.0256468 0.99678194 -0.03380682
v 0.8154717 0.70274865 -0.21013243
v 0.88796919 0.70737105 -0.19822652
v 1.01490211 0.70500457 -0.19530563
v 1.21763849 0.6796841 -0.19282074
v 1.23529028 0.83664166 -0.14242243
v 0.91802257 0.52189457 -0.19162416
v 1.02139854 0.52451175 -0.18902634
v 1.19650423 0.50809735 -0.18703076
v 1.41965794 0.45431235 -0.16797152
v 1.44444894 0.62396496 -0.17571446
v 1.03526544 0.35735458 -0.12196661
v 1.17901969 0.33922794 -0.11488207
v 1.39114821 0.29019159 -0.09563834
v 1.62761485 0.22929841 -0.07293713
v 1.65666949 0.39669936 -0.14670056
v 1.17362427 0.20299461 0.01195551
v 1.368335 0.1611054 0.03242585
v 1.60204446 0.09974592 0.05482589
v 1.87514829 0.05893341 0.04924884
v 1.88480758 0.18712423 -0.07340372
v 1.35278403 0.0813601 0.18570198
v 1.58913135 0.0211416 0.20487596
v 1.88243818 -0.01315344 0.18440556
v 2.1887083 0.00612372 0.1498091
v 2.1745038 0.06905398 0.01761875
v 1.59375035 -0.00887243 0.35088422
v 1.89823949 -0.03615368 0.32186994
v 2.19865131 -0.00832707 0.28905168
v 2.47375416 0.03866652 0.27980336
v 2.46942663 0.04532518 0.13478593
v 1.91433143 0.00440196 0.45468005
v 2.20270204 0.04048002 0.42734876
v 2.47109079 0.08391777 0.42418077
v 2.72077822 0.13354513 0.43434208
v 2.73100304 0.08992897 0.2879529
v 2.20111846 0.132532 0.55609989
v 2.46046638 0.17253816 0.56238097
v 2.71017622 0.22178134 0.56432586
v 2.95483231 0.28299027 0.54174953
v 2.95722127 0.20504021 0.43278399
v 2.44716835 0.30756267 0.67121464
v 2.7033174 0.3481543 0.6606189
v 2.9555509 0.39604777 0.62151163
v 3.21523404 0.43352678 0.57443314
v 3.20505523 0.33055779 0.51592057
v 2.69614982 0.50176703 0.70938539
v 2.9537034 0.53076738 0.65747892
v 3.2189877 0.54979664 0.59772962
v 3.52177095 0.55036008 0.61533248
v 3.49765372 0.40864723 0.60337811
v 2.94649434 0.67079579 0.64730024
v 3.21367859 0.66742831 0.587812
v 3.51385331 0.68154937 0.59563404
v 3.80048036 0.72412574 0.60058391
v 3.81168627 0.53294712 0.62903022
v 3.20139622 0.774181 0.55151307
v 3.4860928 0.79623669 0.56388443
v 3.74908852 0.87816649 0.57019299
v 3.98813891 0.95268404 0.51079893
v 4.02507591 0.76125091 0.53738933
v 3.44855451 0.89331591 0.50939142
v 3.68345618 1.00281679 0.53381365
v 3.94290375 1.10096108 0.47984609
v 4.18976926 1.1182549 0.38776004
v 4.20106506 0.96789509 0.4293403
v 3.63636088 1.071846 0.42927974
v 3.88997626 1.18603301 0.38920155
v 4.1611514 1.20463371 0.30670777
v 4.37406683 1.13406431 0.22776004
v 3.86066269 1.18999052 0.2571209
v 4.12965917 1.22022259 0.19053977
v 4.35183048 1.14698827 0.13296186
v 4.54583358 1.00883889 0.08594044
v 4.54567813 0.99958509 0.17735219
v 4.09881067 1.18109393 0.07348807
v 4.31499767 1.10890352 0.05241024
v 4.49337148 0.97670882 0.02622551
v 4.6107645 0.7565698 0.0085546
v 4.65556144 0.7726854 0.07903388
v 4.64028453 0.77241325 0.1493016
v 4.6384859 0.48666364 0.0293992
v 4.67870426 0.49248218 0.09528275
v 4.65357208 0.51242929 0.17445555
v 4.59951782 0.24623073 0.17300625
v 4.57009363 0.28254586 0.23865468
v 4.42723751 0.09068514 0.21856038
v 4.42657423 0.1395874 0.30660611
v 4.22667598 -0.01419232 0.26679813
v 4.24545764 0.0448806 0.37962397
v 4.24713039 0.16110424 0.4612343
v 3.97582435 0.01218293 0.45244914
v 4.00497102 0.13553199 0.54394251
v 4.0298686 0.30819889 0.57790792
v 4.23226165 0.32920303 0.49834716
v 4.04288291 0.53360086 0.5721991
v 4.21923685 0.54768163 0.49163353
v 4.2113223 0.77060198 0.46195101
v 3.77702188 0.34424209 0.62726795
v 3.73063755 0.19053435 0.5871582
v 3.46453428 0.28953948 0.55318486
v 3.68700838 0.07643009 0.49287188
v 3.44031405 0.2090967 0.47145071
v 3.19720506 0.26129311 0.43290522
v 3.42743349 0.17661368 0.35848599
v 3.19662404 0.22978921 0.33007121
v 2.96651554 0.16507658 0.30547732
v 3.20612382 0.23720371 0.22236152
v 2.97930431 0.16952991 0.17067262
v 2.73514318 0.09585362 0.13987308
v 2.98666453 0.22077533 0.04659838
v 2.73051643 0.15365402 0.00883592
v 2.45920729 0.10447918 -0.00077139
v 2.71806287 0.2577458 -0.08987084
v 2.44650149 0.21382217 -0.10479791
v 2.16512751 0.18577541 -0.09270829
v 2.43482494 0.37119829 -0.16319812
v 2.16514921 0.35230377 -0.15960085
v 1.90329086 0.35907885 -0.14720305
v 2.16853332 0.54200923 -0.17768068
v 1.91839551 0.54444199 -0.16300249
v 1.67758464 0.57141524 -0.15583147
v 1.9235419 0.7118994 -0.1234979
v 1.68931245 0.72934609 -0.114127
v 1.46164047 0.78075391 -0.13056822
v 1.69499409 0.8565979 -0.02287484
v 1.47206115 0.90749186 -0.03386174
v 1.24791586 0.96134525 -0.03996634
v 1.47634637 0.98798489 0.10250548
v 1.25394725 1.03909897 0.0977579
v 1.03154063 1.07432663 0.10239266
v 1.25278437 1.06667006 0.25458985
v 1.0323646 1.0992279 0.25893646
v 0.88077729 1.11156952 0.26480183
v 1.02554822 1.07421898 0.41582328
v 0.88199728 1.08695459 0.4206711
v 0.80398839 1.09836125 0.42617741
v 0.88420844 1.00663852 0.56477052
v 0.80460828 1.01727724 0.58133161
v 0.75670456 1.05351758 0.619897
v 0.82401377 0.88823109 0.69800502
v 0.78455346 0.90915656 0.74822455
v 0.84562438 0.7322101 0.76320511
v 0.81258726 0.73931831 0.81666773
v 0.78877055 0.75263661 0.88442426
v 0.83805179 0.56261205 0.82777434
v 0.80530428 0.56202834 0.90912818
v 0.75401276 0.56986874 1.05586886
v 0.74725389 0.78099024 1.01349854
v 0.65444785 0.59581631 1.26495993
v 0.65427416 0.83705109 1.18729734
v 0.48663982 0.63704454 1.46729016
v 0.47668236 0.91115307 1.35432958
v 0.46858671 1.1322596 1.17391765
v 0.25373181 0.97721213 1.46413803
v 0.25247725 1.21068632 1.2487452
v 0.25257587 1.38477826 1.05512869
v 0.46417158 1.32468938 0.98478037
v 0.24535156 1.524441 0.92530989
v 0.26470828 0.67758542 1.60471665
v 0.2597689 0.34820139 1.63463544
v 0.26156196 0.03669014 1.59907054
v 0.27471411 -0.23394972 1.53599512
v 0.28935661 -0.47407183 1.45875346
v 0.29270902 -0.69771373 1.37554872
v 0.27968215 -0.92057389 1.29614639
v 0.25541907 -1.15394783 1.22051847
v 0.23018993 -1.39650309 1.13837039
v 0.21616169 -1.63478779 1.03427183
v 0.18984645 -2.55263829 0.95177358
v 0.15462689 -2.79656815 0.95476239
v 0.13131521 -3.05673837 0.93788838
v 0.10715377 -3.3308072 0.90479993
v 0.08789622 -3.62958002 0.82580548
v 0.07573524 -3.88243794 0.64810359
v 0.0925917 -4.0290513 0.35713517
v 0.12681169 -4.07310438 0.0119322
v 0.14331738 -3.9985969 -0.33832255
v 0.22332599 -4.06345653 0.03469402
v 0.27428871 -4.02519893 -0.30307823
v 0.30286821 -4.05779695 0.06101955
v 0.38194444 -4.05737447 -0.25810799
v 0.49866262 -3.92844414 -0.50995498
v 0.46253463 -4.1142826 -0.20407022
v 0.61342823 -4.0564599 -0.41860297
v 0.51027703 -4.2001934 -0.13270461
v 0.66689467 -4.19842052 -0.31113308
v 0.82853102 -4.18252039 -0.38654366
v 0.68390274 -4.3248043 -0.18596181
v 0.82183712 -4.336236 -0.23051989
v 0.94863778 -4.33616924 -0.21849145
v 0.96989125 -4.16240072 -0.38725119
v 1.05320012 -4.31474542 -0.15803973
v 1.08868753 -4.13421201 -0.32161569
v 1.1281625 -4.27481889 -0.048905
v 1.17251014 -4.08122921 -0.19685307
v 1.2066698 -3.83037257 -0.35426864
v 1.22088706 -4.01922416 -0.03563774
v 1.26168346 -3.7837789 -0.17141622
v 1.2810564 -3.50621008 -0.27430751
v 1.21538484 -3.5245037 -0.47302711
v 1.28096687 -3.22363185 -0.345447
v 1.20689356 -3.228549 -0.54771828
v 1.26951038 -2.9502542 -0.37358334
v 1.18895077 -2.93351888 -0.56359678
v 1.0197941 -2.93252992 -0.6932255
v 0.74401974 -2.95361375 -0.81543052
v 1.14392364 -2.64074134 -0.51561415
v 0.95909065 -2.66488695 -0.63637071
v 0.70032525 -2.71350932 -0.77753496
v 0.86989516 -2.44447469 -0.59847402
v 0.63053387 -2.49544024 -0.7485454
v 0.31809911 -2.53559637 -0.85295474
v 0.55482411 -2.27280449 -0.74325501
v 0.28696924 -2.30830168 -0.85346508
v 0.25416958 -2.0675137 -0.87129294
v 0.22439588 -1.79372727 -0.88805306
v 0.21665188 -1.49995684 -0.88459003
v 0.22345547 -1.20828533 -0.86802744
v 0.23613232 -0.92121774 -0.84988832
v 0.2525866 -0.63626271 -0.83332157
v 0.27600768 -0.35401937 -0.82026541
v 0.28896457 -0.07664518 -0.79915732
v 0.28658059 0.18908312 -0.75301533
v 0.27304017 0.44028043 -0.69854402
v 0.24643574 0.67569929 -0.63813138
v 0.21721561 0.89318209 -0.57172191
v 0.19807915 1.09094655 -0.50801771
v 0.19073984 1.27022695 -0.49817562
v 0.19990287 1.45065236 -0.56552672
v 0.21545973 1.64869201 -0.65419983
v 0.24325218 1.86040175 -0.73472207
v 0.27694368 2.06760549 -0.80018067
v 0.30380803 2.27532696 -0.84886479
v 0.32095125 2.48857045 -0.87034553
v 0.32782217 2.69835901 -0.85343337
v 0.32172626 2.89758873 -0.79580235
v 0.3001928 3.07992625 -0.69958168
v 0.28295868 3.23059964 -0.5685085
v 0.27719396 3.34164977 -0.40360754
v 0.27853873 3.40668869 -0.21879112
v 0.27484682 3.43503022 0.02378974
v 0.26052478 3.43674039 0.28132915
v 0.23114983 3.41045141 0.56926071
v 0.18503268 3.35246276 0.90010958
v 0.14167404 3.187541 1.20968687
v 0.11989068 3.01460552 1.44476008
v 0.18595986 2.71158289 1.90897262
v 0.18615612 2.61478495 1.93473768
v 0.33467814 2.7047348 1.80925679
v 0.35402259 2.59623956 1.83914816
v 0.35945814 2.4797585 1.85513377
v 0.18222291 2.50981092 1.94490182
v 0.42364993 2.72469568 1.65537917
v 0.46073922 2.60196042 1.68227696
v 0.46591553 2.4637959 1.69742989
v 0.44093987 2.34620475 1.68621444
v 0.33625429 2.37662768 1.82883513
v 0.52510649 2.63790106 1.49305069
v 0.54237741 2.47344279 1.52423083
v 0.55967539 2.70839428 1.28005814
v 0.6088075 2.52458953 1.33907747
v 0.59511047 2.82367539 1.04052555
v 0.69341683 2.60310339 1.11899137
v 0.79614836 2.70468282 0.89241135
v 0.83701014 2.44417786 0.95122617
v 0.73860782 2.22206616 0.96835488
v 0.93866229 2.79506778 0.63838982
v 0.97197347 2.47140288 0.73909026
v 0.88289958 2.20491004 0.76519435
v 0.74220478 2.00071287 0.75505095
v 1.05695533 2.46790027 0.52790248
v 0.98871451 2.17982578 0.56053388
v 0.8825488 1.95181584 0.56205958
v 0.78852176 1.77268993 0.54230803
v 1.07056081 2.15491032 0.35635942
v 0.97434544 1.92403101 0.36471736
v 0.86928868 1.71544539 0.37479966
v 1.01409292 1.88792049 0.18556077
v 0.89543628 1.67281055 0.2073321
v 0.97740137 1.8712635 0.01257177
v 0.86815112 1.6554352 0.04196034
v 0.78871089 1.46098125 0.06724005
v 0.78915751 1.66147732 -0.11294911
v 0.71991396 1.45794415 -0.08436022
v 0.68838059 1.31755936 -0.06961489
v 0.63465762 1.45556342 -0.22868496
v 0.60769236 1.28737831 -0.20779427
v 0.52867817 1.4534775 -0.36659637
v 0.51137995 1.27287268 -0.3265689
v 0.383109 1.4516735 -0.48542881
v 0.3698413 1.26828277 -0.43214136
v 0.38784277 1.09575092 -0.43494343
v 0.42571586 0.91998875 -0.48466166
v 0.46754679 0.71232122 -0.55887478
v 0.49865999 0.47247511 -0.63608992
v 0.52032172 0.21442848 -0.70940083
v 0.52151143 -0.08070159 -0.75892895
v 0.69620847 -0.09680653 -0.62722349
v 0.49586576 -0.37768653 -0.78188276
v 0.66502112 -0.39819791 -0.65575313
v 0.77252584 -0.41537645 -0.462482
v 0.80963128 -0.11802704 -0.41649079
v 0.85104596 -0.44342914 -0.23148709
v 0.88205522 -0.18751201 -0.18620167
v 0.93200177 -0.50523644 0.02722405
v 0.94755137 -0.27731952 0.06615687
v 0.95034432 -0.10262087 0.1045162
v 0.97212231 -0.34931683 0.3282428
v 0.95265001 -0.00068737 0.13229759
v 0.95655119 0.05155096 0.14935216
v 0.91394257 0.154219 -0.03076764
v 0.94044596 0.19489507 -0.00162921
v 0.89863604 0.34386035 -0.13012903
v 0.86347889 0.31963443 -0.16415567
v 0.97207665 0.10607824 0.16526976
v 1.01760721 0.13219085 0.16906356
v 0.99068594 0.2159098 0.00733882
v 0.97942274 0.07845828 0.33789449
v 1.02429139 0.10868203 0.33423003
v 1.07796835 0.11150768 0.33325281
v 1.07596528 0.1344652 0.16802011
v 0.96781224 0.12044548 0.49704006
v 1.01302754 0.15253463 0.4843513
v 1.06990134 0.1569949 0.48514276
v 1.16828405 0.13967707 0.49104493
v 1.17167902 0.09661958 0.33567047
v 0.98744511 0.26550418 0.61323672
v 1.05473578 0.26850026 0.6087383
v 1.16567504 0.24851104 0.61406171
v 1.36417782 0.19304269 0.61722469
v 1.34753036 0.09301458 0.49680021
v 1.03355038 0.41485673 0.69773185
v 1.16488611 0.39283874 0.70107615
v 1.38409662 0.32949319 0.69990855
v 1.64303267 0.26241591 0.68933063
v 1.6241821 0.12077266 0.60425734
v 1.17381215 0.55399102 0.74524599
v 1.40492868 0.49197354 0.74711501
v 1.65674257 0.43356543 0.7427597
v 1.91916775 0.41890516 0.73253661
v 1.92157828 0.242897 0.67212027
v 1.4247328 0.66113454 0.73724931
v 1.66949248 0.61281281 0.73538577
v 1.91931009 0.59816175 0.72784817
v 2.17286109 0.61454284 0.72450512
v 2.17857098 0.43940228 0.72827512
v 1.6803236 0.76882356 0.67317444
v 1.92088353 0.7547481 0.66495025
v 2.16885161 0.77174919 0.66142296
v 2.42007875 0.79535371 0.65859884
v 2.42817235 0.6406154 0.7217347
v 1.92226481 0.87388819 0.55459141
v 2.16444277 0.89400559 0.5519517
v 2.41333627 0.91647714 0.5484178
v 2.66953444 0.92017048 0.53659719
v 2.6783905 0.8077411 0.64093536
v 2.16012954 0.97022497 0.40762299
v 2.4089992 0.99095809 0.40423315
v 2.66430068 0.99040031 0.40088459
v 2.92082881 0.96035003 0.3931553
v 2.92710495 0.8960306 0.50882059
v 2.40786075 1.01091051 0.2447175
v 2.66416645 1.00980925 0.24905996
v 2.92006826 0.98036307 0.25877443
v 3.17048811 0.93462705 0.27856931
v 3.1759727 0.91588473 0.39090389
v 2.66789794 0.97494697 0.09769913
v 2.92514228 0.95316511 0.12089666
v 3.17431974 0.91159761 0.16468651
v 3.40951085 0.93156844 0.19136254
v 3.4069662 0.95885878 0.30058538
v 2.93294429 0.87044054 0.00330314
v 3.18636488 0.84486043 0.06542116
v 3.42474961 0.86445605 0.10128942
v 3.63210701 0.95278751 0.05900573
v 3.61623525 1.04300427 0.16894662
v 3.20152974 0.73856407 0.00049469
v 3.44908785 0.75453573 0.05661154
v 3.66818928 0.80637395 0.00965356
v 3.87570071 0.86316704 -0.0477899
v 3.84583854 1.04091703 -0.00171924
v 3.46523523 0.62635099 0.05834325
v 3.70472526 0.63617301 0.0310841
v 3.91309809 0.65510404 -0.0325648
v 4.09931755 0.67238235 -0.08371146
v 4.07445859 0.89360427 -0.0893036
v 3.71076035 0.45587277 0.0451098
v 3.92432117 0.43518319 -0.01909137
v 4.11931133 0.44425565 -0.06663903
v 3.91025424 0.23390506 -0.0145638
v 4.13806009 0.23939052 -0.04247396
v 3.90833926 0.07535607 0.05697995
v 4.16898155 0.09397069 0.03179052
v 3.92392063 -0.01941574 0.18026696
v 4.20263481 0.01335484 0.14159466
v 4.40074777 0.10453153 0.12187262
v 4.55745458 0.24763532 0.08985704
v 3.94613838 -0.03794956 0.32131463
v 3.64703822 0.05361815 0.2223173
v 3.65667843 0.03274129 0.36201533
v 3.43153238 0.19128724 0.24752026
v 3.65204787 0.14475181 0.10235341
v 3.44897198 0.25706481 0.16404235
v 3.21960449 0.28009077 0.1225681
v 3.4636538 0.36352944 0.11059053
v 3.2278912 0.36754995 0.04022098
v 2.98098039 0.31652733 -0.04642188
v 3.22711181 0.48466044 -0.00915959
v 2.96629548 0.4456948 -0.09993043
v 2.70158648 0.40290933 -0.14654384
v 2.95131778 0.5950855 -0.11232936
v 2.68747282 0.5750541 -0.1580327
v 2.42627525 0.55538886 -0.17799121
v 2.6795578 0.74662447 -0.12255013
v 2.42073154 0.73743277 -0.14231368
v 2.16797518 0.72108107 -0.14089147
v 2.414747 0.88270306 -0.04802333
v 2.16284561 0.86372125 -0.04754659
v 1.92384088 0.84496098 -0.03008011
v 2.15903067 0.95553857 0.08985272
v 1.92286157 0.93099117 0.10226541
v 1.69544804 0.93718928 0.10935163
v 1.92178869 0.96357756 0.25613528
v 1.69410026 0.96752786 0.26101276
v 1.47478532 1.01862895 0.2584795
v 1.69149935 0.95000296 0.41654974
v 1.46752929 0.99675411 0.41872295
v 1.24405658 1.04497516 0.41510516
v 1.45585215 0.92702591 0.56375539
v 1.22858655 0.97472506 0.56032353
v 1.01471781 0.99786657 0.55734098
v 1.20955085 0.8584612 0.67001748
v 1.00859808 0.87949222 0.66680318
v 0.8934887 0.88314658 0.67497879
v 1.0102359 0.73186504 0.73110944
v 0.90919387 0.73272413 0.73695367
v 1.01865935 0.57328087 0.74308371
v 0.92692858 0.57310193 0.74811857
v 0.86765629 0.56666153 0.77705079
v 0.95641887 0.41432827 0.70346158
v 0.90082633 0.39954063 0.73533743
v 0.87470942 0.38420569 0.79015022
v 0.93945115 0.24367758 0.64282226
v 0.83808165 0.36728072 0.88158989
v 0.80873775 0.1321944 0.99906152
v 0.7667607 0.34914994 1.05077648
v 0.66636472 0.09286469 1.23307585
v 0.64892149 0.34003755 1.27548515
v 0.48665422 0.05853923 1.44463205
v 0.47925782 0.34011685 1.48496687
v 0.69472426 -0.14038921 1.17324209
v 0.5068019 -0.19093927 1.37862777
v 0.70752751 -0.36756101 1.10967361
v 0.52415204 -0.42633676 1.30465877
v 0.69918912 -0.60450196 1.03547954
v 0.52119875 -0.661031 1.22444629
v 0.66830295 -0.84478783 0.95334303
v 0.49585211 -0.89679825 1.14169251
v 0.62425816 -1.07899594 0.86809605
v 0.45536771 -1.13202703 1.06152308
v 0.58038973 -1.30068326 0.78240567
v 0.41856643 -1.36118435 0.97355735
v 0.5585007 -1.52866578 0.70716309
v 0.40054833 -1.58993542 0.88425582
v 0.58076387 -1.75766015 0.66085547
v 0.72946512 -1.6718471 0.49218547
v 0.77131813 -1.87062633 0.4775089
v 0.70757132 -1.4557259 0.52400916
v 0.82343447 -1.38334798 0.33005896
v 0.83729177 -1.60349416 0.30406254
v 0.73061543 -1.23124098 0.58760976
v 0.84980762 -1.15526568 0.38325133
v 0.90298759 -1.07842147 0.16522589
v 0.88037359 -1.31888783 0.12104836
v 0.77935338 -1.00736916 0.66916006
v 0.89747315 -0.92059695 0.45702591
v 0.94232338 -0.83174282 0.22916251
v 0.90686959 -0.75437516 -0.01424173
v 0.88467472 -1.01171958 -0.06082662
v 0.92600381 -0.67618006 0.53075265
v 0.96663385 -0.58474582 0.29011884
v 0.93661356 -0.43055713 0.58597606
v 0.81859701 -0.771205 0.75118613
v 0.8420574 -0.52740579 0.82538086
v 0.85372155 -0.29362338 0.88190263
v 0.84941631 -0.08413194 0.9219954
v 0.81790274 -0.97296357 -0.28464281
v 0.81934028 -1.2408483 -0.30339554
v 0.87574589 -1.26770341 -0.09408544
v 0.8258388 -0.70657479 -0.25723058
v 0.74464833 -0.69114631 -0.4787746
v 0.73144948 -0.96469801 -0.49377346
v 0.61453318 -0.96245151 -0.67510998
v 0.60416287 -1.24086785 -0.67851841
v 0.72837454 -1.23795223 -0.50189626
v 0.63543486 -0.68263655 -0.66732955
v 0.46769684 -0.66481769 -0.78980726
v 0.44713518 -0.94880104 -0.79702329
v 0.43330025 -1.23229694 -0.80530953
v 0.4294815 -1.51352334 -0.80956453
v 0.60768204 -1.51228916 -0.67322349
v 0.44499343 -1.78519165 -0.79892259
v 0.63512581 -1.76565516 -0.65156287
v 0.77287763 -1.74692893 -0.47091245
v 0.74032813 -1.50174391 -0.49508866
v 0.86300033 -1.74180054 -0.28225594
v 0.83320552 -1.49812185 -0.30174812
v 0.91228771 -1.75066411 -0.09377846
v 0.88480925 -1.51379239 -0.10373724
v 0.92247682 -1.77230072 0.09751001
v 0.88918435 -1.55040395 0.10111559
v 0.87634748 -1.8097223 0.29454785
v 1.01536035 -1.98206985 0.11627106
v 0.96918618 -1.99390494 0.32347935
v 0.87005949 -2.02122831 0.52137076
v 1.10531437 -2.18416357 0.39605116
v 0.99722385 -2.16165351 0.6174519
v 0.83862906 -2.18321967 0.78355187
v 1.06784057 -2.37836599 0.68397378
v 0.93541282 -2.34828519 0.85200935
v 0.78159302 -2.35659098 0.95704001
v 0.68341094 -2.25459671 0.89280557
v 0.56372958 -2.38159489 0.91461819
v 0.47313633 -2.58007407 0.91753977
v 0.40519657 -2.58116459 0.88894712
v 0.43198111 -2.84020924 0.93270808
v 0.35454586 -2.82791709 0.88956004
v 0.26946947 -2.8160994 0.91757243
v 0.3241091 -2.57582163 0.91019374
v 0.34086704 -3.09179687 0.8949725
v 0.23989857 -3.07571435 0.90467572
v 0.21238541 -3.34382271 0.87786227
v 0.17861338 -3.63217997 0.81223505
v 0.14834304 -3.8777337 0.64772647
v 0.23527073 -4.02026987 0.38640424
v 0.16920921 -4.01834678 0.3678523
v 0.26529577 -4.06422615 0.41386231
v 0.35655877 -4.10287523 0.09614956
v 0.25598809 -4.12789821 0.43499937
v 0.37607356 -4.17639446 0.13484472
v 0.23809483 -4.23016738 0.45493328
v 0.36907741 -4.26751661 0.16743268
v 0.53167289 -4.29940986 -0.0536683
v 0.35609749 -4.39043903 0.18760934
v 0.53043955 -4.42864179 0.00764616
v 0.67970019 -4.46005916 -0.08025657
v 0.49610102 -4.61239671 0.03078465
v 0.64556103 -4.63873148 -0.0447427
v 0.78190243 -4.66193771 -0.07916723
v 0.80741208 -4.48203754 -0.11259033
v 0.90760296 -4.67922925 -0.07651314
v 0.92691063 -4.49443292 -0.10873558
v 1.02790963 -4.68600606 -0.03542564
v 1.0344522 -4.49205637 -0.06154738
v 1.12519204 -4.67926502 0.05570993
v 1.12171733 -4.47352647 0.03129713
v 1.18450701 -4.66455602 0.18611253
v 1.18319261 -4.4488039 0.16453658
v 1.17825579 -4.23386907 0.09501703
v 1.21907937 -4.42464971 0.34193077
v 1.21376633 -4.19975614 0.27890783
v 1.24307751 -3.96628141 0.17096565
v 1.22526335 -4.17556142 0.52836763
v 1.24314069 -3.92699313 0.44034421
v 1.28718614 -3.684345 0.34280866
v 1.28983187 -3.73065042 0.05885105
v 1.31252896 -3.43351316 0.258892
v 1.3124113 -3.47371387 -0.0327701
v 1.31024754 -3.18260622 0.20350961
v 1.31207501 -3.20983266 -0.09703608
v 1.2910012 -2.94168567 0.17455025
v 1.29630351 -2.9592669 -0.12921387
v 1.26430153 -2.70253586 0.16162222
v 1.27202904 -2.70391297 -0.12678517
v 1.24609911 -2.66914892 -0.35168358
v 1.23344719 -2.4388678 -0.09281024
v 1.18961179 -2.39518761 -0.28917709
v 1.05456626 -2.39241719 -0.44748777
v 1.06760036 -2.17822337 -0.25171509
v 0.93773692 -2.19959449 -0.42385992
v 0.77187681 -2.23272562 -0.59536445
v 0.83162492 -1.98277247 -0.43990123
v 0.69074505 -2.00360775 -0.61837971
v 0.4913145 -2.03676128 -0.76777613
v 0.93008929 -1.97378647 -0.2581273
v 1.15400254 -2.17871165 -0.06703218
v 0.9985792 -1.97229206 -0.07562229
v 1.16095471 -2.19320368 0.15123261
v 1.22279715 -2.44797015 0.15888185
v 1.16970026 -2.42283988 0.44054436
v 1.20741605 -2.66959214 0.47214239
v 1.10802638 -2.62901902 0.72722381
v 1.23689115 -2.91011405 0.49077111
v 1.13552594 -2.88462424 0.7510612
v 1.01025903 -2.85546517 0.93030607
v 0.98880672 -2.59086012 0.89999604
v 0.88014793 -2.82911872 1.04030287
v 0.85763114 -2.56048059 1.00728309
v 1.00717055 -3.11581087 0.95179009
v 0.87783676 -3.0986278 1.07114005
v 0.73875683 -3.08712077 1.12642204
v 0.85544145 -3.36326718 1.11555159
v 0.70900464 -3.36299157 1.17053473
v 0.56714016 -3.37250232 1.14151859
v 0.60508972 -3.08865022 1.10118007
v 0.48852953 -3.11053967 1.02439916
v 0.40553584 -3.10469269 0.94843584
v 0.66035968 -3.63845491 1.22597992
v 0.50260901 -3.64933037 1.20429778
v 0.6216368 -3.92127251 1.28233289
v 0.45959565 -3.93082952 1.25371813
v 0.61361277 -4.243474 1.3104937
v 0.44586622 -4.24989175 1.26509463
v 0.30910024 -4.23992967 1.15177202
v 0.44867479 -4.58355903 1.2087897
v 0.31090134 -4.5527091 1.08989524
v 0.21693901 -4.50119352 0.92171138
v 0.22266478 -4.22007608 0.98824477
v 0.18519425 -4.43192386 0.71147584
v 0.19161969 -4.20647764 0.74912327
v 0.22276353 -4.37483692 0.44904401
v 0.19257582 -4.68701791 0.60759222
v 0.22443559 -4.61224508 0.39401069
v 0.33460432 -4.59124612 0.17851211
v 0.24461521 -4.87991428 0.29286083
v 0.32914102 -4.83884 0.13102088
v 0.4620302 -4.83033275 0.00666637
v 0.35531449 -5.09588956 0.04897437
v 0.45665326 -5.07007551 -0.04618322
v 0.5801717 -5.0632615 -0.1002253
v 0.60418951 -4.84082508 -0.06272952
v 0.70946455 -5.07195568 -0.12413985
v 0.74490028 -4.86006259 -0.09396121
v 0.8423556 -5.09288454 -0.11369769
v 0.87910211 -4.88105583 -0.08657203
v 0.96815687 -5.11599731 -0.06845839
v 1.00598323 -4.8935523 -0.043506
v 1.07204461 -5.13378763 0.01263412
v 1.10998296 -4.89926815 0.04366973
v 1.14193487 -5.14429378 0.12374276
v 1.1697514 -4.9004054 0.16738179
v 1.17293965 -5.15702199 0.25224676
v 1.19392907 -4.90344095 0.31126105
v 1.21225452 -4.65380621 0.35121917
v 1.18757879 -4.92443037 0.47409567
v 1.2046355 -4.66758871 0.54604119
v 1.21831643 -4.41890907 0.5685594
v 1.15612268 -4.72073984 0.75178778
v 1.16767001 -4.45010376 0.81495273
v 1.18143212 -4.17049455 0.80037188
v 1.07517039 -4.49474716 1.02170586
v 1.08429133 -4.18103694 1.02281367
v 1.09694361 -3.89007568 0.95863366
v 1.19701993 -3.89964032 0.72252202
v 1.11216485 -3.62293076 0.87816649
v 1.22801625 -3.64369225 0.63091218
v 1.1316967 -3.37429976 0.8118931
v 1.25494086 -3.39548111 0.55737268
v 1.14356732 -3.13302159 0.77169311
v 1.25730752 -3.15165853 0.51258826
v 0.99178469 -3.36726832 0.99602198
v 0.97225552 -3.62357473 1.06293833
v 0.82071268 -3.63077163 1.17879509
v 0.95668619 -3.89541554 1.13306522
v 0.79453516 -3.90828132 1.2417382
v 0.94961261 -4.20302152 1.18562305
v 0.78995299 -4.22487258 1.28364884
v 0.9485917 -4.5407238 1.17002344
v 0.79243457 -4.57433748 1.25484848
v 0.6181209 -4.5907402 1.2685163
v 0.79096746 -4.90241146 1.11790883
v 0.62079125 -4.91508007 1.12431228
v 0.45528945 -4.89551687 1.07010841
v 0.62656992 -5.1786251 0.91949349
v 0.46924603 -5.15613412 0.87266439
v 0.33694788 -5.10600185 0.77678787
v 0.31751129 -4.84561252 0.95785474
v 0.25279703 -5.03036499 0.63899475
v 0.22660651 -4.77224683 0.80132967
v 0.22083778 -4.94654226 0.47071349
v 0.29731735 -5.27403593 0.46701356
v 0.26968571 -5.20309591 0.32383352
v 0.2881388 -5.14219903 0.17802014
v 0.33371931 -5.45379257 0.18258182
v 0.34922975 -5.39974021 0.05833143
v 0.40725573 -5.3548522 -0.04516271
v 0.41996431 -5.66058254 -0.05146696
v 0.45568442 -5.62933111 -0.15140211
v 0.51556378 -5.60226488 -0.23109106
v 0.48712596 -5.32628917 -0.11785894
v 0.59935933 -5.580554 -0.27593383
v 0.58345109 -5.30949878 -0.16445076
v 0.69768273 -5.57395219 -0.28446093
v 0.69446212 -5.30630016 -0.17960453
v 0.79722458 -5.57873582 -0.25874638
v 0.81015855 -5.31809854 -0.16610886
v 0.90115809 -5.58970832 -0.20410569
v 0.92777025 -5.34252691 -0.12079256
v 1.00162708 -5.61655187 -0.12386024
v 1.03541767 -5.37015676 -0.04045634
v 1.07530999 -5.64680242 -0.02728738
v 1.11218619 -5.39222812 0.06095
v 1.11959147 -5.67226457 0.06920373
v 1.14938938 -5.41769981 0.16779947
v 1.12813377 -5.70092344 0.16977374
v 1.15192318 -5.44869375 0.27558827
v 1.16944623 -5.18412494 0.38071665
v 1.12051451 -5.48131847 0.37521687
v 1.13478708 -5.22812318 0.50109744
v 1.14647328 -4.97725582 0.63487517
v 1.05930566 -5.28715086 0.60671466
v 1.06415236 -5.0516262 0.76941388
v 1.06989204 -4.79423427 0.92502361
v 0.94252681 -5.12215042 0.86416155
v 0.94546675 -4.8588376 1.05051541
v 0.79146385 -5.16726398 0.91649884
v 0.94364005 -5.34410429 0.68353837
v 0.80077213 -5.38555002 0.72625529
v 0.64547777 -5.39931201 0.72546947
v 0.81515818 -5.58914947 0.56150692
v 0.67431318 -5.60148859 0.55912965
v 0.5389108 -5.59007358 0.51053714
v 0.4978789 -5.38321352 0.67819321
v 0.42992678 -5.55728244 0.42311033
v 0.37729373 -5.33960104 0.58918213
v 0.35911038 -5.50827026 0.307374
v 0.49065184 -5.76134634 0.29008522
v 0.42952859 -5.73356485 0.18065545
v 0.40631052 -5.69910717 0.06218286
v 0.4692713 -5.96363306 0.12104552
v 0.44740882 -5.95149469 0.00152867
v 0.45745062 -5.94039869 -0.11286528
v 0.45122826 -6.21168994 0.01701402
v 0.46683976 -6.22032356 -0.09500763
v 0.51118445 -6.22850275 -0.19252228
v 0.49052399 -5.92838001 -0.21802558
v 0.57528895 -6.23472976 -0.26618495
v 0.54639399 -5.91647958 -0.29958197
v 0.65660715 -6.2350254 -0.31570163
v 0.62739151 -5.90570974 -0.3511852
v 0.74960112 -6.22847414 -0.33262002
v 0.71851539 -5.89742374 -0.36429828
v 0.84420794 -6.21714878 -0.31534084
v 0.8176732 -5.89174032 -0.33765131
v 0.93210375 -6.20623827 -0.26690608
v 0.91028404 -5.88909673 -0.27669507
v 1.01238 -6.19760847 -0.19926105
v 0.99262797 -5.89415979 -0.1976445
v 1.08021068 -6.19387435 -0.11679288
v 1.06548297 -5.90908336 -0.10321638
v 1.1170454 -6.19497871 -0.0204076
v 1.10358226 -5.92678356 -0.00460547
v 1.1099267 -6.197999 0.07632859
v 1.103603 -5.94528436 0.09446181
v 1.0676676 -6.20226097 0.16669094
v 1.06353008 -5.96112918 0.17818237
v 1.09230399 -5.72785139 0.25897398
v 0.9950816 -5.97227239 0.24795931
v 1.02268981 -5.74930477 0.33109644
v 1.05111742 -5.51878452 0.46227839
v 0.92948705 -5.76866531 0.38612598
v 0.94583314 -5.55866146 0.52588027
v 0.81772553 -5.78316736 0.41814196
v 0.90961724 -5.98096561 0.30132535
v 0.81175971 -5.98668813 0.33229595
v 0.70685559 -5.98800993 0.33357533
v 0.69813078 -5.78799104 0.41591069
v 0.60690897 -5.98375177 0.29650968
v 0.5829975 -5.78021574 0.37209993
v 0.5241521 -5.97501802 0.2219686
v 0.60500687 -6.20226478 0.29438585
v 0.5246396 -6.2018342 0.22285035
v 0.4716461 -6.2046256 0.12587532
v 0.51461845 -6.44036531 0.26591756
v 0.46353247 -6.45414066 0.17418439
v 0.44475013 -6.47140979 0.07033279
v 0.46286466 -6.70532894 0.23535864
v 0.44544056 -6.72654151 0.13238596
v 0.45830687 -6.74844741 0.02752524
v 0.46067413 -6.49009561 -0.03584916
v 0.50159013 -6.76903963 -0.06927985
v 0.50567847 -6.50713729 -0.13031782
v 0.57289195 -6.78555965 -0.14916397
v 0.5762757 -6.52001047 -0.20753946
v 0.66474038 -6.79571342 -0.20107238
v 0.66577494 -6.52593088 -0.2575201
v 0.76757127 -6.79845619 -0.21912659
v 0.76534616 -6.5247817 -0.2754563
v 0.86951798 -6.7942686 -0.20463429
v 0.86570185 -6.51775217 -0.26121947
v 0.9632126 -6.78533697 -0.16310031
v 0.95843392 -6.50762653 -0.21920412
v 1.04164636 -6.77316331 -0.09885118
v 1.03841459 -6.49619674 -0.15593227
v 1.09621238 -6.75852918 -0.01806694
v 1.09816181 -6.48519802 -0.07820705
v 1.12178897 -6.74152278 0.07277144
v 1.12859821 -6.47421407 0.01435164
v 1.11015296 -6.72308206 0.16642426
v 1.11957132 -6.4640479 0.11047663
v 1.06429588 -6.70472908 0.25332716
v 1.07333612 -6.45520782 0.19970747
v 0.99226474 -6.68909359 0.32632169
v 0.99974495 -6.44716787 0.27427434
v 0.99778473 -6.20529794 0.24066369
v 0.90845716 -6.43975162 0.33041653
v 0.90979778 -6.20668458 0.29690623
v 0.80546569 -6.43349838 0.36355418
v 0.80993133 -6.20620489 0.32997086
v 0.69790101 -6.43023443 0.36639872
v 0.70440566 -6.20420551 0.33103716
v 0.59621202 -6.43211078 0.33350095
v 0.69451594 -6.66846752 0.4236857
v 0.59352415 -6.67361545 0.39252615
v 0.51345413 -6.686728 0.32589417
v 0.59902501 -6.91637229 0.45223024
v 0.5182302 -6.93005704 0.38669589
v 0.46835935 -6.94905328 0.29574129
v 0.5334174 -7.15785169 0.4297586
v 0.48627707 -7.18070411 0.34046578
v 0.47369408 -7.20610141 0.24643313
v 0.45362925 -6.9717822 0.19379054
v 0.49187615 -7.23217439 0.15684311
v 0.46672433 -6.99604702 0.09278708
v 0.53272151 -7.25892972 0.07509956
v 0.51120579 -7.01981258 0.00097978
v 0.59459281 -7.28152275 0.01244102
v 0.57824903 -7.04030323 -0.07466185
v 0.67648011 -7.29878377 -0.02850272
v 0.66680032 -7.05436754 -0.12490391
v 0.76687568 -7.30826759 -0.04195924
v 0.76679319 -7.0601387 -0.14290079
v 0.85725516 -7.30771493 -0.02604767
v 0.86586695 -7.0574131 -0.127724
v 0.94079762 -7.29864263 0.0119835
v 0.95415431 -7.04712247 -0.08423723
v 1.00771939 -7.28059434 0.06918421
v 1.02730536 -7.0320959 -0.02216781
v 1.0567851 -7.25560569 0.13925345
v 1.08047986 -7.01326036 0.05453398
v 1.08334982 -7.22617149 0.2158378
v 1.1042875 -6.99061632 0.14058829
v 1.07908701 -7.19611167 0.29388353
v 1.09366464 -6.96609592 0.22913457
v 1.04278659 -7.17070722 0.36643001
v 1.05081105 -6.94389009 0.31100738
v 0.98341435 -7.15117073 0.42788949
v 0.985318 -6.92698144 0.37998378
v 0.90804392 -7.13710928 0.47446954
v 0.90283697 -6.91529512 0.43585699
v 0.90266495 -6.67784261 0.38284659
v 0.80432796 -6.90888834 0.47439664
v 0.80134183 -6.6706562 0.41792681
v 0.69912391 -6.90894699 0.48261568
v 0.81625819 -7.13080596 0.50685322
v 0.71433043 -7.13342905 0.51652109
v 0.61373484 -7.14179754 0.49261313
v 0.72932148 -7.32923507 0.55079859
v 0.62828862 -7.33869457 0.52496242
v 0.54812246 -7.35998725 0.46526923
v 0.6243183 -7.49285984 0.57634663
v 0.53599208 -7.51909065 0.52621752
v 0.47644111 -7.56196641 0.4552823
v 0.50063234 -7.39102172 0.38596826
v 0.44169846 -7.62892246 0.37469431
v 0.48544165 -7.43094635 0.29977145
v 0.44514775 -7.70164156 0.28157559
v 0.50065761 -7.46681308 0.21825775
v 0.47014021 -7.7753067 0.1945699
v 0.54196745 -7.50466489 0.14119203
v 0.52486223 -7.84732675 0.12477383
v 0.59766161 -7.53538608 0.08499714
v 0.61964625 -7.90235757 0.09589959
v 0.67105424 -7.56320858 0.05374269
v 0.73371094 -7.93073034 0.09632922
v 0.75625896 -7.58207845 0.04752857
v 0.84350729 -7.92618084 0.13579107
v 0.8409869 -7.5836296 0.07001104
v 0.93655282 -7.89269685 0.18429374
v 0.92098814 -7.56857967 0.10944268
v 1.01412761 -7.83840227 0.23737111
v 0.99064004 -7.53841257 0.1616352
v 1.0797857 -7.75891542 0.31191298
v 1.04446244 -7.50019979 0.22594872
v 1.1176511 -7.67882633 0.38594275
v 1.07931137 -7.45750522 0.29608798
v 1.1260091 -7.60574483 0.46144616
v 1.08566117 -7.41441726 0.36824917
v 1.09554374 -7.55041408 0.52773922
v 1.05455541 -7.37973785 0.43353098
v 1.03329122 -7.51603603 0.57741302
v 0.99843132 -7.35596513 0.48727458
v 0.94683766 -7.50095319 0.60512596
v 0.92337375 -7.34017038 0.52498304
v 0.84378123 -7.49508333 0.61249351
v 0.83248454 -7.33062791 0.54675066
v 0.73222398 -7.48854684 0.6051777
v 0.84719353 -7.59759378 0.72499877
v 0.71535217 -7.59266614 0.70635747
v 0.59179252 -7.58397531 0.6745882
v 0.68506366 -7.62745571 0.84935915
v 0.54058492 -7.6089797 0.8172037
v 0.40843084 -7.60969638 0.7724182
v 0.48324003 -7.59535026 0.62862974
v 0.30027115 -7.66748285 0.72047638
v 0.39592322 -7.64281415 0.5622074
v 0.23799887 -7.77528715 0.67423081
v 0.34557783 -7.7349472 0.48269504
v 0.21864533 -7.90189075 0.63749313
v 0.33465555 -7.85448455 0.40553945
v 0.24024562 -8.03942966 0.61026752
v 0.35493102 -7.97193002 0.35979938
v 0.31670811 -8.17031192 0.60492712
v 0.42031613 -8.09269046 0.32928514
v 0.44658458 -8.25972175 0.62878024
v 0.53281933 -8.18842601 0.32467666
v 0.61071163 -8.30490016 0.66613173
v 0.6762312 -8.23951721 0.34655281
v 0.81325805 -8.3167057 0.69397127
v 0.84131705 -8.23955535 0.37491771
v 1.01271653 -8.27969074 0.70130509
v 0.98715269 -8.17638301 0.39529332
v 1.16615724 -8.2116537 0.69105863
v 1.10231304 -8.08613872 0.40898701
v 1.25724363 -8.09494018 0.69431906
v 1.17512464 -7.96419286 0.44537425
v 1.28256619 -7.96483945 0.72271585
v 1.19967091 -7.84766435 0.51175928
v 1.26107657 -7.8481636 0.77060014
v 1.1920073 -7.75027465 0.58547401
v 1.21001923 -7.75320482 0.82037895
v 1.15397107 -7.67085981 0.65120577
v 1.12027442 -7.69089269 0.86036461
v 1.07813656 -7.61821317 0.70156115
v 0.99162077 -7.66620492 0.87619364
v 0.97085332 -7.60217762 0.72411394
v 0.84340924 -7.65211057 0.86933571
v 0.99472636 -7.71520519 1.06096577
v 0.82748711 -7.67725849 1.04288518
v 0.64721155 -7.63916873 1.01693332
v 0.46258121 -7.63324976 1.19174957
v 0.48774832 -7.6101737 0.98659145
v 0.33639314 -7.6478424 1.19740831
v 0.34669932 -7.61182737 0.96276426
v 0.23156254 -7.71327209 1.19212722
v 0.23460774 -7.6779046 0.94009083
v 0.16855411 -7.82247495 1.18094778
v 0.16937877 -7.79239749 0.91783624
v 0.14441524 -7.94682359 1.17194879
v 0.14397588 -7.92589139 0.89858734
v 0.1639453 -8.08019828 1.16414415
v 0.16351299 -8.06749534 0.8870446
v 0.23235088 -8.20762729 1.15764272
v 0.23676887 -8.19856262 0.88482719
v 0.36545628 -8.2836523 1.14882791
v 0.3745386 -8.28345775 0.90035909
v 0.55542844 -8.29323482 0.92301297
v 0.77455592 -8.30991649 0.9479407
v 0.98839414 -8.28160858 0.97382217
v 1.0726192 -8.23032665 1.25364875
v 1.1573162 -8.23598289 0.98832404
v 1.17287886 -8.15821456 1.29950833
v 1.26323628 -8.14435672 0.99867671
v 1.2186954 -8.0631237 1.3285861
v 1.29733789 -8.0242958 1.0166006
v 1.21828782 -7.96176004 1.34649169
v 1.28849566 -7.91248846 1.0370326
v 1.15998029 -7.87318801 1.33808326
v 1.24058675 -7.81608247 1.05640494
v 1.0625689 -7.81297254 1.30259668
v 1.13675558 -7.75513792 1.06667053
v 0.99204325 -7.91934967 1.54039287
v 0.91696405 -7.84394216 1.48413074
v 0.82284665 -7.91530609 1.67217457
v 0.76697892 -7.83944702 1.60860097
v 0.55064493 -7.76134204 1.56860828
v 0.43828138 -7.78416919 1.59707343
v 0.37387287 -7.71912145 1.41388404
v 0.48549547 -7.69192266 1.39456021
v 0.35125929 -7.83666181 1.61361229
v 0.28082662 -7.77511692 1.41967523
v 0.30571395 -7.91030454 1.60991609
v 0.22687801 -7.8633151 1.41492986
v 0.21376767 -7.97029876 1.40579295
v 0.23872314 -8.08145332 1.39302146
v 0.30812454 -8.18387794 1.38206434
v 0.52201354 -8.22354507 1.53152298
v 0.42834213 -8.25013923 1.36035525
v 0.59921264 -8.19174099 1.66192996
v 0.75260227 -8.21955394 1.5827682
v 0.65172523 -8.14223289 1.74776184
v 0.81174308 -8.16194343 1.65751409
v 0.99720048 -8.16914367 1.52267241
v 0.91883122 -8.22644519 1.4483298
v 0.84862339 -8.09134101 1.70802795
v 1.04105234 -8.09103965 1.56982851
v 0.85234201 -8.00097751 1.71183776
v 1.03487968 -7.99741268 1.57088983
v 0.68417775 -8.07735061 1.79878616
v 0.5304715 -8.03412818 1.8248955
v 0.40790626 -7.97381401 1.75228416
v 1.19088184 0.71289104 0.73541247
v 1.44138443 0.81196361 0.67498904
v 1.6874423 0.88370734 0.55829697
v 1.92243707 0.94499802 0.41202282
v 2.15798163 0.99156057 0.24779474
v 2.40998268 0.97523343 0.08807021
v 2.67349457 0.88579016 -0.03283036
v 2.94122552 0.74614369 -0.07762722
v 3.21616387 0.61387229 -0.0240866
v 3.47179889 0.4868012 0.07425603
v 3.68452048 0.28821533 0.05633084
v 4.07516002 1.07159102 -0.03124587
v 3.84399557 1.14901292 0.12114188
v 3.61681509 1.08257865 0.29835024
v 3.41684842 0.94969385 0.41286516
v 3.18859124 0.85915005 0.48655197
v 2.93595576 0.79524391 0.59347456
v 2.68795657 0.66170787 0.70177501
v 2.4370284 0.47055485 0.7273429
v 2.19021415 0.26924529 0.66663008
v 1.91979801 0.10289971 0.5719189
v 1.60595917 0.02416091 0.48839086
v 1.34404635 0.05623941 0.34635156
v 1.17485702 0.12080606 0.17091859
v 1.0569241 0.21679854 0.00682058
v 0.9505127 0.35535067 -0.12262206
v 0.85635376 0.51153975 -0.19832478
v 0.76969277 0.69810795 -0.23299107
v 0.81710958 0.4935486 -0.22636838
v 0.57358598 1.65834248 -0.42350167
v 0.41444161 1.65174591 -0.56165069
v 0.63504916 1.86540365 -0.47994807
v 0.45881044 1.85737025 -0.62918543
v 0.700558 2.07111215 -0.52996742
v 0.51537495 2.06569218 -0.68543839
v 0.75703936 2.28076291 -0.57560807
v 0.56397193 2.27614116 -0.73129165
v 0.78288894 2.50565886 -0.59659946
v 0.59397131 2.49548363 -0.74921834
v 0.59352785 2.70659303 -0.73318618
v 0.56297081 2.8888719 -0.68705409
v 0.51598417 3.06564307 -0.60862612
v 0.59053707 3.17835855 -0.42311397
v 0.48304891 3.20672464 -0.49099853
v 0.65585142 3.16259121 -0.37514573
v 0.73036879 3.20633149 -0.38434901
v 0.72768414 3.34270548 -0.29131868
v 0.76996642 3.27368998 -0.42096012
v 0.77326571 3.40399766 -0.33538195
v 0.78075814 3.44842314 -0.20106789
v 0.8689875 3.4605658 -0.13176178
v 0.87645787 3.37086105 -0.20743095
v 0.83506929 3.3090856 -0.14950506
v 0.82100206 3.25802564 -0.07037927
v 0.8526346 3.27265811 -0.31269484
v 0.82672542 3.19058871 -0.25061753
v 0.82702964 3.12218046 -0.15006974
v 0.90022802 3.05741357 -0.3293271
v 0.90439277 3.15493106 -0.39543443
v 1.01014816 3.06224203 -0.43249338
v 1.00626015 2.96765875 -0.36150348
v 1.09122359 2.99732708 -0.49035602
v 1.07366561 2.88551855 -0.41997808
v 1.04699635 3.0758574 -0.61617666
v 1.04959642 3.1998527 -0.63680523
v 0.93478316 3.08535122 -0.58044779
v 0.83007866 3.14849662 -0.50311756
v 0.82304787 3.4639523 -0.39202624
v 0.8956753 2.28600287 -0.41384586
v 0.90400046 2.50911235 -0.45111054
v 1.00310599 2.29664516 -0.2545697
v 0.98997265 2.51612043 -0.33138731
v 1.08996903 2.3333013 -0.09052383
v 1.0635302 2.10582685 -0.02335046
v 1.11181771 2.12559056 0.158376
v 1.14743876 2.41123724 0.07069638
v 0.96647709 2.09199619 -0.19240522
v 0.8889414 1.87440609 -0.14947289
v 0.84943598 2.07974052 -0.36460727
v 0.7781986 1.87375402 -0.31480926
v 0.69448894 1.66371607 -0.26715022
v 1.12765193 2.44419956 0.31644973
v 1.02470755 2.78405499 0.4299514
v 0.44825437 2.86116409 1.23804724
v 0.49614033 3.03078174 0.9925313
v 0.36123335 3.0090363 1.23470056
v 0.44018229 3.20179605 0.98855376
v 0.5488621 3.31541204 0.66755569
v 0.33236807 3.31972599 0.95358061
v 0.41430085 3.37999868 0.61754554
v 0.47352516 3.40377521 0.31240752
v 0.62599474 3.35011291 0.34567159
v 0.26503181 3.12561297 1.23387396
v 0.35448765 2.8780632 1.4544543
v 0.24024254 2.96310448 1.45180892
v 0.45567876 2.77364158 1.46483278
v 0.30251595 2.29681658 1.78454899
v 0.15747933 2.33900761 1.86511814
v 0.17348928 2.41136622 1.91532027
v 0.11478352 2.24540352 1.46555423
v 0.09847215 2.12993812 1.45452535
v 0.19419492 2.12502598 1.45856642
v 0.2077806 2.22559166 1.46186423
v 0.24970719 2.0476551 1.56881392
v 0.29272413 2.00279355 1.58284735
v 0.17972204 1.94904148 1.69010472
v 0.17649385 2.00152945 1.70398819
v 0.16322766 1.88882529 1.65215551
v 0.27432963 1.93180096 1.54568016
v 0.13474308 -3.28078246 -1.25081443
v 0.09172324 -3.20625686 -1.25880527
v 0.08552944 -3.22381663 -1.51377999
v 0.12485185 -3.31378412 -1.50790751
v 0.09346012 -3.234905 -1.77631282
v 0.0989144 -3.2537682 -2.03978824
v 0.14316062 -3.35869789 -2.03105092
v 0.13664192 -3.33676314 -1.76771092
v 0.10329164 -3.27902221 -2.30366945
v 0.10194937 -3.30031704 -2.56863498
v 0.13962438 -3.40178179 -2.56129932
v 0.14269036 -3.38184475 -2.29590988
v 0.09413038 -3.32033896 -2.83406496
v 0.0877188 -3.34552097 -3.09929919
v 0.12780869 -3.43955969 -3.09173917
v 0.13515526 -3.41949987 -2.8268907
v 0.07960031 -3.37543463 -3.36403775
v 0.07916956 -3.40415072 -3.6262319
v 0.11743625 -3.48807978 -3.61823988
v 0.11634403 -3.46277022 -3.35571146
v 0.09249899 -3.41001248 -3.87499499
v 0.10107123 -3.42057943 -4.08757066
v 0.14925077 -3.51738047 -4.07863187
v 0.13569311 -3.50387787 -3.86739182
v 0.09333802 -3.446074 -4.25790786
v 0.13865143 -3.53214764 -4.25508499
v 0.14070004 -3.62764167 -4.25064468
v 0.14849385 -3.62377786 -4.07151699
v 0.0925063 -3.71114802 -4.24471664
v 0.09964991 -3.71826171 -4.06727218
v 0.0912585 -3.70050072 -3.85410428
v 0.13478972 -3.60771465 -3.8597517
v 0.07636049 -3.66243672 -3.60586881
v 0.11547214 -3.58219575 -3.61102342
v 0.07846088 -3.64708185 -3.34303522
v 0.11549896 -3.56034278 -3.34816503
v 0.08634959 -3.63822007 -3.07729101
v 0.12661118 -3.54468822 -3.08396458
v 0.0907183 -3.62489295 -2.81148409
v 0.1329801 -3.52779221 -2.8188107
v 0.0935496 -3.61042285 -2.54581761
v 0.13733516 -3.51099991 -2.55311632
v 0.09474831 -3.59304189 -2.27988839
v 0.14055456 -3.49316883 -2.28738522
v 0.09437037 -3.57270789 -2.01340055
v 0.14035755 -3.4725995 -2.02163195
v 0.09031888 -3.54651761 -1.74588251
v 0.13264094 -3.44874811 -1.75659418
v 0.08160687 -3.50165605 -1.47754836
v 0.12294887 -3.41495871 -1.49399209
v -0.57741016 2.88523197 0.88942819
v -0.09344468 3.10177683 0.96932786
v -0.37894105 3.16432976 0.76909142
v -0.49359166 2.88780689 0.70077788
v -0.21127364 3.10717558 0.69728285
v -0.34288653 2.86478328 0.66273802
v -0.6123265 2.93808031 0.89357447
v -0.58874285 2.94334888 0.77552312
v -0.55393409 2.87610697 0.80676865
v -0.52935844 2.86308312 0.98769772
v -0.56932091 2.92995524 1.03502976
v -0.48698023 2.82417535 0.89698159
v -0.15374951 3.13098645 1.02286374
v -0.13113848 3.07497906 1.08088314
v -0.06215153 3.05388808 0.97875493
v -0.04694978 3.04023909 0.8709771
v -0.08599314 3.10257053 0.89108467
v -0.1632359 3.15603089 0.9278872
v -0.55220007 3.12214279 0.88637024
v -0.52193832 3.13197898 0.82257002
v -0.56686317 3.07654237 0.78207451
v -0.59489464 3.07794427 0.89004069
v -0.16288295 2.86769151 1.04312884
v -0.14412523 2.84722399 0.96170729
v -0.06932299 2.91395783 0.95867717
v -0.12771318 2.9220736 1.07634246
v -0.40750744 3.17449712 0.81860411
v -0.34124743 3.18739867 0.84971195
v -0.33082553 3.1682713 0.77140861
v -0.33497542 3.13083791 0.69614571
v -0.40136814 3.13503718 0.71532124
v -0.46519881 3.13713455 0.75764614
v -0.51817292 2.95251607 0.67705613
v -0.43382316 2.95686626 0.62534606
v -0.4240095 2.89746928 0.65007144
v -0.43913993 2.81874918 0.78983926
v -0.39040604 2.83686494 0.71234297
v -0.18752184 3.12904882 0.74804759
v -0.1436868 3.07882952 0.7161923
v -0.19959747 3.07071065 0.66688275
v -0.26612043 3.12183451 0.69290739
v -0.26216155 3.16134977 0.7690916
v -0.26959502 3.07533526 0.64358192
v -0.18942643 2.86268949 0.71464669
v -0.24069365 2.85093832 0.70018714
v -0.22316843 2.90431284 0.65028303
v -0.15938854 2.90404701 0.69066
v -0.34679266 2.90557336 0.62736153
v -0.28345784 2.90484857 0.63146436
v -0.29615089 2.85278677 0.68002247
v -0.24970154 2.81085157 0.79297888
v -0.32200795 2.80830073 0.7710995
v -0.25451299 2.79988265 0.89069396
v -0.35287019 2.79387807 0.86735016
v -0.26359838 2.81336927 0.99371135
v -0.38580223 2.80744171 0.97713917
v -0.27143091 2.85736084 1.09381783
v -0.4177213 2.85444712 1.07911634
v -0.26691207 2.9245398 1.15971994
v -0.43934324 2.92600011 1.14553344
v -0.26423391 3.01124596 1.18219804
v -0.44530376 3.01623725 1.16567885
v -0.58105796 3.01440191 1.047073
v -0.42977583 3.09924769 1.13146317
v -0.55485594 3.09096193 1.02482283
v -0.6221019 3.0116508 0.89526641
v -0.5927478 3.01331782 0.77160567
v -0.50261402 3.08096933 0.70516365
v -0.52108085 3.01755809 0.67932915
v -0.4242503 3.08224606 0.65946036
v -0.43524926 3.01843571 0.62808132
v -0.34572553 3.08053255 0.64108926
v -0.35345205 3.01971817 0.60970103
v -0.35341879 2.95927739 0.60661661
v -0.27328088 3.01805138 0.61399525
v -0.27763146 2.95956015 0.61037421
v -0.19524781 3.01756143 0.64135116
v -0.20350664 2.9608035 0.63454884
v -0.12722931 3.02130174 0.69175112
v -0.13240779 2.96311307 0.68272501
v -0.07300765 3.02969598 0.77002567
v -0.07288939 2.96516418 0.75982612
v -0.10281486 2.9014101 0.76206004
v -0.04060404 2.97142505 0.86082738
v -0.06912255 2.90447044 0.85676354
v -0.14375929 2.83880448 0.871266
v -0.16312049 2.84507846 0.78010731
v -0.04813445 2.9839518 0.97534906
v -0.11672405 2.99863076 1.09768104
v -0.26627534 3.09439492 1.14806449
v -0.26917612 3.1543591 1.0691775
v -0.40138852 3.15819096 1.05610764
v -0.26644465 3.18442225 0.95972365
v -0.36707243 3.18851614 0.95197552
v -0.4546253 3.17291092 0.89599335
v -0.50718712 3.14490652 0.97525107
v -0.26082158 3.1823709 0.85347765
v -0.16939172 3.15020346 0.82867449
v -0.10186045 3.09270286 0.79414629
v 0.57741016 2.88523197 0.88942819
v 0.09344468 3.10177683 0.96932786
v 0.37894105 3.16432976 0.76909142
v 0.49359166 2.88780689 0.70077788
v 0.21127364 3.10717558 0.69728285
v 0.34288653 2.86478328 0.66273802
v 0.6123265 2.93808031 0.89357447
v 0.58874285 2.94334888 0.77552312
v 0.55393409 2.87610697 0.80676865
v 0.52935844 2.86308312 0.98769772
v 0.56932091 2.92995524 1.03502976
v 0.48698023 2.82417535 0.89698159
v 0.15374951 3.13098645 1.02286374
v 0.13113848 3.07497906 1.08088314
v 0.06215153 3.05388808 0.97875493
v 0.04694978 3.04023909 0.8709771
v 0.08599314 3.10257053 0.89108467
v 0.1632359 3.15603089 0.9278872
v 0.55220007 3.12214279 0.88637024
v 0.52193832 3.13197898 0.82257002
v 0.56686317 3.07654237 0.78207451
v 0.59489464 3.07794427 0.89004069
v 0.16288295 2.86769151 1.04312884
v 0.14412523 2.84722399 0.96170729
v 0.06932299 2.91395783 0.95867717
v 0.12771318 2.9220736 1.07634246
v 0.40750744 3.17449712 0.81860411
v 0.34124743 3.18739867 0.84971195
v 0.33082553 3.1682713 0.77140861
v 0.33497542 3.13083791 0.69614571
v 0.40136814 3.13503718 0.71532124
v 0.46519881 3.13713455 0.75764614
v 0.51817292 2.95251607 0.67705613
v 0.43382316 2.95686626 0.62534606
v 0.4240095 2.89746928 0.65007144
v 0.43913993 2.81874918 0.78983926
v 0.39040604 2.83686494 0.71234297
v 0.18752184 3.12904882 0.74804759
v 0.1436868 3.07882952 0.7161923
v 0.19959747 3.07071065 0.66688275
v 0.26612043 3.12183451 0.69290739
v 0.26216155 3.16134977 0.7690916
v 0.26959502 3.07533526 0.64358192
v 0.18942643 2.86268949 0.71464669
v 0.24069365 2.85093832 0.70018714
v 0.22316843 2.90431284 0.65028303
v 0.15938854 2.90404701 0.69066
v 0.34679266 2.90557336 0.62736153
v 0.28345784 2.90484857 0.63146436
v 0.29615089 2.85278677 0.68002247
v 0.24970154 2.81085157 0.79297888
v 0.32200795 2.80830073 0.7710995
v 0.25451299 2.79988265 0.89069396
v 0.35287019 2.79387807 0.86735016
v 0.26359838 2.81336927 0.99371135
v 0.38580223 2.80744171 0.97713917
v 0.27143091 2.85736084 1.09381783
v 0.4177213 2.85444712 1.07911634
v 0.26691207 2.9245398 1.15971994
v 0.43934324 2.92600011 1.14553344
v 0.26423391 3.01124596 1.18219804
v 0.44530376 3.01623725 1.16567885
v 0.58105796 3.01440191 1.047073
v 0.42977583 3.09924769 1.13146317
v 0.55485594 3.09096193 1.02482283
v 0.6221019 3.0116508 0.89526641
v 0.5927478 3.01331782 0.77160567
v 0.50261402 3.08096933 0.70516365
v 0.52108085 3.01755809 0.67932915
v 0.4242503 3.08224606 0.65946036
v 0.43524926 3.01843571 0.62808132
v 0.34572553 3.08053255 0.64108926
v 0.35345205 3.01971817 0.60970103
v 0.35341879 2.95927739 0.60661661
v 0.27328088 3.01805138 0.61399525
v 0.27763146 2.95956015 0.61037421
v 0.19524781 3.01756143 0.64135116
v 0.20350664 2.9608035 0.63454884
v 0.12722931 3.02130174 0.69175112
v 0.13240779 2.96311307 0.68272501
v 0.07300765 3.02969598 0.77002567
v 0.07288939 2.96516418 0.75982612
v 0.10281486 2.9014101 0.76206004
v 0.04060404 2.97142505 0.86082738
v 0.06912255 2.90447044 0.85676354
v 0.14375929 2.83880448 0.871266
v 0.16312049 2.84507846 0.78010731
v 0.04813445 2.9839518 0.97534906
v 0.11672405 2.99863076 1.09768104
v 0.26627534 3.09439492 1.14806449
v 0.26917612 3.1543591 1.0691775
v 0.40138852 3.15819096 1.05610764
v 0.26644465 3.18442225 0.95972365
v 0.36707243 3.18851614 0.95197552
v 0.4546253 3.17291092 0.89599335
v 0.50718712 3.14490652 0.97525107
v 0.26082158 3.1823709 0.85347765
v 0.16939172 3.15020346 0.82867449
v 0.10186045 3.09270286 0.79414629
v -0.17752336 2.13274574 1.48177564
v -0.1957793 2.17443394 1.58231997
v -0.2708694 2.14819741 1.57118797
v -0.26080742 2.00876903 1.59640574
v -0.18806314 2.17355227 1.47325265
v -0.18562778 2.17937898 1.54239118
v -0.17309278 2.14948272 1.55102813
v -0.14078174 2.10943079 1.57133531
v -0.13527323 2.09882664 1.53506267
v -0.13509917 2.08037257 1.51224923
v -0.17853398 2.10382866 1.46295344
v -0.20331445 2.2047944 1.54103744
v -0.21186113 2.18402242 1.59271717
v -0.18415111 2.14829158 1.593189
v -0.20314684 2.14340829 1.61754536
v -0.27562984 2.14807891 1.54396772
v -0.28565892 2.09511542 1.56221485
v -0.27709892 2.10974979 1.59547781
v -0.26307734 2.17014241 1.57983458
v -0.2615433 2.17958545 1.54021561
v -0.27045941 2.12392497 1.61988794
v -0.25196 2.03217673 1.63384008
v -0.24058327 1.96838188 1.57817006
v -0.14501953 1.9334799 1.66727399
v -0.15347118 1.95319366 1.68927538
v -0.15470026 1.97116041 1.70225727
v -0.29923149 2.03281831 1.49428856
v -0.28973886 1.99703145 1.48839318
v -0.32349684 2.01387929 1.38894939
v -0.30995953 1.99160683 1.38183057
v -0.27572554 1.97448337 1.47762084
v -0.2218168 1.94623553 1.56062531
v -0.3317185 2.04293942 1.39480304
v -0.35451823 2.04354643 1.27820241
v -0.34741959 2.02117228 1.27385687
v -0.30309477 2.0890851 1.49618458
v -0.33481213 2.0826857 1.39420652
v -0.35381868 2.06799554 1.27931261
v -0.37195915 2.09054517 1.16706824
v -0.36975231 2.06955742 1.15917277
v -0.33190771 2.11833572 1.38511097
v -0.34559285 2.09281444 1.27677941
v -0.36191892 2.11131691 1.17346847
v -0.35740321 2.15525031 1.05580055
v -0.36376297 2.13430333 1.04692173
v -0.33053231 2.11534619 1.27197921
v -0.34422025 2.12803769 1.17653846
v -0.34030002 2.16961169 1.06465911
v -0.30529904 2.207237 0.94677007
v -0.32062089 2.19283819 0.93384915
v -0.32245439 2.14040255 1.17740845
v -0.31766954 2.17874312 1.07201314
v -0.28411325 2.21428966 0.95886117
v -0.22211715 2.25178957 0.86265659
v -0.23919606 2.24657869 0.84209734
v -0.29254353 2.18081188 1.07676959
v -0.25997972 2.2125945 0.96990704
v -0.19981093 2.24691844 0.88374668
v -0.11519965 2.29717111 0.82950103
v -0.12956349 2.30498266 0.80059063
v -0.23305855 2.2014153 0.98038679
v -0.17577752 2.23272347 0.9019863
v -0.0971426 2.2783792 0.85561901
v 0 2.2988553 0.84707248
v 0 2.32434511 0.8209877
v -0.15158505 2.21095681 0.91708856
v -0.07610689 2.24670434 0.87808173
v 0 2.27106809 0.86435848
v -0.06047409 2.20838189 0.89154428
v 0 2.21779322 0.88423389
v -0.05420778 2.17057466 0.89376145
v 0 2.17212915 0.88691401
v -0.05449216 2.14064741 0.88523441
v 0 2.14218473 0.87638336
v -0.05909484 2.11673975 0.86826294
v 0 2.11905932 0.85896039
v -0.06717828 2.0996623 0.84384286
v 0 2.10235023 0.833453
v -0.07891942 2.0929687 0.81315249
v 0 2.09681654 0.80096453
v -0.09289728 2.09845495 0.78171533
v 0 2.10181403 0.76520568
v -0.10790036 2.11606812 0.75314569
v 0 2.11960697 0.72890609
v -0.12326037 2.14643359 0.72841954
v 0 2.15188336 0.69675028
v -0.13576972 2.1861751 0.71324461
v 0 2.19579815 0.67604029
v -0.14416208 2.22508978 0.71201121
v 0 2.2426939 0.67078173
v -0.14706143 2.25983738 0.72315573
v 0 2.28688406 0.68200653
v -0.1449716 2.28695893 0.74446165
v 0 2.32364702 0.70831531
v -0.13848705 2.30208706 0.77188831
v 0 2.34372949 0.75096303
v 0 2.34092927 0.78904569
v -0.25039145 2.23271679 0.82376319
v -0.25483727 2.20975327 0.80993521
v -0.32650953 2.17018699 0.92334175
v -0.25120139 2.18260908 0.80350053
v -0.32232171 2.14566898 0.91769897
v -0.35937097 2.11138987 1.03995835
v -0.30984374 2.11973524 0.9177643
v -0.3465456 2.09006619 1.0358746
v -0.3584809 2.05124354 1.15218758
v -0.32858061 2.07083368 1.03496122
v -0.34075745 2.03561615 1.14712917
v -0.33230307 2.00230455 1.2675693
v -0.31920692 2.02415013 1.14482975
v -0.31135943 1.99029696 1.26189768
v -0.29006901 1.97861623 1.3749665
v -0.28594791 1.98696899 1.25786232
v -0.26765888 1.97794735 1.36966085
v -0.23456606 1.96442616 1.45188891
v -0.25628978 1.96257817 1.46443891
v -0.17879617 1.93917405 1.52011072
v -0.20077833 1.93595135 1.54072141
v -0.09876477 1.9232856 1.58178353
v -0.11530809 1.91480898 1.6121732
v -0.13176555 1.91895735 1.64057385
v 0 1.90694451 1.63644611
v 0 1.90527617 1.67253959
v 0 1.91256403 1.70639491
v 0 1.927809 1.73611807
v 0 1.95857429 1.76133716
v 0 2.00085902 1.76256012
v -0.14878895 1.99715459 1.70971763
v -0.24041102 2.04646468 1.64770305
v 0 2.02636098 1.74336504
v -0.13767811 2.0224204 1.7021743
v -0.21704123 2.06523895 1.65424871
v -0.25040197 2.13364672 1.63425314
v -0.12302481 2.04083442 1.68390226
v -0.19342397 2.08015084 1.64586734
v -0.22560399 2.139467 1.63079512
v -0.23189204 2.19110512 1.59713745
v -0.25254583 2.18672776 1.59293198
v -0.17148277 2.09257602 1.62816023
v -0.10679294 2.05537343 1.65987503
v -0.09062594 2.06768822 1.62748026
v -0.15302218 2.10395503 1.6031785
v -0.07976219 2.07502937 1.59612691
v 0 2.06354141 1.65482175
v 0 2.0691719 1.61384081
v 0 2.06514763 1.58176946
v -0.07267297 2.07275533 1.56599009
v 0 2.05063223 1.5595473
v -0.06964352 2.05861473 1.54404687
v 0 2.02784538 1.54763734
v -0.06951911 2.03414917 1.53079271
v -0.13601811 2.05140304 1.49509882
v -0.18252901 2.066154 1.44847846
v -0.071749 2.00568628 1.52838575
v -0.13945692 2.01707005 1.48819494
v -0.18822474 2.03139615 1.44111824
v -0.21777425 2.03879904 1.36876273
v -0.2095706 2.07108283 1.36884903
v -0.1469023 1.98333525 1.49175381
v -0.19936612 2.00170707 1.43931365
v -0.22973296 2.01174378 1.36725533
v -0.24069412 2.0140326 1.26051378
v -0.22778001 2.03725743 1.26307129
v -0.21418768 1.97908818 1.44260895
v -0.2462095 1.99009573 1.36699354
v -0.26017618 1.99572992 1.25765526
v -0.27000844 2.02362275 1.14863121
v -0.25045284 2.03630566 1.15356743
v -0.29430589 2.0189774 1.14523708
v -0.28256288 2.04636287 1.04131901
v -0.25861471 2.04749918 1.04836916
v -0.30682349 2.05515623 1.03679502
v -0.26987803 2.07761931 0.92917788
v -0.24645009 2.06643223 0.93986415
v -0.29195243 2.09688639 0.92132467
v -0.22326199 2.12173152 0.81381273
v -0.20307987 2.09754824 0.82796454
v -0.24070866 2.15261435 0.80485409
v -0.18143582 2.0833044 0.84635651
v -0.16029244 2.08005857 0.86752104
v -0.2230755 2.06516695 0.95284271
v -0.14192727 2.08807396 0.88873887
v -0.20253266 2.07432174 0.96673387
v -0.23814679 2.05811262 1.05678451
v -0.18728941 2.09159898 0.97968375
v -0.22316367 2.07568836 1.06524109
v -0.23677669 2.05440926 1.15897059
v -0.21516938 2.09721207 1.07238602
v -0.22924405 2.07562446 1.16419851
v -0.22159087 2.06257534 1.26418578
v -0.22905978 2.09642648 1.1683731
v -0.2216241 2.08705306 1.26313865
v -0.20659574 2.10502672 1.36469733
v -0.22887907 2.10976982 1.26066315
v -0.20870021 2.12580013 1.36196339
v -0.24525697 2.12917065 1.25868535
v -0.22304675 2.15533375 1.35615992
v -0.26614892 2.13945746 1.25882709
v -0.2439714 2.17049622 1.35199773
v -0.21045081 2.1990695 1.4644643
v -0.27188205 2.17633628 1.35403239
v -0.23657287 2.2022109 1.46517264
v -0.22659398 2.2132585 1.53954911
v -0.26079213 2.19073104 1.47103655
v -0.24722628 2.20047688 1.54001057
v -0.27862441 2.17192769 1.47970378
v -0.31937328 2.14597773 1.37378442
v -0.29346278 2.14010715 1.48984205
v -0.29938188 2.16632771 1.36293137
v -0.31192699 2.13154363 1.26657891
v -0.28923761 2.14005494 1.26161348
v -0.29770728 2.14647126 1.1769011
v -0.27396482 2.14437818 1.17572593
v -0.26573532 2.1755228 1.07937574
v -0.25294417 2.13377594 1.17409789
v -0.24182823 2.16295456 1.08092653
v -0.20899416 2.18454217 0.9889456
v -0.23717062 2.11710667 1.17179405
v -0.2242573 2.1441493 1.08056569
v -0.19067378 2.16377544 0.99450224
v -0.13286362 2.18532943 0.92655235
v -0.215456 2.12104725 1.07753908
v -0.18016484 2.13984966 0.99549537
v -0.12266098 2.15761232 0.92861163
v -0.17891848 2.11442017 0.99029904
v -0.12120956 2.13010883 0.92217499
v -0.12787568 2.10634732 0.90849793
v -0.15968664 1.95681881 1.50292849
v -0.07647557 1.97503411 1.53620433
v -0.08510176 1.94546937 1.55415737
v 0 1.9714415 1.55444777
v 0 1.94236135 1.57280087
v 0 1.91936945 1.60170185
v 0 2.0007286 1.54639434
v 0 2.05085635 1.69899869
v 0 2.04281997 1.71904003
v -0.23398773 2.17896437 1.72057437
v -0.15072563 2.37688732 1.76547193
v -0.16924811 2.15916252 1.69718802
v -0.13526773 2.251091 1.57720518
v -0.2230073 2.16311764 1.71547031
v -0.2060018 2.18408751 1.75384628
v -0.22618196 2.20120024 1.74962174
v -0.2415798 2.22810983 1.7360109
v -0.24638575 2.19468331 1.7039591
v -0.23725739 2.17486858 1.68512809
v -0.12621669 2.4163146 1.74852228
v -0.22365443 2.44492363 1.6649847
v -0.24096341 2.41923403 1.66997563
v 0 2.38833069 1.80258333
v 0 2.42238879 1.78114783
v -0.13164492 2.32810759 1.80189502
v 0 2.34906935 1.81696081
v -0.26271405 2.37923121 1.66347551
v -0.22529991 2.31713128 1.74052333
v -0.21198351 2.27429628 1.77257823
v -0.18373026 2.15353989 1.70692145
v -0.19939069 2.15275621 1.66777312
v -0.17525489 2.15706872 1.66848921
v -0.14839842 2.17454147 1.67155277
v -0.15216948 2.17737865 1.70774161
v -0.16547206 2.17701387 1.73228788
v -0.11703664 2.21183586 1.63350701
v -0.15506911 2.1861763 1.62970936
v -0.17351797 2.2296915 1.57232213
v -0.05946706 2.26152825 1.6211512
v -0.06106289 2.24225473 1.65154731
v -0.12740309 2.29385924 1.5628581
v -0.05982101 2.29439711 1.60547411
v -0.06141265 2.33646106 1.6034193
v 0 2.33762455 1.61752903
v 0 2.29939866 1.61859154
v 0 2.26799798 1.63459909
v -0.12439936 2.33915185 1.55921423
v -0.12583804 2.38376522 1.56701171
v -0.0630474 2.37785506 1.61368322
v -0.18883217 2.31607031 1.46984791
v -0.18102578 2.35480499 1.47417128
v -0.18086992 2.39753246 1.483132
v -0.18797479 2.43234753 1.49396503
v -0.13304768 2.41862988 1.58046567
v -0.21225184 2.37353706 1.37510287
v -0.21231296 2.41477417 1.38323652
v -0.21902465 2.4492917 1.39171564
v -0.23142263 2.47776126 1.40006744
v -0.20037443 2.45952677 1.50564551
v -0.22084 2.43376588 1.28056609
v -0.22758138 2.46885967 1.28715109
v -0.23981708 2.49786329 1.29236674
v -0.25735023 2.52032518 1.29624009
v -0.24896675 2.49923825 1.40765118
v -0.21565219 2.49011826 1.18330764
v -0.22821784 2.51979732 1.1853559
v -0.24604313 2.54244828 1.18517005
v -0.27018845 2.55553555 1.18222451
v -0.28182026 2.53366446 1.29817295
v -0.19412851 2.54144954 1.08429765
v -0.21291561 2.56475114 1.07918512
v -0.23638191 2.57750344 1.07066273
v -0.26188042 2.57682418 1.05933284
v -0.29691338 2.55428791 1.17634284
v -0.15712262 2.58367085 0.98837149
v -0.17832224 2.59652352 0.97256463
v -0.20087042 2.59710073 0.95419126
v -0.22126373 2.58527112 0.93675988
v -0.28351143 2.5631721 1.04797506
v -0.09513298 2.61011529 0.90264201
v -0.11078988 2.61270117 0.87509107
v -0.12588794 2.6037209 0.84895503
v -0.13925886 2.5828793 0.82433015
v -0.23792275 2.5636909 0.92141586
v 0 2.62005138 0.85374075
v 0 2.61595511 0.82001835
v 0 2.59906315 0.78574228
v 0 2.56656837 0.75536125
v -0.14778856 2.55181145 0.80297672
v -0.15180353 2.50765752 0.78855913
v -0.25513285 2.4871366 0.89609265
v -0.25029423 2.53110981 0.9076206
v 0 2.51602411 0.735031
v 0 2.46368408 0.73509323
v -0.14815883 2.46072936 0.78553652
v -0.1397501 2.42267561 0.79376107
v -0.23788389 2.4058659 0.89102131
v -0.25026246 2.44184494 0.89027887
v 0 2.42170143 0.75120371
v 0 2.39268326 0.7768355
v -0.1261284 2.39450955 0.80937129
v -0.11150334 2.37694001 0.83027428
v -0.20100085 2.36185717 0.90903621
v -0.22142051 2.3799057 0.89720153
v 0 2.37672829 0.80729633
v 0 2.3712399 0.83941578
v -0.09538718 2.36893487 0.85720461
v -0.08042062 2.37290263 0.88762378
v -0.15670751 2.36160755 0.94635963
v -0.17807684 2.35532879 0.9263007
v 0 2.37670874 0.87129515
v 0 2.39127421 0.90057766
v -0.06943187 2.38793969 0.91559678
v -0.06225439 2.41261339 0.93938541
v -0.12567889 2.40628051 0.98507988
v -0.13827125 2.37976193 0.9677937
v 0 2.41391801 0.92439079
v 0 2.4518609 0.94777387
v -0.05860057 2.45000624 0.95980149
v -0.05859092 2.49798822 0.9682489
v -0.11794949 2.48888039 1.00753021
v -0.11772333 2.443789 0.99925708
v 0 2.5009098 0.95552504
v 0 2.54483795 0.9480915
v -0.06201313 2.54059076 0.9628573
v -0.0694556 2.57173919 0.94950324
v -0.13886322 2.55956721 1.00122797
v -0.1259216 2.52877473 1.00776803
v 0 2.57386183 0.93406736
v 0 2.59729385 0.91213119
v -0.08040281 2.59551882 0.92907714
v 0 2.61318564 0.88489031
v -0.18080951 2.51103925 1.08574008
v -0.17312747 2.47316217 1.08268857
v -0.2082926 2.45397734 1.17858946
v -0.2085388 2.41211319 1.17057776
v -0.1731266 2.43018794 1.07457268
v -0.21572497 2.37634539 1.16155087
v -0.18066798 2.39375209 1.06353342
v -0.22811092 2.34825611 1.15259337
v -0.19365285 2.36566805 1.05093932
v -0.24646978 2.32690882 1.14388978
v -0.21313624 2.34563493 1.03702271
v -0.27133819 2.31637215 1.13627326
v -0.23690006 2.3369956 1.02436089
v -0.298076 2.32063317 1.13135778
v -0.2620784 2.34227514 1.01436328
v -0.32019105 2.33782291 1.1302526
v -0.28398132 2.35955786 1.00866019
v -0.33614379 2.36313509 1.1324507
v -0.30045175 2.3850758 1.00756955
v -0.34697282 2.39695549 1.13741099
v -0.31202191 2.41969084 1.01046001
v -0.3511154 2.44134402 1.14536857
v -0.31670731 2.4645555 1.01770043
v -0.34625682 2.48412966 1.15407931
v -0.31174761 2.5083251 1.02757859
v -0.33520278 2.51571536 1.16175854
v -0.29995876 2.54041028 1.0375899
v -0.31907269 2.53908515 1.16915595
v -0.34725332 2.49168753 1.28876853
v -0.33123445 2.51563978 1.29368519
v -0.30896675 2.53158497 1.2971673
v -0.32187423 2.4926505 1.4183191
v -0.29955175 2.50855231 1.41812169
v -0.27303901 2.51114988 1.41422426
v -0.2675468 2.485394 1.53882467
v -0.24219355 2.48923182 1.52962625
v -0.2190466 2.47927308 1.51818049
v -0.18219673 2.4690864 1.63668716
v -0.1616809 2.46200013 1.61664569
v -0.14470195 2.44417977 1.59684968
v -0.08360024 2.44559335 1.67831337
v -0.07358875 2.43222904 1.65324151
v -0.06700359 2.41037058 1.63226735
v 0 2.42922759 1.67019856
v 0 2.40968513 1.64904129
v 0 2.37728047 1.62863552
v 0 2.44168138 1.69632387
v -0.09677575 2.44850063 1.70603799
v 0 2.44593238 1.72468924
v -0.11065197 2.4376204 1.73066544
v 0 2.43980932 1.75365352
v -0.20451171 2.46239638 1.65448784
v -0.2885921 2.47030091 1.54428374
v -0.30458703 2.44867634 1.54428005
v -0.33797237 2.46945214 1.41580939
v -0.34949451 2.43827629 1.41089475
v -0.31786659 2.41930747 1.53933715
v -0.35817819 2.46021866 1.2825104
v -0.36306256 2.4178543 1.27427828
v -0.35503926 2.39557576 1.40299069
v -0.35159975 2.35087561 1.39383328
v -0.32382604 2.32910323 1.51700294
v -0.32608455 2.37439298 1.52957773
v -0.35937625 2.37395095 1.26592481
v -0.34885838 2.34004545 1.25961601
v -0.34092164 2.31647992 1.38598835
v -0.32540875 2.29160237 1.37903392
v -0.29612588 2.26771998 1.49643075
v -0.31302449 2.2936418 1.50614643
v -0.33351591 2.31506252 1.25505518
v -0.31157863 2.29738426 1.25206649
v -0.30290743 2.27459406 1.37230026
v -0.27545362 2.2716794 1.367226
v -0.24446955 2.25094008 1.47714889
v -0.27237203 2.25194454 1.48616039
v -0.28387433 2.29335641 1.25187087
v -0.25829672 2.30606293 1.25489544
v -0.25024902 2.28460335 1.36546492
v -0.23213723 2.3073678 1.36654412
v -0.20174573 2.28447604 1.47166037
v -0.22046233 2.26392841 1.47180187
v -0.24012661 2.328408 1.25961613
v -0.22784183 2.35737872 1.26555955
v -0.21941952 2.33733916 1.36965549
v -0.22088746 2.39299345 1.27267217
v -0.20053874 2.22525954 1.57059204
v -0.18341708 2.18043279 1.62528753
v -0.20969151 2.18501567 1.62734246
v -0.23001678 2.22730183 1.57599568
v -0.23392655 2.19556164 1.63795411
v -0.2541486 2.2398355 1.58655726
v -0.2527495 2.21306181 1.65482449
v -0.27224063 2.26230764 1.60073781
v -0.26150232 2.23816609 1.67767691
v -0.28273388 2.2930212 1.61848139
v -0.25522333 2.27225422 1.70726907
v -0.28085261 2.33451175 1.64136731
v -0.22233566 2.16155052 1.67316567
v -0.20413747 2.15380072 1.71266281
v -0.18480834 2.17707943 1.74773407
v -0.13962018 2.20862937 1.75068974
v -0.15849998 2.21598911 1.77552783
v -0.17867183 2.22874808 1.78803157
v -0.09254436 2.25550723 1.79616916
v -0.1055383 2.2773199 1.81436312
v -0.11898674 2.30170798 1.81661784
v -0.19777372 2.24812531 1.78684496
v 0 2.28892731 1.81738948
v 0 2.31659364 1.82582974
v 0 2.26666212 1.79862678
v -0.08127494 2.23911809 1.76917266
v 0 2.24846172 1.77301132
v -0.07102937 2.23050499 1.73452079
v 0 2.23827815 1.7421894
v -0.06445889 2.23265147 1.69252395
v 0 2.2398231 1.70027887
v 0 2.25120782 1.662009
v -0.11564654 2.2052865 1.67684721
v -0.12462981 2.20672226 1.71897268
v 0.17752336 2.13274574 1.48177564
v 0.1957793 2.17443394 1.58231997
v 0.2708694 2.14819741 1.57118797
v 0.26080742 2.00876903 1.59640574
v 0.18806314 2.17355227 1.47325265
v 0.18562778 2.17937898 1.54239118
v 0.17309278 2.14948272 1.55102813
v 0.14078174 2.10943079 1.57133531
v 0.13527323 2.09882664 1.53506267
v 0.13509917 2.08037257 1.51224923
v 0.17853398 2.10382866 1.46295344
v 0.20331445 2.2047944 1.54103744
v 0.21186113 2.18402242 1.59271717
v 0.18415111 2.14829158 1.593189
v 0.20314684 2.14340829 1.61754536
v 0.27562984 2.14807891 1.54396772
v 0.28565892 2.09511542 1.56221485
v 0.27709892 2.10974979 1.59547781
v 0.26307734 2.17014241 1.57983458
v 0.2615433 2.17958545 1.54021561
v 0.27045941 2.12392497 1.61988794
v 0.25196 2.03217673 1.63384008
v 0.24058327 1.96838188 1.57817006
v 0.14501953 1.9334799 1.66727399
v 0.15347118 1.95319366 1.68927538
v 0.15470026 1.97116041 1.70225727
v 0.29923149 2.03281831 1.49428856
v 0.28973886 1.99703145 1.48839318
v 0.32349684 2.01387929 1.38894939
v 0.30995953 1.99160683 1.38183057
v 0.27572554 1.97448337 1.47762084
v 0.2218168 1.94623553 1.56062531
v 0.3317185 2.04293942 1.39480304
v 0.35451823 2.04354643 1.27820241
v 0.34741959 2.02117228 1.27385687
v 0.30309477 2.0890851 1.49618458
v 0.33481213 2.0826857 1.39420652
v 0.35381868 2.06799554 1.27931261
v 0.37195915 2.09054517 1.16706824
v 0.36975231 2.06955742 1.15917277
v 0.33190771 2.11833572 1.38511097
v 0.34559285 2.09281444 1.27677941
v 0.36191892 2.11131691 1.17346847
v 0.35740321 2.15525031 1.05580055
v 0.36376297 2.13430333 1.04692173
v 0.33053231 2.11534619 1.27197921
v 0.34422025 2.12803769 1.17653846
v 0.34030002 2.16961169 1.06465911
v 0.30529904 2.207237 0.94677007
v 0.32062089 2.19283819 0.93384915
v 0.32245439 2.14040255 1.17740845
v 0.31766954 2.17874312 1.07201314
v 0.28411325 2.21428966 0.95886117
v 0.22211715 2.25178957 0.86265659
v 0.23919606 2.24657869 0.84209734
v 0.29254353 2.18081188 1.07676959
v 0.25997972 2.2125945 0.96990704
v 0.19981093 2.24691844 0.88374668
v 0.11519965 2.29717111 0.82950103
v 0.12956349 2.30498266 0.80059063
v 0.23305855 2.2014153 0.98038679
v 0.17577752 2.23272347 0.9019863
v 0.0971426 2.2783792 0.85561901
v 0.15158505 2.21095681 0.91708856
v 0.07610689 2.24670434 0.87808173
v 0.06047409 2.20838189 0.89154428
v 0.05420778 2.17057466 0.89376145
v 0.05449216 2.14064741 0.88523441
v 0.05909484 2.11673975 0.86826294
v 0.06717828 2.0996623 0.84384286
v 0.07891942 2.0929687 0.81315249
v 0.09289728 2.09845495 0.78171533
v 0.10790036 2.11606812 0.75314569
v 0.12326037 2.14643359 0.72841954
v 0.13576972 2.1861751 0.71324461
v 0.14416208 2.22508978 0.71201121
v 0.14706143 2.25983738 0.72315573
v 0.1449716 2.28695893 0.74446165
v 0.13848705 2.30208706 0.77188831
v 0.25039145 2.23271679 0.82376319
v 0.25483727 2.20975327 0.80993521
v 0.32650953 2.17018699 0.92334175
v 0.25120139 2.18260908 0.80350053
v 0.32232171 2.14566898 0.91769897
v 0.35937097 2.11138987 1.03995835
v 0.30984374 2.11973524 0.9177643
v 0.3465456 2.09006619 1.0358746
v 0.3584809 2.05124354 1.15218758
v 0.32858061 2.07083368 1.03496122
v 0.34075745 2.03561615 1.14712917
v 0.33230307 2.00230455 1.2675693
v 0.31920692 2.02415013 1.14482975
v 0.31135943 1.99029696 1.26189768
v 0.29006901 1.97861623 1.3749665
v 0.28594791 1.98696899 1.25786232
v 0.26765888 1.97794735 1.36966085
v 0.23456606 1.96442616 1.45188891
v 0.25628978 1.96257817 1.46443891
v 0.17879617 1.93917405 1.52011072
v 0.20077833 1.93595135 1.54072141
v 0.09876477 1.9232856 1.58178353
v 0.11530809 1.91480898 1.6121732
v 0.13176555 1.91895735 1.64057385
v 0.14878895 1.99715459 1.70971763
v 0.24041102 2.04646468 1.64770305
v 0.13767811 2.0224204 1.7021743
v 0.21704123 2.06523895 1.65424871
v 0.25040197 2.13364672 1.63425314
v 0.12302481 2.04083442 1.68390226
v 0.19342397 2.08015084 1.64586734
v 0.22560399 2.139467 1.63079512
v 0.23189204 2.19110512 1.59713745
v 0.25254583 2.18672776 1.59293198
v 0.17148277 2.09257602 1.62816023
v 0.10679294 2.05537343 1.65987503
v 0.09062594 2.06768822 1.62748026
v 0.15302218 2.10395503 1.6031785
v 0.07976219 2.07502937 1.59612691
v 0.07267297 2.07275533 1.56599009
v 0.06964352 2.05861473 1.54404687
v 0.06951911 2.03414917 1.53079271
v 0.13601811 2.05140304 1.49509882
v 0.18252901 2.066154 1.44847846
v 0.071749 2.00568628 1.52838575
v 0.13945692 2.01707005 1.48819494
v 0.18822474 2.03139615 1.44111824
v 0.21777425 2.03879904 1.36876273
v 0.2095706 2.07108283 1.36884903
v 0.1469023 1.98333525 1.49175381
v 0.19936612 2.00170707 1.43931365
v 0.22973296 2.01174378 1.36725533
v 0.24069412 2.0140326 1.26051378
v 0.22778001 2.03725743 1.26307129
v 0.21418768 1.97908818 1.44260895
v 0.2462095 1.99009573 1.36699354
v 0.26017618 1.99572992 1.25765526
v 0.27000844 2.02362275 1.14863121
v 0.25045284 2.03630566 1.15356743
v 0.29430589 2.0189774 1.14523708
v 0.28256288 2.04636287 1.04131901
v 0.25861471 2.04749918 1.04836916
v 0.30682349 2.05515623 1.03679502
v 0.26987803 2.07761931 0.92917788
v 0.24645009 2.06643223 0.93986415
v 0.29195243 2.09688639 0.92132467
v 0.22326199 2.12173152 0.81381273
v 0.20307987 2.09754824 0.82796454
v 0.24070866 2.15261435 0.80485409
v 0.18143582 2.0833044 0.84635651
v 0.16029244 2.08005857 0.86752104
v 0.2230755 2.06516695 0.95284271
v 0.14192727 2.08807396 0.88873887
v 0.20253266 2.07432174 0.96673387
v 0.23814679 2.05811262 1.05678451
v 0.18728941 2.09159898 0.97968375
v 0.22316367 2.07568836 1.06524109
v 0.23677669 2.05440926 1.15897059
v 0.21516938 2.09721207 1.07238602
v 0.22924405 2.07562446 1.16419851
v 0.22159087 2.06257534 1.26418578
v 0.22905978 2.09642648 1.1683731
v 0.2216241 2.08705306 1.26313865
v 0.20659574 2.10502672 1.36469733
v 0.22887907 2.10976982 1.26066315
v 0.20870021 2.12580013 1.36196339
v 0.24525697 2.12917065 1.25868535
v 0.22304675 2.15533375 1.35615992
v 0.26614892 2.13945746 1.25882709
v 0.2439714 2.17049622 1.35199773
v 0.21045081 2.1990695 1.4644643
v 0.27188205 2.17633628 1.35403239
v 0.23657287 2.2022109 1.46517264
v 0.22659398 2.2132585 1.53954911
v 0.26079213 2.19073104 1.47103655
v 0.24722628 2.20047688 1.54001057
v 0.27862441 2.17192769 1.47970378
v 0.31937328 2.14597773 1.37378442
v 0.29346278 2.14010715 1.48984205
v 0.29938188 2.16632771 1.36293137
v 0.31192699 2.13154363 1.26657891
v 0.28923761 2.14005494 1.26161348
v 0.29770728 2.14647126 1.1769011
v 0.27396482 2.14437818 1.17572593
v 0.26573532 2.1755228 1.07937574
v 0.25294417 2.13377594 1.17409789
v 0.24182823 2.16295456 1.08092653
v 0.20899416 2.18454217 0.9889456
v 0.23717062 2.11710667 1.17179405
v 0.2242573 2.1441493 1.08056569
v 0.19067378 2.16377544 0.99450224
v 0.13286362 2.18532943 0.92655235
v 0.215456 2.12104725 1.07753908
v 0.18016484 2.13984966 0.99549537
v 0.12266098 2.15761232 0.92861163
v 0.17891848 2.11442017 0.99029904
v 0.12120956 2.13010883 0.92217499
v 0.12787568 2.10634732 0.90849793
v 0.15968664 1.95681881 1.50292849
v 0.07647557 1.97503411 1.53620433
v 0.08510176 1.94546937 1.55415737
v 0.23398773 2.17896437 1.72057437
v 0.15072563 2.37688732 1.76547193
v 0.16924811 2.15916252 1.69718802
v 0.13526773 2.251091 1.57720518
v 0.2230073 2.16311764 1.71547031
v 0.2060018 2.18408751 1.75384628
v 0.22618196 2.20120024 1.74962174
v 0.2415798 2.22810983 1.7360109
v 0.24638575 2.19468331 1.7039591
v 0.23725739 2.17486858 1.68512809
v 0.12621669 2.4163146 1.74852228
v 0.22365443 2.44492363 1.6649847
v 0.24096341 2.41923403 1.66997563
v 0.13164492 2.32810759 1.80189502
v 0.26271405 2.37923121 1.66347551
v 0.22529991 2.31713128 1.74052333
v 0.21198351 2.27429628 1.77257823
v 0.18373026 2.15353989 1.70692145
v 0.19939069 2.15275621 1.66777312
v 0.17525489 2.15706872 1.66848921
v 0.14839842 2.17454147 1.67155277
v 0.15216948 2.17737865 1.70774161
v 0.16547206 2.17701387 1.73228788
v 0.11703664 2.21183586 1.63350701
v 0.15506911 2.1861763 1.62970936
v 0.17351797 2.2296915 1.57232213
v 0.05946706 2.26152825 1.6211512
v 0.06106289 2.24225473 1.65154731
v 0.12740309 2.29385924 1.5628581
v 0.05982101 2.29439711 1.60547411
v 0.06141265 2.33646106 1.6034193
v 0.12439936 2.33915185 1.55921423
v 0.12583804 2.38376522 1.56701171
v 0.0630474 2.37785506 1.61368322
v 0.18883217 2.31607031 1.46984791
v 0.18102578 2.35480499 1.47417128
v 0.18086992 2.39753246 1.483132
v 0.18797479 2.43234753 1.49396503
v 0.13304768 2.41862988 1.58046567
v 0.21225184 2.37353706 1.37510287
v 0.21231296 2.41477417 1.38323652
v 0.21902465 2.4492917 1.39171564
v 0.23142263 2.47776126 1.40006744
v 0.20037443 2.45952677 1.50564551
v 0.22084 2.43376588 1.28056609
v 0.22758138 2.46885967 1.28715109
v 0.23981708 2.49786329 1.29236674
v 0.25735023 2.52032518 1.29624009
v 0.24896675 2.49923825 1.40765118
v 0.21565219 2.49011826 1.18330764
v 0.22821784 2.51979732 1.1853559
v 0.24604313 2.54244828 1.18517005
v 0.27018845 2.55553555 1.18222451
v 0.28182026 2.53366446 1.29817295
v 0.19412851 2.54144954 1.08429765
v 0.21291561 2.56475114 1.07918512
v 0.23638191 2.57750344 1.07066273
v 0.26188042 2.57682418 1.05933284
v 0.29691338 2.55428791 1.17634284
v 0.15712262 2.58367085 0.98837149
v 0.17832224 2.59652352 0.97256463
v 0.20087042 2.59710073 0.95419126
v 0.22126373 2.58527112 0.93675988
v 0.28351143 2.5631721 1.04797506
v 0.09513298 2.61011529 0.90264201
v 0.11078988 2.61270117 0.87509107
v 0.12588794 2.6037209 0.84895503
v 0.13925886 2.5828793 0.82433015
v 0.23792275 2.5636909 0.92141586
v 0.14778856 2.55181145 0.80297672
v 0.15180353 2.50765752 0.78855913
v 0.25513285 2.4871366 0.89609265
v 0.25029423 2.53110981 0.9076206
v 0.14815883 2.46072936 0.78553652
v 0.1397501 2.42267561 0.79376107
v 0.23788389 2.4058659 0.89102131
v 0.25026246 2.44184494 0.89027887
v 0.1261284 2.39450955 0.80937129
v 0.11150334 2.37694001 0.83027428
v 0.20100085 2.36185717 0.90903621
v 0.22142051 2.3799057 0.89720153
v 0.09538718 2.36893487 0.85720461
v 0.08042062 2.37290263 0.88762378
v 0.15670751 2.36160755 0.94635963
v 0.17807684 2.35532879 0.9263007
v 0.06943187 2.38793969 0.91559678
v 0.06225439 2.41261339 0.93938541
v 0.12567889 2.40628051 0.98507988
v 0.13827125 2.37976193 0.9677937
v 0.05860057 2.45000624 0.95980149
v 0.05859092 2.49798822 0.9682489
v 0.11794949 2.48888039 1.00753021
v 0.11772333 2.443789 0.99925708
v 0.06201313 2.54059076 0.9628573
v 0.0694556 2.57173919 0.94950324
v 0.13886322 2.55956721 1.00122797
v 0.1259216 2.52877473 1.00776803
v 0.08040281 2.59551882 0.92907714
v 0.18080951 2.51103925 1.08574008
v 0.17312747 2.47316217 1.08268857
v 0.2082926 2.45397734 1.17858946
v 0.2085388 2.41211319 1.17057776
v 0.1731266 2.43018794 1.07457268
v 0.21572497 2.37634539 1.16155087
v 0.18066798 2.39375209 1.06353342
v 0.22811092 2.34825611 1.15259337
v 0.19365285 2.36566805 1.05093932
v 0.24646978 2.32690882 1.14388978
v 0.21313624 2.34563493 1.03702271
v 0.27133819 2.31637215 1.13627326
v 0.23690006 2.3369956 1.02436089
v 0.298076 2.32063317 1.13135778
v 0.2620784 2.34227514 1.01436328
v 0.32019105 2.33782291 1.1302526
v 0.28398132 2.35955786 1.00866019
v 0.33614379 2.36313509 1.1324507
v 0.30045175 2.3850758 1.00756955
v 0.34697282 2.39695549 1.13741099
v 0.31202191 2.41969084 1.01046001
v 0.3511154 2.44134402 1.14536857
v 0.31670731 2.4645555 1.01770043
v 0.34625682 2.48412966 1.15407931
v 0.31174761 2.5083251 1.02757859
v 0.33520278 2.51571536 1.16175854
v 0.29995876 2.54041028 1.0375899
v 0.31907269 2.53908515 1.16915595
v 0.34725332 2.49168753 1.28876853
v 0.33123445 2.51563978 1.29368519
v 0.30896675 2.53158497 1.2971673
v 0.32187423 2.4926505 1.4183191
v 0.29955175 2.50855231 1.41812169
v 0.27303901 2.51114988 1.41422426
v 0.2675468 2.485394 1.53882467
v 0.24219355 2.48923182 1.52962625
v 0.2190466 2.47927308 1.51818049
v 0.18219673 2.4690864 1.63668716
v 0.1616809 2.46200013 1.61664569
v 0.14470195 2.44417977 1.59684968
v 0.08360024 2.44559335 1.67831337
v 0.07358875 2.43222904 1.65324151
v 0.06700359 2.41037058 1.63226735
v 0.09677575 2.44850063 1.70603799
v 0.11065197 2.4376204 1.73066544
v 0.20451171 2.46239638 1.65448784
v 0.2885921 2.47030091 1.54428374
v 0.30458703 2.44867634 1.54428005
v 0.33797237 2.46945214 1.41580939
v 0.34949451 2.43827629 1.41089475
v 0.31786659 2.41930747 1.53933715
v 0.35817819 2.46021866 1.2825104
v 0.36306256 2.4178543 1.27427828
v 0.35503926 2.39557576 1.40299069
v 0.35159975 2.35087561 1.39383328
v 0.32382604 2.32910323 1.51700294
v 0.32608455 2.37439298 1.52957773
v 0.35937625 2.37395095 1.26592481
v 0.34885838 2.34004545 1.25961601
v 0.34092164 2.31647992 1.38598835
v 0.32540875 2.29160237 1.37903392
v 0.29612588 2.26771998 1.49643075
v 0.31302449 2.2936418 1.50614643
v 0.33351591 2.31506252 1.25505518
v 0.31157863 2.29738426 1.25206649
v 0.30290743 2.27459406 1.37230026
v 0.27545362 2.2716794 1.367226
v 0.24446955 2.25094008 1.47714889
v 0.27237203 2.25194454 1.48616039
v 0.28387433 2.29335641 1.25187087
v 0.25829672 2.30606293 1.25489544
v 0.25024902 2.28460335 1.36546492
v 0.23213723 2.3073678 1.36654412
v 0.20174573 2.28447604 1.47166037
v 0.22046233 2.26392841 1.47180187
v 0.24012661 2.328408 1.25961613
v 0.22784183 2.35737872 1.26555955
v 0.21941952 2.33733916 1.36965549
v 0.22088746 2.39299345 1.27267217
v 0.20053874 2.22525954 1.57059204
v 0.18341708 2.18043279 1.62528753
v 0.20969151 2.18501567 1.62734246
v 0.23001678 2.22730183 1.57599568
v 0.23392655 2.19556164 1.63795411
v 0.2541486 2.2398355 1.58655726
v 0.2527495 2.21306181 1.65482449
v 0.27224063 2.26230764 1.60073781
v 0.26150232 2.23816609 1.67767691
v 0.28273388 2.2930212 1.61848139
v 0.25522333 2.27225422 1.70726907
v 0.28085261 2.33451175 1.64136731
v 0.22233566 2.16155052 1.67316567
v 0.20413747 2.15380072 1.71266281
v 0.18480834 2.17707943 1.74773407
v 0.13962018 2.20862937 1.75068974
v 0.15849998 2.21598911 1.77552783
v 0.17867183 2.22874808 1.78803157
v 0.09254436 2.25550723 1.79616916
v 0.1055383 2.2773199 1.81436312
v 0.11898674 2.30170798 1.81661784
v 0.19777372 2.24812531 1.78684496
v 0.08127494 2.23911809 1.76917266
v 0.07102937 2.23050499 1.73452079
v 0.06445889 2.23265147 1.69252395
v 0.11564654 2.2052865 1.67684721
v 0.12462981 2.20672226 1.71897268
g Group61565
f 1 38 39 40
f 1 40 41 42
f 1 42 43 38
f 2 44 45 46
f 2 46 47 48
f 2 15 49 44
f 2 48 50 51
f 2 51 52 15
f 3 53 54 55
f 3 55 56 57
f 3 57 58 53
f 4 59 60 61
f 4 61 62 63
f 4 63 64 59
f 5 65 66 67
f 5 68 69 65
f 5 67 70 71
f 5 71 72 73
f 5 73 74 68
f 6 75 76 77
f 6 78 79 75
f 6 77 80 78
f 7 81 82 83
f 7 83 84 85
f 7 86 87 81
f 7 88 89 86
f 7 85 90 88
f 8 91 92 93
f 8 93 94 95
f 8 95 96 91
f 9 97 98 99
f 9 99 100 101
f 9 101 102 103
f 9 103 104 105
f 9 105 106 97
f 10 107 108 109
f 10 109 110 111
f 10 111 112 107
f 11 113 114 115
f 11 115 116 117
f 11 117 118 113
f 12 119 120 121
f 12 121 122 123
f 12 123 124 119
f 13 125 126 127
f 13 127 128 129
f 13 129 130 125
f 14 131 132 133
f 14 133 134 135
f 14 135 136 131
f 15 52 137 138
f 15 138 136 139
f 16 140 141 142
f 16 142 143 144
f 16 144 145 140
f 17 146 147 148
f 17 148 149 150
f 17 150 151 152
f 18 153 154 155
f 18 156 157 153
f 18 155 158 159
f 19 160 161 162
f 19 162 163 164
f 19 164 165 160
f 20 166 167 168
f 20 169 170 166
f 20 171 154 169
f 20 168 172 173
f 20 173 174 171
f 21 175 176 177
f 21 178 179 175
f 21 177 180 178
f 22 181 182 183
f 22 184 185 186
f 22 186 187 181
f 23 188 189 190
f 23 190 191 192
f 23 192 193 188
f 24 194 195 196
f 24 197 198 199
f 24 196 200 197
f 24 199 201 202
f 24 202 203 194
f 25 204 205 206
f 25 207 208 204
f 25 206 209 210
f 26 34 211 212
f 26 213 214 215
f 26 215 216 34
f 27 218 213 26
f 219 220 36 221
f 28 222 223 224
f 28 225 226 227
f 28 224 228 229
f 28 229 230 225
f 29 231 232 233
f 29 233 234 235
f 29 235 236 231
f 30 237 238 239
f 30 240 241 237
f 30 239 242 243
f 30 244 245 240
f 30 243 246 244
f 31 247 248 249
f 31 249 250 251
f 31 251 252 253
f 31 106 105 247
f 31 253 210 106
f 32 254 255 256
f 32 256 257 258
f 32 258 259 254
f 33 260 261 262
f 33 263 264 260
f 33 262 265 263
f 34 216 266 211
f 35 267 189 218
f 36 268 269 270
f 36 220 271 268
f 37 272 273 274
f 37 47 275 276
f 37 276 277 272
f 37 274 278 279
f 37 279 48 47
f 279 278 280 281
f 279 281 50 48
f 281 280 259 258
f 281 258 257 50
f 277 282 283 272
f 277 276 284 285
f 277 285 286 282
f 286 66 287 282
f 286 285 288 289
f 286 289 67 66
f 289 288 290 291
f 289 291 70 67
f 291 290 292 293
f 291 293 294 70
f 294 295 71 70
f 294 293 296 297
f 294 297 298 295
f 298 299 300 295
f 298 297 82 81
f 298 81 87 299
f 300 301 302 72
f 300 72 71 295
f 300 299 303 301
f 303 304 305 301
f 303 299 87 306
f 303 306 307 304
f 307 308 309 304
f 307 306 310 311
f 307 311 312 308
f 312 313 314 308
f 312 311 315 316
f 312 316 317 313
f 317 318 319 313
f 317 316 320 321
f 317 321 322 318
f 322 323 324 318
f 322 321 325 326
f 322 326 327 323
f 327 328 329 323
f 327 326 330 331
f 327 331 332 328
f 332 333 334 328
f 332 331 335 336
f 332 336 337 333
f 337 338 339 333
f 337 336 340 341
f 337 341 342 338
f 342 343 344 338
f 342 341 345 346
f 342 346 347 343
f 347 348 349 343
f 347 346 350 351
f 347 351 352 348
f 352 353 354 348
f 352 351 355 356
f 352 356 357 353
f 357 358 359 353
f 357 356 360 361
f 357 361 362 358
f 362 363 364 358
f 362 361 365 366
f 362 366 367 363
f 367 368 369 363
f 367 366 370 371
f 367 371 372 368
f 372 373 374 368
f 372 371 375 376
f 372 376 377 373
f 377 378 379 373
f 377 376 380 381
f 377 381 382 378
f 382 383 161 378
f 382 381 384 385
f 382 385 386 383
f 386 387 388 383
f 386 385 389 390
f 386 390 391 387
f 391 390 179 178
f 391 178 180 392
f 391 392 393 387
f 393 394 388 387
f 393 392 395 396
f 393 396 397 394
f 397 80 163 394
f 397 396 398 399
f 397 399 78 80
f 399 398 400 401
f 399 401 79 78
f 401 400 402 403
f 401 403 404 79
f 404 403 405 406
f 404 406 407 408
f 404 408 75 79
f 408 407 409 410
f 408 410 76 75
f 410 409 374 411
f 410 411 165 76
f 411 374 373 379
f 411 379 160 165
f 409 407 412 369
f 409 369 368 374
f 412 407 406 413
f 412 413 414 364
f 412 364 363 369
f 414 413 415 416
f 414 416 417 359
f 414 359 358 364
f 417 416 418 419
f 417 419 420 354
f 417 354 353 359
f 420 419 421 422
f 420 422 423 349
f 420 349 348 354
f 423 422 424 425
f 423 425 426 344
f 423 344 343 349
f 426 425 427 428
f 426 428 429 339
f 426 339 338 344
f 429 428 430 431
f 429 431 432 334
f 429 334 333 339
f 432 431 433 434
f 432 434 435 329
f 432 329 328 334
f 435 434 436 437
f 435 437 438 324
f 435 324 323 329
f 438 437 439 440
f 438 440 441 319
f 438 319 318 324
f 441 440 442 443
f 441 443 444 314
f 441 314 313 319
f 444 443 445 446
f 444 446 447 309
f 444 309 308 314
f 447 446 448 449
f 447 449 450 305
f 447 305 304 309
f 450 449 451 452
f 450 452 453 302
f 450 302 301 305
f 453 452 454 455
f 453 455 74 73
f 453 73 72 302
f 455 454 456 457
f 455 457 458 74
f 458 457 459 460
f 458 460 461 462
f 458 462 68 74
f 462 461 463 464
f 462 464 69 68
f 464 463 465 466
f 464 466 467 69
f 467 466 468 469
f 467 469 470 471
f 467 471 65 69
f 471 470 472 287
f 471 287 66 65
f 472 470 473 474
f 472 474 475 283
f 472 283 282 287
f 475 273 272 283
f 473 470 469 476
f 476 469 468 477
f 477 468 478 479
f 479 478 480 481
f 481 480 482 483
f 483 482 484 485
f 485 484 486 487
f 487 486 488 489
f 489 488 490 491
f 491 490 492 493
f 493 492 494 495
f 495 494 496 497
f 497 496 226 498
f 498 226 225 499
f 499 225 230 500
f 500 230 501 502
f 502 501 503 504
f 504 503 505 506
f 506 505 507 508
f 508 507 509 510
f 510 509 511 512
f 512 511 513 514
f 514 513 515 516
f 516 515 517 518
f 518 517 103 102
f 517 515 519 520
f 517 520 104 103
f 520 519 521 522
f 520 522 523 104
f 523 522 524 525
f 523 525 248 247
f 523 247 105 104
f 525 524 526 527
f 525 527 528 248
f 528 527 529 530
f 528 530 531 532
f 528 532 249 248
f 532 531 533 534
f 532 534 250 249
f 534 533 535 536
f 534 536 537 250
f 537 536 538 539
f 537 539 540 541
f 537 541 251 250
f 541 540 542 543
f 541 543 252 251
f 543 542 544 545
f 543 545 546 252
f 546 547 253 252
f 546 545 548 549
f 546 549 550 547
f 550 207 25 547
f 550 549 551 552
f 550 552 553 207
f 553 554 208 207
f 553 552 555 556
f 553 556 557 554
f 557 556 558 559
f 559 558 560 561
f 561 560 562 563
f 563 562 564 565
f 565 564 566 567
f 567 566 568 569
f 569 568 570 571
f 571 570 572 573
f 573 572 574 575
f 575 574 576 577
f 577 576 578 579
f 579 578 580 581
f 581 580 582 583
f 583 582 584 585
f 585 584 586 587
f 587 586 588 589
f 589 588 590 591
f 591 590 592 593
f 593 592 594 595
f 595 594 596 597
f 597 596 598 599
f 599 598 600 601
f 601 600 602 603
f 603 602 604 605
f 605 604 606 607
f 607 606 608 609
f 609 608 610 611
f 611 610 612 613
f 613 612 614 615
f 615 614 616 617
f 617 616 618 619
f 619 618 620 621
f 621 620 264 622
f 622 264 263 623
f 623 263 265 624
f 624 265 625 626
f 625 627 628 626
f 625 265 262 629
f 625 629 630 627
f 630 631 632 627
f 630 629 633 634
f 630 634 635 631
f 635 636 637 631
f 635 634 638 639
f 635 639 49 636
f 639 638 640 641
f 639 641 44 49
f 641 640 642 643
f 641 643 45 44
f 643 642 156 644
f 643 644 645 45
f 645 646 46 45
f 645 644 647 648
f 645 648 649 646
f 649 650 275 646
f 649 648 651 652
f 649 652 653 650
f 653 654 284 650
f 653 652 655 656
f 653 656 657 654
f 657 290 288 654
f 657 656 658 659
f 657 659 292 290
f 659 658 660 661
f 659 661 662 292
f 662 296 293 292
f 662 661 663 664
f 662 664 665 296
f 665 82 297 296
f 665 664 666 667
f 665 667 83 82
f 667 666 668 669
f 667 669 84 83
f 669 668 670 671
f 669 671 672 84
f 672 582 580 673
f 672 673 85 84
f 672 671 584 582
f 673 580 578 674
f 673 674 90 85
f 674 578 576 675
f 674 675 182 90
f 675 576 574 676
f 675 676 183 182
f 676 574 572 677
f 676 677 678 183
f 678 677 679 680
f 678 680 681 682
f 678 682 22 183
f 682 681 683 684
f 682 684 184 22
f 684 683 685 686
f 684 686 687 184
f 687 686 688 151
f 687 151 150 689
f 687 689 185 184
f 689 150 149 690
f 689 690 691 185
f 691 692 693 694
f 691 694 186 185
f 691 690 695 692
f 695 696 697 692
f 695 690 149 698
f 695 698 699 696
f 699 700 701 696
f 699 698 702 703
f 699 703 704 700
f 704 705 706 700
f 704 703 707 708
f 704 708 709 705
f 709 710 711 705
f 709 708 712 713
f 709 713 714 710
f 714 715 716 710
f 714 713 717 718
f 714 718 719 715
f 719 720 721 715
f 719 718 722 723
f 719 723 724 720
f 724 725 726 720
f 724 723 727 728
f 724 728 729 725
f 729 730 731 725
f 729 728 732 733
f 729 733 734 730
f 734 735 736 730
f 734 733 737 738
f 734 738 739 735
f 739 740 741 735
f 739 738 742 743
f 739 743 744 740
f 744 745 746 740
f 744 743 747 748
f 744 748 749 745
f 749 750 751 745
f 749 748 752 753
f 749 753 754 750
f 754 755 756 750
f 754 753 757 758
f 754 758 759 755
f 759 760 761 755
f 759 758 762 763
f 759 763 764 760
f 764 765 766 760
f 764 763 767 768
f 764 768 769 765
f 769 232 176 765
f 769 768 770 771
f 769 771 233 232
f 771 770 772 773
f 771 773 234 233
f 773 772 774 775
f 773 775 776 234
f 776 777 235 234
f 776 775 402 400
f 776 400 398 777
f 777 398 396 395
f 777 395 236 235
f 775 774 778 402
f 778 774 779 780
f 778 780 415 405
f 778 405 403 402
f 780 779 781 418
f 780 418 416 415
f 781 779 782 783
f 781 783 784 421
f 781 421 419 418
f 784 783 785 786
f 784 786 787 424
f 784 424 422 421
f 787 786 788 789
f 787 789 790 427
f 787 427 425 424
f 790 789 791 792
f 790 792 793 430
f 790 430 428 427
f 793 792 794 795
f 793 795 796 433
f 793 433 431 430
f 796 795 797 798
f 796 798 799 436
f 796 436 434 433
f 799 798 800 801
f 799 801 802 439
f 799 439 437 436
f 802 801 803 804
f 802 804 805 442
f 802 442 440 439
f 805 804 806 807
f 805 807 808 445
f 805 445 443 442
f 808 807 809 810
f 808 810 811 448
f 808 448 446 445
f 811 810 812 813
f 811 813 814 451
f 811 451 449 448
f 814 813 815 816
f 814 816 456 454
f 814 454 452 451
f 816 815 817 818
f 816 818 819 456
f 819 818 820 821
f 819 821 822 459
f 819 459 457 456
f 822 821 823 147
f 822 147 146 824
f 822 824 460 459
f 824 146 825 826
f 824 826 461 460
f 826 825 827 828
f 826 828 463 461
f 828 827 829 830
f 828 830 465 463
f 830 829 482 480
f 830 480 478 465
f 829 827 831 832
f 829 832 484 482
f 832 831 833 834
f 832 834 486 484
f 834 833 835 836
f 834 836 488 486
f 836 835 837 838
f 836 838 490 488
f 838 837 839 840
f 838 840 492 490
f 840 839 841 842
f 840 842 494 492
f 842 841 843 844
f 842 844 496 494
f 844 843 845 227
f 844 227 226 496
f 845 846 847 222
f 845 222 28 227
f 845 843 848 846
f 848 849 850 846
f 848 843 841 851
f 848 851 852 849
f 852 853 854 849
f 852 851 855 856
f 852 856 857 853
f 857 858 859 853
f 857 856 860 861
f 857 861 685 858
f 861 860 862 688
f 861 688 686 685
f 862 860 863 864
f 862 864 865 152
f 862 152 151 688
f 865 864 835 833
f 865 833 831 866
f 865 866 17 152
f 866 831 827 825
f 866 825 146 17
f 864 863 837 835
f 863 860 856 855
f 863 855 839 837
f 859 867 868 869
f 859 869 854 853
f 859 858 870 867
f 870 871 872 867
f 870 858 685 683
f 870 683 681 871
f 872 873 874 875
f 872 875 868 867
f 872 871 876 873
f 876 877 878 873
f 876 871 681 680
f 876 680 679 877
f 878 566 564 879
f 878 879 874 873
f 878 877 568 566
f 879 564 562 880
f 879 880 881 874
f 881 880 882 883
f 881 883 884 885
f 881 885 875 874
f 885 884 886 887
f 885 887 868 875
f 887 886 888 889
f 887 889 869 868
f 889 888 890 891
f 889 891 854 869
f 891 890 892 850
f 891 850 849 854
f 892 890 893 894
f 892 894 895 847
f 892 847 846 850
f 895 894 896 897
f 895 897 898 223
f 895 223 222 847
f 898 897 899 900
f 898 900 901 902
f 898 902 224 223
f 902 901 60 903
f 902 903 228 224
f 903 60 59 904
f 903 904 905 228
f 905 904 906 907
f 905 907 908 909
f 905 909 229 228
f 909 908 503 501
f 909 501 230 229
f 908 907 910 911
f 908 911 505 503
f 911 910 246 912
f 911 912 507 505
f 912 246 243 913
f 912 913 509 507
f 913 243 242 914
f 913 914 511 509
f 914 242 915 916
f 914 916 513 511
f 916 915 521 519
f 916 519 515 513
f 915 242 239 917
f 915 917 918 521
f 918 917 919 920
f 918 920 526 524
f 918 524 522 521
f 920 919 921 922
f 920 922 923 526
f 923 922 924 925
f 923 925 926 529
f 923 529 527 526
f 926 925 927 928
f 926 928 929 930
f 926 930 530 529
f 930 929 931 932
f 930 932 531 530
f 932 931 933 934
f 932 934 533 531
f 934 933 935 936
f 934 936 535 533
f 936 935 937 938
f 936 938 939 535
f 939 938 940 941
f 939 941 942 538
f 939 538 536 535
f 942 941 943 944
f 942 944 945 946
f 942 946 539 538
f 946 945 947 948
f 946 948 540 539
f 948 947 949 950
f 948 950 542 540
f 950 949 951 952
f 950 952 544 542
f 952 951 953 954
f 952 954 955 544
f 955 548 545 544
f 955 954 956 957
f 955 957 958 548
f 958 551 549 548
f 958 957 959 960
f 958 960 961 551
f 961 555 552 551
f 961 960 962 963
f 961 963 964 555
f 964 558 556 555
f 964 963 883 882
f 964 882 560 558
f 963 962 884 883
f 962 960 959 965
f 962 965 886 884
f 965 959 966 967
f 965 967 888 886
f 967 966 968 893
f 967 893 890 888
f 968 966 956 969
f 968 969 970 896
f 968 896 894 893
f 970 969 953 971
f 970 971 972 899
f 970 899 897 896
f 972 971 973 974
f 972 974 975 976
f 972 976 900 899
f 976 975 977 978
f 976 978 901 900
f 978 977 62 61
f 978 61 60 901
f 977 975 979 980
f 977 980 981 62
f 981 980 982 983
f 981 983 984 985
f 981 985 63 62
f 985 984 245 986
f 985 986 64 63
f 986 245 244 987
f 986 987 906 64
f 987 244 246 910
f 987 910 907 906
f 984 983 988 989
f 984 989 240 245
f 989 988 990 991
f 989 991 241 240
f 991 990 992 993
f 991 993 994 241
f 994 993 995 996
f 994 996 997 998
f 994 998 237 241
f 998 997 999 1000
f 998 1000 238 237
f 1000 999 1001 921
f 1000 921 919 238
f 1001 999 1002 1003
f 1001 1003 1004 924
f 1001 924 922 921
f 1004 1003 1005 1006
f 1004 1006 1007 927
f 1004 927 925 924
f 1007 1006 1008 1009
f 1007 1009 1010 1011
f 1007 1011 928 927
f 1011 1010 1012 1013
f 1011 1013 929 928
f 1013 1012 1014 1015
f 1013 1015 931 929
f 1015 1014 1016 1017
f 1015 1017 933 931
f 1017 1016 1018 1019
f 1017 1019 935 933
f 1019 1018 1020 1021
f 1019 1021 937 935
f 1021 1020 1022 1023
f 1021 1023 1024 937
f 1024 1023 1025 1026
f 1024 1026 1027 940
f 1024 940 938 937
f 1027 1026 1028 1029
f 1027 1029 1030 943
f 1027 943 941 940
f 1030 1029 1031 1032
f 1030 1032 1033 1034
f 1030 1034 944 943
f 1034 1033 1035 1036
f 1034 1036 945 944
f 1036 1035 1037 1038
f 1036 1038 947 945
f 1038 1037 1039 1040
f 1038 1040 949 947
f 1040 1039 974 973
f 1040 973 951 949
f 1039 1037 1041 979
f 1039 979 975 974
f 1041 1037 1035 1042
f 1041 1042 1043 982
f 1041 982 980 979
f 1043 1042 1044 1045
f 1043 1045 990 988
f 1043 988 983 982
f 1045 1044 1046 1047
f 1045 1047 992 990
f 1047 1046 1048 1049
f 1047 1049 1050 992
f 1050 1049 1051 1052
f 1050 1052 1053 995
f 1050 995 993 992
f 1053 1052 1054 1055
f 1053 1055 1056 1057
f 1053 1057 996 995
f 1057 1056 1058 1059
f 1057 1059 997 996
f 1059 1058 1060 1002
f 1059 1002 999 997
f 1060 1058 1061 1062
f 1060 1062 1063 1005
f 1060 1005 1003 1002
f 1063 1062 1064 1065
f 1063 1065 1066 1008
f 1063 1008 1006 1005
f 1066 1065 1067 1068
f 1066 1068 1069 1070
f 1066 1070 1009 1008
f 1070 1069 1071 1072
f 1070 1072 1010 1009
f 1072 1071 1073 1074
f 1072 1074 1012 1010
f 1074 1073 1075 1076
f 1074 1076 1014 1012
f 1076 1075 1077 1078
f 1076 1078 1016 1014
f 1078 1077 1079 1080
f 1078 1080 1018 1016
f 1080 1079 1081 1082
f 1080 1082 1020 1018
f 1082 1081 1083 1084
f 1082 1084 1022 1020
f 1084 1083 1085 1086
f 1084 1086 1087 1022
f 1087 1086 1088 1089
f 1087 1089 1090 1025
f 1087 1025 1023 1022
f 1090 1089 1091 1092
f 1090 1092 1093 1028
f 1090 1028 1026 1025
f 1093 1092 1094 1095
f 1093 1095 1048 1031
f 1093 1031 1029 1028
f 1095 1094 1096 1051
f 1095 1051 1049 1048
f 1096 1094 1097 1098
f 1096 1098 1099 1054
f 1096 1054 1052 1051
f 1099 1098 1100 1101
f 1099 1101 1102 1103
f 1099 1103 1055 1054
f 1103 1102 1104 1105
f 1103 1105 1056 1055
f 1105 1104 1106 1061
f 1105 1061 1058 1056
f 1106 1104 1107 1108
f 1106 1108 1109 1064
f 1106 1064 1062 1061
f 1109 1108 1110 1111
f 1109 1111 1112 1067
f 1109 1067 1065 1064
f 1112 1111 1113 1114
f 1112 1114 1115 1116
f 1112 1116 1068 1067
f 1116 1115 1117 1118
f 1116 1118 1069 1068
f 1118 1117 1119 1120
f 1118 1120 1071 1069
f 1120 1119 1121 1122
f 1120 1122 1073 1071
f 1122 1121 1123 1124
f 1122 1124 1075 1073
f 1124 1123 1125 1126
f 1124 1126 1077 1075
f 1126 1125 1127 1128
f 1126 1128 1079 1077
f 1128 1127 1129 1130
f 1128 1130 1081 1079
f 1130 1129 1131 1132
f 1130 1132 1083 1081
f 1132 1131 1133 1134
f 1132 1134 1085 1083
f 1134 1133 1135 1136
f 1134 1136 1137 1085
f 1137 1136 1138 1139
f 1137 1139 1140 1088
f 1137 1088 1086 1085
f 1140 1139 1141 1142
f 1140 1142 1097 1091
f 1140 1091 1089 1088
f 1142 1141 1143 1100
f 1142 1100 1098 1097
f 1143 1141 1144 1145
f 1143 1145 1146 1147
f 1143 1147 1101 1100
f 1147 1146 1148 1149
f 1147 1149 1102 1101
f 1149 1148 1150 1107
f 1149 1107 1104 1102
f 1150 1148 1151 1152
f 1150 1152 1153 1110
f 1150 1110 1108 1107
f 1153 1152 1154 1155
f 1153 1155 1156 1113
f 1153 1113 1111 1110
f 1156 1155 1157 1158
f 1156 1158 1159 1160
f 1156 1160 1114 1113
f 1160 1159 1161 1162
f 1160 1162 1115 1114
f 1162 1161 1163 1164
f 1162 1164 1117 1115
f 1164 1163 1165 1166
f 1164 1166 1119 1117
f 1166 1165 1167 1168
f 1166 1168 1121 1119
f 1168 1167 1169 1170
f 1168 1170 1123 1121
f 1170 1169 1171 1172
f 1170 1172 1125 1123
f 1172 1171 1173 1174
f 1172 1174 1127 1125
f 1174 1173 1175 1176
f 1174 1176 1129 1127
f 1176 1175 1177 1178
f 1176 1178 1131 1129
f 1178 1177 1179 1180
f 1178 1180 1133 1131
f 1180 1179 1181 1182
f 1180 1182 1135 1133
f 1182 1181 1183 1184
f 1182 1184 1185 1135
f 1185 1184 1186 1187
f 1185 1187 1144 1138
f 1185 1138 1136 1135
f 1187 1186 1188 1189
f 1187 1189 1145 1144
f 1189 1188 1190 1191
f 1189 1191 1146 1145
f 1191 1190 1192 1151
f 1191 1151 1148 1146
f 1192 1190 1193 1194
f 1192 1194 1195 1154
f 1192 1154 1152 1151
f 1195 1194 1196 1197
f 1195 1197 1198 1157
f 1195 1157 1155 1154
f 1198 1197 1199 1200
f 1198 1200 1201 1202
f 1198 1202 1158 1157
f 1202 1201 1203 1204
f 1202 1204 1159 1158
f 1204 1203 1205 1206
f 1204 1206 1161 1159
f 1206 1205 1207 1208
f 1206 1208 1163 1161
f 1208 1207 1209 1210
f 1208 1210 1165 1163
f 1210 1209 1211 1212
f 1210 1212 1167 1165
f 1212 1211 1213 1214
f 1212 1214 1169 1167
f 1214 1213 1215 1216
f 1214 1216 1171 1169
f 1216 1215 1217 1218
f 1216 1218 1173 1171
f 1218 1217 1219 1220
f 1218 1220 1175 1173
f 1220 1219 1221 1222
f 1220 1222 1177 1175
f 1222 1221 1223 1224
f 1222 1224 1179 1177
f 1224 1223 1225 1226
f 1224 1226 1181 1179
f 1226 1225 1227 1228
f 1226 1228 1183 1181
f 1228 1227 1229 1230
f 1228 1230 1231 1183
f 1231 1230 1232 1233
f 1231 1233 1188 1186
f 1231 1186 1184 1183
f 1233 1232 1234 1193
f 1233 1193 1190 1188
f 1234 1232 1235 1236
f 1234 1236 1237 1196
f 1234 1196 1194 1193
f 1237 1236 1238 1239
f 1237 1239 1240 1199
f 1237 1199 1197 1196
f 1240 1239 1241 1242
f 1240 1242 1243 1244
f 1240 1244 1200 1199
f 1244 1243 1245 1246
f 1244 1246 1201 1200
f 1246 1245 1247 1248
f 1246 1248 1203 1201
f 1248 1247 1249 1250
f 1248 1250 1205 1203
f 1250 1249 1251 1252
f 1250 1252 1207 1205
f 1252 1251 1253 1254
f 1252 1254 1209 1207
f 1254 1253 1255 1256
f 1254 1256 1211 1209
f 1256 1255 1257 1258
f 1256 1258 1213 1211
f 1258 1257 1259 1260
f 1258 1260 1215 1213
f 1260 1259 1261 1262
f 1260 1262 1217 1215
f 1262 1261 1263 1264
f 1262 1264 1219 1217
f 1264 1263 1265 1266
f 1264 1266 1221 1219
f 1266 1265 1267 1268
f 1266 1268 1223 1221
f 1268 1267 1269 1270
f 1268 1270 1225 1223
f 1270 1269 1271 1272
f 1270 1272 1227 1225
f 1272 1271 1273 1274
f 1272 1274 1229 1227
f 1274 1273 1275 1276
f 1274 1276 1235 1229
f 1276 1275 1277 1238
f 1276 1238 1236 1235
f 1277 1275 1278 1279
f 1277 1279 1280 1241
f 1277 1241 1239 1238
f 1280 1279 1281 1282
f 1280 1282 1283 1284
f 1280 1284 1242 1241
f 1284 1283 1285 1286
f 1284 1286 1243 1242
f 1286 1285 1287 1288
f 1286 1288 1245 1243
f 1288 1287 1289 1290
f 1288 1290 1247 1245
f 1290 1289 1291 1292
f 1290 1292 1249 1247
f 1292 1291 1293 1294
f 1292 1294 1251 1249
f 1294 1293 1295 1296
f 1294 1296 1253 1251
f 1296 1295 1297 1298
f 1296 1298 1255 1253
f 1298 1297 1299 1300
f 1298 1300 1257 1255
f 1300 1299 1301 1302
f 1300 1302 1259 1257
f 1302 1301 1303 1304
f 1302 1304 1261 1259
f 1304 1303 1305 1306
f 1304 1306 1263 1261
f 1306 1305 1307 1308
f 1306 1308 1265 1263
f 1308 1307 1309 1310
f 1308 1310 1267 1265
f 1310 1309 1311 1312
f 1310 1312 1269 1267
f 1312 1311 1313 1314
f 1312 1314 1271 1269
f 1314 1313 1315 1316
f 1314 1316 1273 1271
f 1316 1315 1317 1278
f 1316 1278 1275 1273
f 1317 1315 1318 1319
f 1317 1319 1320 1281
f 1317 1281 1279 1278
f 1320 1319 140 145
f 1320 145 1321 1322
f 1320 1322 1282 1281
f 1322 1321 1323 1324
f 1322 1324 1283 1282
f 1324 1323 1325 1326
f 1324 1326 1285 1283
f 1326 1325 1327 1328
f 1326 1328 1287 1285
f 1328 1327 1329 1330
f 1328 1330 1289 1287
f 1330 1329 1331 1332
f 1330 1332 1291 1289
f 1332 1331 1333 1334
f 1332 1334 1293 1291
f 1334 1333 1335 1336
f 1334 1336 1295 1293
f 1336 1335 54 1337
f 1336 1337 1297 1295
f 1337 54 53 1338
f 1337 1338 1299 1297
f 1338 53 58 1339
f 1338 1339 1301 1299
f 1339 58 1340 1341
f 1339 1341 1303 1301
f 1341 1340 1342 1343
f 1341 1343 1305 1303
f 1343 1342 1344 1345
f 1343 1345 1307 1305
f 1345 1344 1346 1347
f 1345 1347 1309 1307
f 1347 1346 1348 1349
f 1347 1349 1311 1309
f 1349 1348 1350 1351
f 1349 1351 1313 1311
f 1351 1350 141 1318
f 1351 1318 1315 1313
f 1350 1348 1352 1353
f 1350 1353 142 141
f 1353 1352 1354 1355
f 1353 1355 143 142
f 1355 1354 119 124
f 1355 124 1356 143
f 1356 124 123 1357
f 1356 1357 1358 1359
f 1356 1359 144 143
f 1359 1358 1323 1321
f 1359 1321 145 144
f 1358 1357 1360 1361
f 1358 1361 1325 1323
f 1361 1360 1362 1363
f 1361 1363 1327 1325
f 1363 1362 128 1364
f 1363 1364 1329 1327
f 1364 128 127 1365
f 1364 1365 1331 1329
f 1365 127 126 1366
f 1365 1366 1333 1331
f 1366 126 1367 1368
f 1366 1368 1335 1333
f 1368 1367 56 55
f 1368 55 54 1335
f 1367 126 125 1369
f 1367 1369 1370 56
f 1370 1369 1371 1372
f 1370 1372 1373 1374
f 1370 1374 57 56
f 1374 1373 1342 1340
f 1374 1340 58 57
f 1373 1372 1375 1376
f 1373 1376 1344 1342
f 1376 1375 1377 1378
f 1376 1378 1346 1344
f 1378 1377 1354 1352
f 1378 1352 1348 1346
f 1377 1375 1379 120
f 1377 120 119 1354
f 1379 1371 130 1380
f 1379 1380 121 120
f 1379 1375 1372 1371
f 1380 130 129 1381
f 1380 1381 122 121
f 1381 129 128 1362
f 1381 1362 1360 122
f 1371 1369 125 130
f 1360 1357 123 122
f 1319 1318 141 140
f 1235 1232 1230 1229
f 1144 1141 1139 1138
f 1097 1094 1092 1091
f 1048 1046 1032 1031
f 1046 1044 1033 1032
f 1044 1042 1035 1033
f 973 971 953 951
f 969 956 954 953
f 966 959 957 956
f 919 917 239 238
f 906 904 59 64
f 882 880 562 560
f 877 679 570 568
f 855 851 841 839
f 823 707 703 702
f 823 702 148 147
f 823 821 820 707
f 820 712 708 707
f 820 818 817 712
f 817 717 713 712
f 817 815 1382 717
f 1382 722 718 717
f 1382 815 813 812
f 1382 812 1383 722
f 1383 727 723 722
f 1383 812 810 809
f 1383 809 1384 727
f 1384 732 728 727
f 1384 809 807 806
f 1384 806 1385 732
f 1385 737 733 732
f 1385 806 804 803
f 1385 803 1386 737
f 1386 742 738 737
f 1386 803 801 800
f 1386 800 1387 742
f 1387 747 743 742
f 1387 800 798 797
f 1387 797 1388 747
f 1388 752 748 747
f 1388 797 795 794
f 1388 794 1389 752
f 1389 757 753 752
f 1389 794 792 791
f 1389 791 1390 757
f 1390 762 758 757
f 1390 791 789 788
f 1390 788 1391 762
f 1391 767 763 762
f 1391 788 786 785
f 1391 785 1392 767
f 1392 770 768 767
f 1392 785 783 782
f 1392 782 772 770
f 782 779 774 772
f 766 175 179 1393
f 766 1393 761 760
f 766 765 176 175
f 1393 179 390 389
f 1393 389 1394 761
f 1394 389 385 384
f 1394 384 1395 756
f 1394 756 755 761
f 1395 384 381 380
f 1395 380 1396 751
f 1395 751 750 756
f 1396 380 376 375
f 1396 375 1397 746
f 1396 746 745 751
f 1397 375 371 370
f 1397 370 1398 741
f 1397 741 740 746
f 1398 370 366 365
f 1398 365 1399 736
f 1398 736 735 741
f 1399 365 361 360
f 1399 360 1400 731
f 1399 731 730 736
f 1400 360 356 355
f 1400 355 1401 726
f 1400 726 725 731
f 1401 355 351 350
f 1401 350 1402 721
f 1401 721 720 726
f 1402 350 346 345
f 1402 345 1403 716
f 1402 716 715 721
f 1403 345 341 340
f 1403 340 1404 711
f 1403 711 710 716
f 1404 340 336 335
f 1404 335 1405 706
f 1404 706 705 711
f 1405 335 331 330
f 1405 330 1406 701
f 1405 701 700 706
f 1406 330 326 325
f 1406 325 1407 697
f 1406 697 696 701
f 1407 325 321 320
f 1407 320 1408 693
f 1407 693 692 697
f 1408 320 316 315
f 1408 315 1409 1410
f 1408 1410 694 693
f 1410 1409 89 187
f 1410 187 186 694
f 1409 315 311 310
f 1409 310 86 89
f 702 698 149 148
f 679 677 572 570
f 671 670 586 584
f 670 668 1411 1412
f 670 1412 588 586
f 1412 1411 1413 1414
f 1412 1414 590 588
f 1414 1413 1415 1416
f 1414 1416 592 590
f 1416 1415 1417 1418
f 1416 1418 594 592
f 1418 1417 1419 1420
f 1418 1420 596 594
f 1420 1419 203 1421
f 1420 1421 598 596
f 1421 203 202 1422
f 1421 1422 600 598
f 1422 202 201 1423
f 1422 1423 602 600
f 1423 201 1424 1425
f 1423 1425 604 602
f 1425 1424 168 167
f 1425 167 606 604
f 1424 201 199 1426
f 1424 1426 172 168
f 1426 199 198 1427
f 1426 1427 1428 172
f 1428 1427 1429 1430
f 1428 1430 266 1431
f 1428 1431 173 172
f 1431 266 216 1432
f 1431 1432 174 173
f 1432 216 215 1433
f 1432 1433 1434 174
f 1434 1435 171 174
f 1434 1433 1436 1437
f 1434 1437 1438 1435
f 1438 158 155 1435
f 1438 1437 1439 271
f 1438 271 220 158
f 1439 1437 1436 1440
f 1439 1440 1441 1442
f 1439 1442 268 271
f 1442 1441 1443 1444
f 1442 1444 269 268
f 1444 1443 200 196
f 1444 196 195 269
f 1443 1441 192 191
f 1443 191 1445 200
f 1445 191 190 1446
f 1445 1446 94 1447
f 1445 1447 197 200
f 1447 94 93 1448
f 1447 1448 198 197
f 1448 93 92 1429
f 1448 1429 1427 198
f 1446 190 189 267
f 1446 267 95 94
f 1441 1440 193 192
f 1440 1436 214 193
f 1436 1433 215 214
f 1435 155 154 171
f 1430 1429 92 1449
f 1430 1449 211 266
f 1449 92 91 217
f 1449 217 212 211
f 1419 1417 1450 1451
f 1419 1451 194 203
f 1451 1450 1452 1453
f 1451 1453 195 194
f 1453 1452 1454 270
f 1453 270 269 195
f 1454 1455 1456 1457
f 1454 1457 36 270
f 1454 1452 1458 1455
f 1458 1459 660 1455
f 1458 1452 1450 1460
f 1458 1460 1461 1459
f 1461 1462 663 1459
f 1461 1460 1415 1413
f 1461 1413 1411 1462
f 1462 666 664 663
f 1462 1411 668 666
f 1460 1450 1417 1415
f 1459 663 661 660
f 1457 1456 655 1463
f 1457 1463 221 36
f 1463 655 652 651
f 1463 651 1464 221
f 1464 651 648 647
f 1464 647 18 159
f 1464 159 219 221
f 1456 658 656 655
f 1456 1455 660 658
f 654 288 285 284
f 650 284 276 275
f 647 644 156 18
f 646 275 47 46
f 642 640 1465 1466
f 642 1466 157 156
f 1466 1465 1467 1468
f 1466 1468 1469 157
f 1469 1468 1470 1471
f 1469 1471 1472 1473
f 1469 1473 153 157
f 1473 1472 170 169
f 1473 169 154 153
f 1472 1471 614 612
f 1472 612 610 170
f 1471 1470 616 614
f 1470 1468 1467 1474
f 1470 1474 618 616
f 1474 1467 1475 1476
f 1474 1476 620 618
f 1476 1475 261 260
f 1476 260 264 620
f 1475 1477 633 261
f 1475 1467 1465 1477
f 1477 638 634 633
f 1477 1465 640 638
f 637 1478 1479 1480
f 637 1480 632 631
f 637 636 139 1478
f 1480 1479 1481 1482
f 1480 1482 1483 632
f 1483 628 627 632
f 1481 1479 134 1484
f 1484 134 133 1485
f 1485 133 132 1486
f 1486 132 1487 1488
f 1488 1487 1489 1490
f 1490 1489 40 39
f 1489 1491 41 40
f 1489 1487 1492 1491
f 1492 138 137 1491
f 1492 1487 132 131
f 1492 131 136 138
f 1491 137 1493 41
f 1493 1494 1495 1496
f 1493 1496 42 41
f 1493 137 52 1494
f 1496 1495 1497 1498
f 1496 1498 43 42
f 1497 1495 1499 1500
f 1500 1499 256 255
f 1499 1495 1494 1501
f 1499 1501 257 256
f 1501 1494 52 51
f 1501 51 50 257
f 1479 1478 135 134
f 1478 139 136 135
f 636 49 15 139
f 633 629 262 261
f 610 608 166 170
f 608 606 167 166
f 547 25 210 253
f 478 468 466 465
f 415 413 406 405
f 395 392 180 236
f 394 163 162 388
f 388 162 161 383
f 379 378 161 160
f 310 306 87 86
f 267 35 96 95
f 236 180 177 231
f 232 231 177 176
f 220 219 159 158
f 218 189 188 213
f 27 217 91 96
f 214 213 188 193
f 210 209 97 106
f 209 1502 98 97
f 209 206 1503 1502
f 1503 1504 1505 1502
f 1503 206 205 1506
f 1503 1506 1507 1504
f 1507 1508 1509 1504
f 1509 1510 1511 1512
f 1509 1512 1505 1504
f 1509 1508 1513 1510
f 1513 1514 1515 1510
f 1515 1516 1517 1518
f 1515 1518 1511 1510
f 1515 1514 1519 1516
f 1519 1520 1521 1516
f 1521 1522 1523 1524
f 1521 1524 1517 1516
f 1521 1520 1525 1522
f 1525 1526 1527 1522
f 1527 1528 1529 1530
f 1527 1530 1523 1522
f 1527 1526 1531 1528
f 1531 1532 1533 1528
f 1533 1534 1535 1536
f 1533 1536 1529 1528
f 1533 1532 1537 1534
f 1537 1538 1539 1534
f 1539 113 118 1540
f 1539 1540 1535 1534
f 1539 1538 114 113
f 1540 118 112 1541
f 1540 1541 1542 1535
f 1542 1541 1543 1544
f 1542 1544 1545 1546
f 1542 1546 1536 1535
f 1546 1545 1547 1548
f 1546 1548 1529 1536
f 1548 1547 1549 1550
f 1548 1550 1530 1529
f 1550 1549 1551 1552
f 1550 1552 1523 1530
f 1552 1551 1553 1554
f 1552 1554 1524 1523
f 1554 1553 1555 1556
f 1554 1556 1517 1524
f 1556 1555 1557 1558
f 1556 1558 1518 1517
f 1558 1557 1559 1560
f 1558 1560 1511 1518
f 1560 1559 1561 1562
f 1560 1562 1512 1511
f 1562 1561 1563 1564
f 1562 1564 1505 1512
f 1564 1563 99 98
f 1564 98 1502 1505
f 1563 1561 1565 1566
f 1563 1566 100 99
f 1565 1561 1559 1567
f 1567 1559 1557 1568
f 1568 1557 1555 1569
f 1569 1555 1553 1570
f 1570 1553 1551 1571
f 1571 1551 1549 1572
f 1572 1549 1547 1573
f 1573 1547 1545 1574
f 1574 1545 1544 1575
f 1575 1544 1543 1576
f 1576 1543 111 110
f 1543 1541 112 111
f 187 89 88 181
f 182 181 88 90
f 165 164 77 76
f 164 163 80 77
f 118 117 107 112
f 117 116 108 107
f 26 212 217 27
f 27 96 35 218
f 1577 1614 39 38
f 1577 1616 1615 1614
f 1577 38 43 1616
f 1578 1619 1618 1617
f 1578 1621 1620 1619
f 1578 1617 1622 1591
f 1578 1624 1623 1621
f 1578 1591 1625 1624
f 1579 1628 1627 1626
f 1579 1630 1629 1628
f 1579 1626 1631 1630
f 1580 1634 1633 1632
f 1580 1636 1635 1634
f 1580 1632 1637 1636
f 1581 1640 1639 1638
f 1581 1638 1642 1641
f 1581 1644 1643 1640
f 1581 1646 1645 1644
f 1581 1641 1647 1646
f 1582 1650 1649 1648
f 1582 1648 1652 1651
f 1582 1651 1653 1650
f 1583 1656 1655 1654
f 1583 1658 1657 1656
f 1583 1654 1660 1659
f 1583 1659 1662 1661
f 1583 1661 1663 1658
f 1584 1666 1665 1664
f 1584 1668 1667 1666
f 1584 1664 1669 1668
f 1585 1672 1671 1670
f 1585 101 100 1672
f 1585 1673 102 101
f 1585 1675 1674 1673
f 1585 1670 1676 1675
f 1586 109 108 1677
f 1586 1678 110 109
f 1586 1677 1679 1678
f 1587 115 114 1680
f 1587 1681 116 115
f 1587 1680 1682 1681
f 1588 1685 1684 1683
f 1588 1687 1686 1685
f 1588 1683 1688 1687
f 1589 1691 1690 1689
f 1589 1693 1692 1691
f 1589 1689 1694 1693
f 1590 1697 1696 1695
f 1590 1699 1698 1697
f 1590 1695 1700 1699
f 1591 1702 1701 1625
f 1591 1703 1700 1702
f 1592 1706 1705 1704
f 1592 1708 1707 1706
f 1592 1704 1709 1708
f 1593 1712 1711 1710
f 1593 1714 1713 1712
f 1593 1716 1715 1714
f 1594 1719 1718 1717
f 1594 1717 1721 1720
f 1594 1723 1722 1719
f 1595 1726 1725 1724
f 1595 1728 1727 1726
f 1595 1724 1729 1728
f 1596 1732 1731 1730
f 1596 1730 1734 1733
f 1596 1733 1718 1735
f 1596 1737 1736 1732
f 1596 1735 1738 1737
f 1597 1741 1740 1739
f 1597 1739 1743 1742
f 1597 1742 1744 1741
f 1598 1747 1746 1745
f 1598 1750 1749 1748
f 1598 1745 1751 1750
f 1599 1754 1753 1752
f 1599 1756 1755 1754
f 1599 1752 1757 1756
f 1600 1760 1759 1758
f 1600 1763 1762 1761
f 1600 1761 1764 1760
f 1600 1766 1765 1763
f 1600 1758 1767 1766
f 1601 1768 205 204
f 1601 204 208 1769
f 1601 1771 1770 1768
f 1602 1773 1772 1610
f 1602 1776 1775 1774
f 1602 1610 1777 1776
f 1603 1602 1774 1779
f 1780 1782 1612 1781
f 1604 1785 1784 1783
f 1604 1788 1787 1786
f 1604 1790 1789 1785
f 1604 1786 1791 1790
f 1605 1794 1793 1792
f 1605 1796 1795 1794
f 1605 1792 1797 1796
f 1606 1800 1799 1798
f 1606 1798 1802 1801
f 1606 1804 1803 1800
f 1606 1801 1806 1805
f 1606 1805 1807 1804
f 1607 1810 1809 1808
f 1607 1812 1811 1810
f 1607 1814 1813 1812
f 1607 1808 1675 1676
f 1607 1676 1771 1814
f 1608 1815 255 254
f 1608 1817 1816 1815
f 1608 254 259 1817
f 1609 1820 1819 1818
f 1609 1818 1822 1821
f 1609 1821 1823 1820
f 1610 1772 1824 1777
f 1611 1779 1753 1825
f 1612 1828 1827 1826
f 1612 1826 1829 1781
f 1613 274 273 1830
f 1613 1832 1831 1620
f 1613 1830 1833 1832
f 1613 1834 278 274
f 1613 1620 1621 1834
f 1834 1835 280 278
f 1834 1621 1623 1835
f 1835 1817 259 280
f 1835 1623 1816 1817
f 1833 1830 1837 1836
f 1833 1839 1838 1832
f 1833 1836 1840 1839
f 1840 1836 1841 1639
f 1840 1843 1842 1839
f 1840 1639 1640 1843
f 1843 1845 1844 1842
f 1843 1640 1643 1845
f 1845 1847 1846 1844
f 1845 1643 1848 1847
f 1848 1643 1644 1849
f 1848 1851 1850 1847
f 1848 1849 1852 1851
f 1852 1849 1854 1853
f 1852 1654 1655 1851
f 1852 1853 1660 1654
f 1854 1645 1856 1855
f 1854 1849 1644 1645
f 1854 1855 1857 1853
f 1857 1855 1859 1858
f 1857 1860 1660 1853
f 1857 1858 1861 1860
f 1861 1858 1863 1862
f 1861 1865 1864 1860
f 1861 1862 1866 1865
f 1866 1862 1868 1867
f 1866 1870 1869 1865
f 1866 1867 1871 1870
f 1871 1867 1873 1872
f 1871 1875 1874 1870
f 1871 1872 1876 1875
f 1876 1872 1878 1877
f 1876 1880 1879 1875
f 1876 1877 1881 1880
f 1881 1877 1883 1882
f 1881 1885 1884 1880
f 1881 1882 1886 1885
f 1886 1882 1888 1887
f 1886 1890 1889 1885
f 1886 1887 1891 1890
f 1891 1887 1893 1892
f 1891 1895 1894 1890
f 1891 1892 1896 1895
f 1896 1892 1898 1897
f 1896 1900 1899 1895
f 1896 1897 1901 1900
f 1901 1897 1903 1902
f 1901 1905 1904 1900
f 1901 1902 1906 1905
f 1906 1902 1908 1907
f 1906 1910 1909 1905
f 1906 1907 1911 1910
f 1911 1907 1913 1912
f 1911 1915 1914 1910
f 1911 1912 1916 1915
f 1916 1912 1918 1917
f 1916 1920 1919 1915
f 1916 1917 1921 1920
f 1921 1917 1923 1922
f 1921 1925 1924 1920
f 1921 1922 1926 1925
f 1926 1922 1928 1927
f 1926 1930 1929 1925
f 1926 1927 1931 1930
f 1931 1927 1933 1932
f 1931 1935 1934 1930
f 1931 1932 1936 1935
f 1936 1932 1725 1937
f 1936 1939 1938 1935
f 1936 1937 1940 1939
f 1940 1937 1942 1941
f 1940 1944 1943 1939
f 1940 1941 1945 1944
f 1945 1742 1743 1944
f 1945 1946 1744 1742
f 1945 1941 1947 1946
f 1947 1941 1942 1948
f 1947 1950 1949 1946
f 1947 1948 1951 1950
f 1951 1948 1727 1653
f 1951 1953 1952 1950
f 1951 1653 1651 1953
f 1953 1955 1954 1952
f 1953 1651 1652 1955
f 1955 1957 1956 1954
f 1955 1652 1958 1957
f 1958 1960 1959 1957
f 1958 1962 1961 1960
f 1958 1652 1648 1962
f 1962 1964 1963 1961
f 1962 1648 1649 1964
f 1964 1965 1928 1963
f 1964 1649 1729 1965
f 1965 1933 1927 1928
f 1965 1729 1724 1933
f 1963 1923 1966 1961
f 1963 1928 1922 1923
f 1966 1967 1960 1961
f 1966 1918 1968 1967
f 1966 1923 1917 1918
f 1968 1970 1969 1967
f 1968 1913 1971 1970
f 1968 1918 1912 1913
f 1971 1973 1972 1970
f 1971 1908 1974 1973
f 1971 1913 1907 1908
f 1974 1976 1975 1973
f 1974 1903 1977 1976
f 1974 1908 1902 1903
f 1977 1979 1978 1976
f 1977 1898 1980 1979
f 1977 1903 1897 1898
f 1980 1982 1981 1979
f 1980 1893 1983 1982
f 1980 1898 1892 1893
f 1983 1985 1984 1982
f 1983 1888 1986 1985
f 1983 1893 1887 1888
f 1986 1988 1987 1985
f 1986 1883 1989 1988
f 1986 1888 1882 1883
f 1989 1991 1990 1988
f 1989 1878 1992 1991
f 1989 1883 1877 1878
f 1992 1994 1993 1991
f 1992 1873 1995 1994
f 1992 1878 1872 1873
f 1995 1997 1996 1994
f 1995 1868 1998 1997
f 1995 1873 1867 1868
f 1998 2000 1999 1997
f 1998 1863 2001 2000
f 1998 1868 1862 1863
f 2001 2003 2002 2000
f 2001 1859 2004 2003
f 2001 1863 1858 1859
f 2004 2006 2005 2003
f 2004 1856 2007 2006
f 2004 1859 1855 1856
f 2007 2009 2008 2006
f 2007 1646 1647 2009
f 2007 1856 1645 1646
f 2009 2011 2010 2008
f 2009 1647 2012 2011
f 2012 2014 2013 2011
f 2012 2016 2015 2014
f 2012 1647 1641 2016
f 2016 2018 2017 2015
f 2016 1641 1642 2018
f 2018 2020 2019 2017
f 2018 1642 2021 2020
f 2021 2023 2022 2020
f 2021 2025 2024 2023
f 2021 1642 1638 2025
f 2025 1841 2026 2024
f 2025 1638 1639 1841
f 2026 474 473 2024
f 2026 1837 475 474
f 2026 1841 1836 1837
f 475 1837 1830 273
f 473 476 2023 2024
f 476 477 2022 2023
f 477 479 2027 2022
f 479 481 2028 2027
f 481 483 2029 2028
f 483 485 2030 2029
f 485 487 2031 2030
f 487 489 2032 2031
f 489 491 2033 2032
f 491 493 2034 2033
f 493 495 2035 2034
f 495 497 2036 2035
f 497 498 1787 2036
f 498 499 1786 1787
f 499 500 1791 1786
f 500 502 2037 1791
f 502 504 2038 2037
f 504 506 2039 2038
f 506 508 2040 2039
f 508 510 2041 2040
f 510 512 2042 2041
f 512 514 2043 2042
f 514 516 2044 2043
f 516 518 2045 2044
f 518 102 1673 2045
f 2045 2047 2046 2044
f 2045 1673 1674 2047
f 2047 2049 2048 2046
f 2047 1674 2050 2049
f 2050 2052 2051 2049
f 2050 1808 1809 2052
f 2050 1674 1675 1808
f 2052 2054 2053 2051
f 2052 1809 2055 2054
f 2055 2057 2056 2054
f 2055 2059 2058 2057
f 2055 1809 1810 2059
f 2059 2061 2060 2058
f 2059 1810 1811 2061
f 2061 2063 2062 2060
f 2061 1811 2064 2063
f 2064 2066 2065 2063
f 2064 2068 2067 2066
f 2064 1811 1812 2068
f 2068 2070 2069 2067
f 2068 1812 1813 2070
f 2070 2072 2071 2069
f 2070 1813 2073 2072
f 2073 1813 1814 2074
f 2073 2076 2075 2072
f 2073 2074 2077 2076
f 2077 2074 1601 1769
f 2077 2079 2078 2076
f 2077 1769 2080 2079
f 2080 1769 208 554
f 2080 2082 2081 2079
f 2080 554 557 2082
f 557 559 2083 2082
f 559 561 2084 2083
f 561 563 2085 2084
f 563 565 2086 2085
f 565 567 2087 2086
f 567 569 2088 2087
f 569 571 2089 2088
f 571 573 2090 2089
f 573 575 2091 2090
f 575 577 2092 2091
f 577 579 2093 2092
f 579 581 2094 2093
f 581 583 2095 2094
f 583 585 2096 2095
f 585 587 2097 2096
f 587 589 2098 2097
f 589 591 2099 2098
f 591 593 2100 2099
f 593 595 2101 2100
f 595 597 2102 2101
f 597 599 2103 2102
f 599 601 2104 2103
f 601 603 2105 2104
f 603 605 2106 2105
f 605 607 2107 2106
f 607 609 2108 2107
f 609 611 2109 2108
f 611 613 2110 2109
f 613 615 2111 2110
f 615 617 2112 2111
f 617 619 2113 2112
f 619 621 2114 2113
f 621 622 1822 2114
f 622 623 1821 1822
f 623 624 1823 1821
f 624 626 2115 1823
f 2115 626 628 2116
f 2115 2117 1820 1823
f 2115 2116 2118 2117
f 2118 2116 2120 2119
f 2118 2122 2121 2117
f 2118 2119 2123 2122
f 2123 2119 2125 2124
f 2123 2127 2126 2122
f 2123 2124 1622 2127
f 2127 2129 2128 2126
f 2127 1622 1617 2129
f 2129 2131 2130 2128
f 2129 1617 1618 2131
f 2131 2132 1720 2130
f 2131 1618 2133 2132
f 2133 1618 1619 2134
f 2133 2136 2135 2132
f 2133 2134 2137 2136
f 2137 2134 1831 2138
f 2137 2140 2139 2136
f 2137 2138 2141 2140
f 2141 2138 1838 2142
f 2141 2144 2143 2140
f 2141 2142 2145 2144
f 2145 2142 1842 1844
f 2145 2147 2146 2144
f 2145 1844 1846 2147
f 2147 2149 2148 2146
f 2147 1846 2150 2149
f 2150 1846 1847 1850
f 2150 2152 2151 2149
f 2150 1850 2153 2152
f 2153 1850 1851 1655
f 2153 2155 2154 2152
f 2153 1655 1656 2155
f 2155 2157 2156 2154
f 2155 1656 1657 2157
f 2157 2159 2158 2156
f 2157 1657 2160 2159
f 2160 2161 2094 2095
f 2160 1657 1658 2161
f 2160 2095 2096 2159
f 2161 2162 2093 2094
f 2161 1658 1663 2162
f 2162 2163 2092 2093
f 2162 1663 1746 2163
f 2163 2164 2091 2092
f 2163 1746 1747 2164
f 2164 2165 2090 2091
f 2164 1747 2166 2165
f 2166 2168 2167 2165
f 2166 2170 2169 2168
f 2166 1747 1598 2170
f 2170 2172 2171 2169
f 2170 1598 1748 2172
f 2172 2174 2173 2171
f 2172 1748 2175 2174
f 2175 1715 2176 2174
f 2175 2177 1714 1715
f 2175 1748 1749 2177
f 2177 2178 1713 1714
f 2177 1749 2179 2178
f 2179 2182 2181 2180
f 2179 1749 1750 2182
f 2179 2180 2183 2178
f 2183 2180 2185 2184
f 2183 2186 1713 2178
f 2183 2184 2187 2186
f 2187 2184 2189 2188
f 2187 2191 2190 2186
f 2187 2188 2192 2191
f 2192 2188 2194 2193
f 2192 2196 2195 2191
f 2192 2193 2197 2196
f 2197 2193 2199 2198
f 2197 2201 2200 2196
f 2197 2198 2202 2201
f 2202 2198 2204 2203
f 2202 2206 2205 2201
f 2202 2203 2207 2206
f 2207 2203 2209 2208
f 2207 2211 2210 2206
f 2207 2208 2212 2211
f 2212 2208 2214 2213
f 2212 2216 2215 2211
f 2212 2213 2217 2216
f 2217 2213 2219 2218
f 2217 2221 2220 2216
f 2217 2218 2222 2221
f 2222 2218 2224 2223
f 2222 2226 2225 2221
f 2222 2223 2227 2226
f 2227 2223 2229 2228
f 2227 2231 2230 2226
f 2227 2228 2232 2231
f 2232 2228 2234 2233
f 2232 2236 2235 2231
f 2232 2233 2237 2236
f 2237 2233 2239 2238
f 2237 2241 2240 2236
f 2237 2238 2242 2241
f 2242 2238 2244 2243
f 2242 2246 2245 2241
f 2242 2243 2247 2246
f 2247 2243 2249 2248
f 2247 2251 2250 2246
f 2247 2248 2252 2251
f 2252 2248 2254 2253
f 2252 2256 2255 2251
f 2252 2253 2257 2256
f 2257 2253 1740 1793
f 2257 2259 2258 2256
f 2257 1793 1794 2259
f 2259 2261 2260 2258
f 2259 1794 1795 2261
f 2261 2263 2262 2260
f 2261 1795 2264 2263
f 2264 1795 1796 2265
f 2264 1954 1956 2263
f 2264 2265 1952 1954
f 2265 1949 1950 1952
f 2265 1796 1797 1949
f 2263 1956 2266 2262
f 2266 2268 2267 2262
f 2266 1959 1969 2268
f 2266 1956 1957 1959
f 2268 1972 2269 2267
f 2268 1969 1970 1972
f 2269 2271 2270 2267
f 2269 1975 2272 2271
f 2269 1972 1973 1975
f 2272 2274 2273 2271
f 2272 1978 2275 2274
f 2272 1975 1976 1978
f 2275 2277 2276 2274
f 2275 1981 2278 2277
f 2275 1978 1979 1981
f 2278 2280 2279 2277
f 2278 1984 2281 2280
f 2278 1981 1982 1984
f 2281 2283 2282 2280
f 2281 1987 2284 2283
f 2281 1984 1985 1987
f 2284 2286 2285 2283
f 2284 1990 2287 2286
f 2284 1987 1988 1990
f 2287 2289 2288 2286
f 2287 1993 2290 2289
f 2287 1990 1991 1993
f 2290 2292 2291 2289
f 2290 1996 2293 2292
f 2290 1993 1994 1996
f 2293 2295 2294 2292
f 2293 1999 2296 2295
f 2293 1996 1997 1999
f 2296 2298 2297 2295
f 2296 2002 2299 2298
f 2296 1999 2000 2002
f 2299 2301 2300 2298
f 2299 2005 2302 2301
f 2299 2002 2003 2005
f 2302 2304 2303 2301
f 2302 2008 2010 2304
f 2302 2005 2006 2008
f 2304 2306 2305 2303
f 2304 2010 2307 2306
f 2307 2309 2308 2306
f 2307 2013 2310 2309
f 2307 2010 2011 2013
f 2310 1711 2311 2309
f 2310 2312 1710 1711
f 2310 2013 2014 2312
f 2312 2314 2313 1710
f 2312 2014 2015 2314
f 2314 2316 2315 2313
f 2314 2015 2017 2316
f 2316 2318 2317 2315
f 2316 2017 2019 2318
f 2318 2028 2029 2317
f 2318 2019 2027 2028
f 2317 2320 2319 2315
f 2317 2029 2030 2320
f 2320 2322 2321 2319
f 2320 2030 2031 2322
f 2322 2324 2323 2321
f 2322 2031 2032 2324
f 2324 2326 2325 2323
f 2324 2032 2033 2326
f 2326 2328 2327 2325
f 2326 2033 2034 2328
f 2328 2330 2329 2327
f 2328 2034 2035 2330
f 2330 2332 2331 2329
f 2330 2035 2036 2332
f 2332 1788 2333 2331
f 2332 2036 1787 1788
f 2333 1783 2335 2334
f 2333 1788 1604 1783
f 2333 2334 2336 2331
f 2336 2334 2338 2337
f 2336 2339 2329 2331
f 2336 2337 2340 2339
f 2340 2337 2342 2341
f 2340 2344 2343 2339
f 2340 2341 2345 2344
f 2345 2341 2347 2346
f 2345 2349 2348 2344
f 2345 2346 2173 2349
f 2349 2176 2350 2348
f 2349 2173 2174 2176
f 2350 2352 2351 2348
f 2350 1716 2353 2352
f 2350 2176 1715 1716
f 2353 2321 2323 2352
f 2353 2354 2319 2321
f 2353 1716 1593 2354
f 2354 2313 2315 2319
f 2354 1593 1710 2313
f 2352 2323 2325 2351
f 2351 2343 2344 2348
f 2351 2325 2327 2343
f 2347 2357 2356 2355
f 2347 2341 2342 2357
f 2347 2355 2358 2346
f 2358 2355 2360 2359
f 2358 2171 2173 2346
f 2358 2359 2169 2171
f 2360 2363 2362 2361
f 2360 2355 2356 2363
f 2360 2361 2364 2359
f 2364 2361 2366 2365
f 2364 2168 2169 2359
f 2364 2365 2167 2168
f 2366 2367 2086 2087
f 2366 2361 2362 2367
f 2366 2087 2088 2365
f 2367 2368 2085 2086
f 2367 2362 2369 2368
f 2369 2371 2370 2368
f 2369 2373 2372 2371
f 2369 2362 2363 2373
f 2373 2375 2374 2372
f 2373 2363 2356 2375
f 2375 2377 2376 2374
f 2375 2356 2357 2377
f 2377 2379 2378 2376
f 2377 2357 2342 2379
f 2379 2338 2380 2378
f 2379 2342 2337 2338
f 2380 2382 2381 2378
f 2380 2335 2383 2382
f 2380 2338 2334 2335
f 2383 2385 2384 2382
f 2383 1784 2386 2385
f 2383 2335 1783 1784
f 2386 2388 2387 2385
f 2386 2390 2389 2388
f 2386 1784 1785 2390
f 2390 2391 1633 2389
f 2390 1785 1789 2391
f 2391 2392 1632 1633
f 2391 1789 2393 2392
f 2393 2395 2394 2392
f 2393 2397 2396 2395
f 2393 1789 1790 2397
f 2397 2037 2038 2396
f 2397 1790 1791 2037
f 2396 2399 2398 2395
f 2396 2038 2039 2399
f 2399 2400 1807 2398
f 2399 2039 2040 2400
f 2400 2401 1804 1807
f 2400 2040 2041 2401
f 2401 2402 1803 1804
f 2401 2041 2042 2402
f 2402 2404 2403 1803
f 2402 2042 2043 2404
f 2404 2046 2048 2403
f 2404 2043 2044 2046
f 2403 2405 1800 1803
f 2403 2048 2406 2405
f 2406 2408 2407 2405
f 2406 2051 2053 2408
f 2406 2048 2049 2051
f 2408 2410 2409 2407
f 2408 2053 2411 2410
f 2411 2413 2412 2410
f 2411 2056 2414 2413
f 2411 2053 2054 2056
f 2414 2416 2415 2413
f 2414 2418 2417 2416
f 2414 2056 2057 2418
f 2418 2420 2419 2417
f 2418 2057 2058 2420
f 2420 2422 2421 2419
f 2420 2058 2060 2422
f 2422 2424 2423 2421
f 2422 2060 2062 2424
f 2424 2426 2425 2423
f 2424 2062 2427 2426
f 2427 2429 2428 2426
f 2427 2065 2430 2429
f 2427 2062 2063 2065
f 2430 2432 2431 2429
f 2430 2434 2433 2432
f 2430 2065 2066 2434
f 2434 2436 2435 2433
f 2434 2066 2067 2436
f 2436 2438 2437 2435
f 2436 2067 2069 2438
f 2438 2440 2439 2437
f 2438 2069 2071 2440
f 2440 2442 2441 2439
f 2440 2071 2443 2442
f 2443 2071 2072 2075
f 2443 2445 2444 2442
f 2443 2075 2446 2445
f 2446 2075 2076 2078
f 2446 2448 2447 2445
f 2446 2078 2449 2448
f 2449 2078 2079 2081
f 2449 2451 2450 2448
f 2449 2081 2452 2451
f 2452 2081 2082 2083
f 2452 2370 2371 2451
f 2452 2083 2084 2370
f 2451 2371 2372 2450
f 2450 2453 2447 2448
f 2450 2372 2374 2453
f 2453 2455 2454 2447
f 2453 2374 2376 2455
f 2455 2381 2456 2454
f 2455 2376 2378 2381
f 2456 2457 2444 2454
f 2456 2384 2458 2457
f 2456 2381 2382 2384
f 2458 2459 2441 2457
f 2458 2387 2460 2459
f 2458 2384 2385 2387
f 2460 2462 2461 2459
f 2460 2464 2463 2462
f 2460 2387 2388 2464
f 2464 2466 2465 2463
f 2464 2388 2389 2466
f 2466 1634 1635 2465
f 2466 2389 1633 1634
f 2465 2468 2467 2463
f 2465 1635 2469 2468
f 2469 2471 2470 2468
f 2469 2473 2472 2471
f 2469 1635 1636 2473
f 2473 2474 1806 2472
f 2473 1636 1637 2474
f 2474 2475 1805 1806
f 2474 1637 2394 2475
f 2475 2398 1807 1805
f 2475 2394 2395 2398
f 2472 2477 2476 2471
f 2472 1806 1801 2477
f 2477 2479 2478 2476
f 2477 1801 1802 2479
f 2479 2481 2480 2478
f 2479 1802 2482 2481
f 2482 2484 2483 2481
f 2482 2486 2485 2484
f 2482 1802 1798 2486
f 2486 2488 2487 2485
f 2486 1798 1799 2488
f 2488 2409 2489 2487
f 2488 1799 2407 2409
f 2489 2491 2490 2487
f 2489 2412 2492 2491
f 2489 2409 2410 2412
f 2492 2494 2493 2491
f 2492 2415 2495 2494
f 2492 2412 2413 2415
f 2495 2497 2496 2494
f 2495 2499 2498 2497
f 2495 2415 2416 2499
f 2499 2501 2500 2498
f 2499 2416 2417 2501
f 2501 2503 2502 2500
f 2501 2417 2419 2503
f 2503 2505 2504 2502
f 2503 2419 2421 2505
f 2505 2507 2506 2504
f 2505 2421 2423 2507
f 2507 2509 2508 2506
f 2507 2423 2425 2509
f 2509 2511 2510 2508
f 2509 2425 2512 2511
f 2512 2514 2513 2511
f 2512 2428 2515 2514
f 2512 2425 2426 2428
f 2515 2517 2516 2514
f 2515 2431 2518 2517
f 2515 2428 2429 2431
f 2518 2520 2519 2517
f 2518 2522 2521 2520
f 2518 2431 2432 2522
f 2522 2524 2523 2521
f 2522 2432 2433 2524
f 2524 2526 2525 2523
f 2524 2433 2435 2526
f 2526 2528 2527 2525
f 2526 2435 2437 2528
f 2528 2461 2462 2527
f 2528 2437 2439 2461
f 2527 2467 2529 2525
f 2527 2462 2463 2467
f 2529 2530 2523 2525
f 2529 2470 2531 2530
f 2529 2467 2468 2470
f 2531 2533 2532 2530
f 2531 2476 2478 2533
f 2531 2470 2471 2476
f 2533 2535 2534 2532
f 2533 2478 2480 2535
f 2535 2537 2536 2534
f 2535 2480 2538 2537
f 2538 2540 2539 2537
f 2538 2483 2541 2540
f 2538 2480 2481 2483
f 2541 2543 2542 2540
f 2541 2545 2544 2543
f 2541 2483 2484 2545
f 2545 2547 2546 2544
f 2545 2484 2485 2547
f 2547 2490 2548 2546
f 2547 2485 2487 2490
f 2548 2550 2549 2546
f 2548 2493 2551 2550
f 2548 2490 2491 2493
f 2551 2553 2552 2550
f 2551 2496 2554 2553
f 2551 2493 2494 2496
f 2554 2556 2555 2553
f 2554 2558 2557 2556
f 2554 2496 2497 2558
f 2558 2560 2559 2557
f 2558 2497 2498 2560
f 2560 2562 2561 2559
f 2560 2498 2500 2562
f 2562 2564 2563 2561
f 2562 2500 2502 2564
f 2564 2566 2565 2563
f 2564 2502 2504 2566
f 2566 2568 2567 2565
f 2566 2504 2506 2568
f 2568 2570 2569 2567
f 2568 2506 2508 2570
f 2570 2572 2571 2569
f 2570 2508 2510 2572
f 2572 2574 2573 2571
f 2572 2510 2575 2574
f 2575 2577 2576 2574
f 2575 2513 2578 2577
f 2575 2510 2511 2513
f 2578 2580 2579 2577
f 2578 2516 2581 2580
f 2578 2513 2514 2516
f 2581 2583 2582 2580
f 2581 2519 2536 2583
f 2581 2516 2517 2519
f 2583 2539 2584 2582
f 2583 2536 2537 2539
f 2584 2586 2585 2582
f 2584 2542 2587 2586
f 2584 2539 2540 2542
f 2587 2589 2588 2586
f 2587 2591 2590 2589
f 2587 2542 2543 2591
f 2591 2593 2592 2590
f 2591 2543 2544 2593
f 2593 2549 2594 2592
f 2593 2544 2546 2549
f 2594 2596 2595 2592
f 2594 2552 2597 2596
f 2594 2549 2550 2552
f 2597 2599 2598 2596
f 2597 2555 2600 2599
f 2597 2552 2553 2555
f 2600 2602 2601 2599
f 2600 2604 2603 2602
f 2600 2555 2556 2604
f 2604 2606 2605 2603
f 2604 2556 2557 2606
f 2606 2608 2607 2605
f 2606 2557 2559 2608
f 2608 2610 2609 2607
f 2608 2559 2561 2610
f 2610 2612 2611 2609
f 2610 2561 2563 2612
f 2612 2614 2613 2611
f 2612 2563 2565 2614
f 2614 2616 2615 2613
f 2614 2565 2567 2616
f 2616 2618 2617 2615
f 2616 2567 2569 2618
f 2618 2620 2619 2617
f 2618 2569 2571 2620
f 2620 2622 2621 2619
f 2620 2571 2573 2622
f 2622 2624 2623 2621
f 2622 2573 2625 2624
f 2625 2627 2626 2624
f 2625 2576 2628 2627
f 2625 2573 2574 2576
f 2628 2630 2629 2627
f 2628 2579 2585 2630
f 2628 2576 2577 2579
f 2630 2588 2631 2629
f 2630 2585 2586 2588
f 2631 2633 2632 2629
f 2631 2635 2634 2633
f 2631 2588 2589 2635
f 2635 2637 2636 2634
f 2635 2589 2590 2637
f 2637 2595 2638 2636
f 2637 2590 2592 2595
f 2638 2640 2639 2636
f 2638 2598 2641 2640
f 2638 2595 2596 2598
f 2641 2643 2642 2640
f 2641 2601 2644 2643
f 2641 2598 2599 2601
f 2644 2646 2645 2643
f 2644 2648 2647 2646
f 2644 2601 2602 2648
f 2648 2650 2649 2647
f 2648 2602 2603 2650
f 2650 2652 2651 2649
f 2650 2603 2605 2652
f 2652 2654 2653 2651
f 2652 2605 2607 2654
f 2654 2656 2655 2653
f 2654 2607 2609 2656
f 2656 2658 2657 2655
f 2656 2609 2611 2658
f 2658 2660 2659 2657
f 2658 2611 2613 2660
f 2660 2662 2661 2659
f 2660 2613 2615 2662
f 2662 2664 2663 2661
f 2662 2615 2617 2664
f 2664 2666 2665 2663
f 2664 2617 2619 2666
f 2666 2668 2667 2665
f 2666 2619 2621 2668
f 2668 2670 2669 2667
f 2668 2621 2623 2670
f 2670 2672 2671 2669
f 2670 2623 2673 2672
f 2673 2675 2674 2672
f 2673 2626 2632 2675
f 2673 2623 2624 2626
f 2675 2677 2676 2674
f 2675 2632 2633 2677
f 2677 2679 2678 2676
f 2677 2633 2634 2679
f 2679 2639 2680 2678
f 2679 2634 2636 2639
f 2680 2682 2681 2678
f 2680 2642 2683 2682
f 2680 2639 2640 2642
f 2683 2685 2684 2682
f 2683 2645 2686 2685
f 2683 2642 2643 2645
f 2686 2688 2687 2685
f 2686 2690 2689 2688
f 2686 2645 2646 2690
f 2690 2692 2691 2689
f 2690 2646 2647 2692
f 2692 2694 2693 2691
f 2692 2647 2649 2694
f 2694 2696 2695 2693
f 2694 2649 2651 2696
f 2696 2698 2697 2695
f 2696 2651 2653 2698
f 2698 2700 2699 2697
f 2698 2653 2655 2700
f 2700 2702 2701 2699
f 2700 2655 2657 2702
f 2702 2704 2703 2701
f 2702 2657 2659 2704
f 2704 2706 2705 2703
f 2704 2659 2661 2706
f 2706 2708 2707 2705
f 2706 2661 2663 2708
f 2708 2710 2709 2707
f 2708 2663 2665 2710
f 2710 2712 2711 2709
f 2710 2665 2667 2712
f 2712 2714 2713 2711
f 2712 2667 2669 2714
f 2714 2716 2715 2713
f 2714 2669 2671 2716
f 2716 2718 2717 2715
f 2716 2671 2719 2718
f 2719 2721 2720 2718
f 2719 2674 2676 2721
f 2719 2671 2672 2674
f 2721 2681 2722 2720
f 2721 2676 2678 2681
f 2722 2724 2723 2720
f 2722 2684 2725 2724
f 2722 2681 2682 2684
f 2725 2727 2726 2724
f 2725 2687 2728 2727
f 2725 2684 2685 2687
f 2728 2730 2729 2727
f 2728 2732 2731 2730
f 2728 2687 2688 2732
f 2732 2734 2733 2731
f 2732 2688 2689 2734
f 2734 2736 2735 2733
f 2734 2689 2691 2736
f 2736 2738 2737 2735
f 2736 2691 2693 2738
f 2738 2740 2739 2737
f 2738 2693 2695 2740
f 2740 2742 2741 2739
f 2740 2695 2697 2742
f 2742 2744 2743 2741
f 2742 2697 2699 2744
f 2744 2746 2745 2743
f 2744 2699 2701 2746
f 2746 2748 2747 2745
f 2746 2701 2703 2748
f 2748 2750 2749 2747
f 2748 2703 2705 2750
f 2750 2752 2751 2749
f 2750 2705 2707 2752
f 2752 2754 2753 2751
f 2752 2707 2709 2754
f 2754 2756 2755 2753
f 2754 2709 2711 2756
f 2756 2758 2757 2755
f 2756 2711 2713 2758
f 2758 2760 2759 2757
f 2758 2713 2715 2760
f 2760 2762 2761 2759
f 2760 2715 2717 2762
f 2762 2764 2763 2761
f 2762 2717 2723 2764
f 2764 2726 2765 2763
f 2764 2723 2724 2726
f 2765 2767 2766 2763
f 2765 2729 2768 2767
f 2765 2726 2727 2729
f 2768 2770 2769 2767
f 2768 2772 2771 2770
f 2768 2729 2730 2772
f 2772 2774 2773 2771
f 2772 2730 2731 2774
f 2774 2776 2775 2773
f 2774 2731 2733 2776
f 2776 2778 2777 2775
f 2776 2733 2735 2778
f 2778 2780 2779 2777
f 2778 2735 2737 2780
f 2780 2782 2781 2779
f 2780 2737 2739 2782
f 2782 2784 2783 2781
f 2782 2739 2741 2784
f 2784 2786 2785 2783
f 2784 2741 2743 2786
f 2786 2788 2787 2785
f 2786 2743 2745 2788
f 2788 2790 2789 2787
f 2788 2745 2747 2790
f 2790 2792 2791 2789
f 2790 2747 2749 2792
f 2792 2794 2793 2791
f 2792 2749 2751 2794
f 2794 2796 2795 2793
f 2794 2751 2753 2796
f 2796 2798 2797 2795
f 2796 2753 2755 2798
f 2798 2800 2799 2797
f 2798 2755 2757 2800
f 2800 2802 2801 2799
f 2800 2757 2759 2802
f 2802 2804 2803 2801
f 2802 2759 2761 2804
f 2804 2766 2805 2803
f 2804 2761 2763 2766
f 2805 2807 2806 2803
f 2805 2769 2808 2807
f 2805 2766 2767 2769
f 2808 1709 1704 2807
f 2808 2810 2809 1709
f 2808 2769 2770 2810
f 2810 2812 2811 2809
f 2810 2770 2771 2812
f 2812 2814 2813 2811
f 2812 2771 2773 2814
f 2814 2816 2815 2813
f 2814 2773 2775 2816
f 2816 2818 2817 2815
f 2816 2775 2777 2818
f 2818 2820 2819 2817
f 2818 2777 2779 2820
f 2820 2822 2821 2819
f 2820 2779 2781 2822
f 2822 2824 2823 2821
f 2822 2781 2783 2824
f 2824 2825 1627 2823
f 2824 2783 2785 2825
f 2825 2826 1626 1627
f 2825 2785 2787 2826
f 2826 2827 1631 1626
f 2826 2787 2789 2827
f 2827 2829 2828 1631
f 2827 2789 2791 2829
f 2829 2831 2830 2828
f 2829 2791 2793 2831
f 2831 2833 2832 2830
f 2831 2793 2795 2833
f 2833 2835 2834 2832
f 2833 2795 2797 2835
f 2835 2837 2836 2834
f 2835 2797 2799 2837
f 2837 2839 2838 2836
f 2837 2799 2801 2839
f 2839 2806 1705 2838
f 2839 2801 2803 2806
f 2838 2841 2840 2836
f 2838 1705 1706 2841
f 2841 2843 2842 2840
f 2841 1706 1707 2843
f 2843 1688 1683 2842
f 2843 1707 2844 1688
f 2844 2845 1687 1688
f 2844 2847 2846 2845
f 2844 1707 1708 2847
f 2847 2809 2811 2846
f 2847 1708 1709 2809
f 2846 2849 2848 2845
f 2846 2811 2813 2849
f 2849 2851 2850 2848
f 2849 2813 2815 2851
f 2851 2852 1692 2850
f 2851 2815 2817 2852
f 2852 2853 1691 1692
f 2852 2817 2819 2853
f 2853 2854 1690 1691
f 2853 2819 2821 2854
f 2854 2856 2855 1690
f 2854 2821 2823 2856
f 2856 1628 1629 2855
f 2856 2823 1627 1628
f 2855 2857 1689 1690
f 2855 1629 2858 2857
f 2858 2860 2859 2857
f 2858 2862 2861 2860
f 2858 1629 1630 2862
f 2862 2828 2830 2861
f 2862 1630 1631 2828
f 2861 2864 2863 2860
f 2861 2830 2832 2864
f 2864 2866 2865 2863
f 2864 2832 2834 2866
f 2866 2840 2842 2865
f 2866 2834 2836 2840
f 2865 1684 2867 2863
f 2865 2842 1683 1684
f 2867 2868 1694 2859
f 2867 1684 1685 2868
f 2867 2859 2860 2863
f 2868 2869 1693 1694
f 2868 1685 1686 2869
f 2869 2850 1692 1693
f 2869 1686 2848 2850
f 2859 1694 1689 2857
f 2848 1686 1687 2845
f 2807 1704 1705 2806
f 2723 2717 2718 2720
f 2632 2626 2627 2629
f 2585 2579 2580 2582
f 2536 2519 2520 2534
f 2534 2520 2521 2532
f 2532 2521 2523 2530
f 2461 2439 2441 2459
f 2457 2441 2442 2444
f 2454 2444 2445 2447
f 2407 1799 1800 2405
f 2394 1637 1632 2392
f 2370 2084 2085 2368
f 2365 2088 2089 2167
f 2343 2327 2329 2339
f 2311 2190 2191 2195
f 2311 1711 1712 2190
f 2311 2195 2308 2309
f 2308 2195 2196 2200
f 2308 2200 2305 2306
f 2305 2200 2201 2205
f 2305 2205 2870 2303
f 2870 2205 2206 2210
f 2870 2300 2301 2303
f 2870 2210 2871 2300
f 2871 2210 2211 2215
f 2871 2297 2298 2300
f 2871 2215 2872 2297
f 2872 2215 2216 2220
f 2872 2294 2295 2297
f 2872 2220 2873 2294
f 2873 2220 2221 2225
f 2873 2291 2292 2294
f 2873 2225 2874 2291
f 2874 2225 2226 2230
f 2874 2288 2289 2291
f 2874 2230 2875 2288
f 2875 2230 2231 2235
f 2875 2285 2286 2288
f 2875 2235 2876 2285
f 2876 2235 2236 2240
f 2876 2282 2283 2285
f 2876 2240 2877 2282
f 2877 2240 2241 2245
f 2877 2279 2280 2282
f 2877 2245 2878 2279
f 2878 2245 2246 2250
f 2878 2276 2277 2279
f 2878 2250 2879 2276
f 2879 2250 2251 2255
f 2879 2273 2274 2276
f 2879 2255 2880 2273
f 2880 2255 2256 2258
f 2880 2270 2271 2273
f 2880 2258 2260 2270
f 2270 2260 2262 2267
f 2254 2881 1743 1739
f 2254 2248 2249 2881
f 2254 1739 1740 2253
f 2881 1943 1944 1743
f 2881 2249 2882 1943
f 2882 1938 1939 1943
f 2882 2244 2883 1938
f 2882 2249 2243 2244
f 2883 1934 1935 1938
f 2883 2239 2884 1934
f 2883 2244 2238 2239
f 2884 1929 1930 1934
f 2884 2234 2885 1929
f 2884 2239 2233 2234
f 2885 1924 1925 1929
f 2885 2229 2886 1924
f 2885 2234 2228 2229
f 2886 1919 1920 1924
f 2886 2224 2887 1919
f 2886 2229 2223 2224
f 2887 1914 1915 1919
f 2887 2219 2888 1914
f 2887 2224 2218 2219
f 2888 1909 1910 1914
f 2888 2214 2889 1909
f 2888 2219 2213 2214
f 2889 1904 1905 1909
f 2889 2209 2890 1904
f 2889 2214 2208 2209
f 2890 1899 1900 1904
f 2890 2204 2891 1899
f 2890 2209 2203 2204
f 2891 1894 1895 1899
f 2891 2199 2892 1894
f 2891 2204 2198 2199
f 2892 1889 1890 1894
f 2892 2194 2893 1889
f 2892 2199 2193 2194
f 2893 1884 1885 1889
f 2893 2189 2894 1884
f 2893 2194 2188 2189
f 2894 1879 1880 1884
f 2894 2185 2895 1879
f 2894 2189 2184 2185
f 2895 1874 1875 1879
f 2895 2181 2896 1874
f 2895 2185 2180 2181
f 2896 1869 1870 1874
f 2896 2898 2897 1869
f 2896 2181 2182 2898
f 2898 1751 1662 2897
f 2898 2182 1750 1751
f 2897 1864 1865 1869
f 2897 1662 1659 1864
f 2190 1712 1713 2186
f 2167 2089 2090 2165
f 2159 2096 2097 2158
f 2158 2900 2899 2156
f 2158 2097 2098 2900
f 2900 2902 2901 2899
f 2900 2098 2099 2902
f 2902 2904 2903 2901
f 2902 2099 2100 2904
f 2904 2906 2905 2903
f 2904 2100 2101 2906
f 2906 2908 2907 2905
f 2906 2101 2102 2908
f 2908 2909 1767 2907
f 2908 2102 2103 2909
f 2909 2910 1766 1767
f 2909 2103 2104 2910
f 2910 2911 1765 1766
f 2910 2104 2105 2911
f 2911 2913 2912 1765
f 2911 2105 2106 2913
f 2913 1731 1732 2912
f 2913 2106 2107 1731
f 2912 2914 1763 1765
f 2912 1732 1736 2914
f 2914 2915 1762 1763
f 2914 1736 2916 2915
f 2916 2918 2917 2915
f 2916 2919 1824 2918
f 2916 1736 1737 2919
f 2919 2920 1777 1824
f 2919 1737 1738 2920
f 2920 2921 1776 1777
f 2920 1738 2922 2921
f 2922 1738 1735 2923
f 2922 2925 2924 2921
f 2922 2923 2926 2925
f 2926 2923 1719 1722
f 2926 1829 2927 2925
f 2926 1722 1781 1829
f 2927 2928 2924 2925
f 2927 2930 2929 2928
f 2927 1829 1826 2930
f 2930 2932 2931 2929
f 2930 1826 1827 2932
f 2932 1760 1764 2931
f 2932 1827 1759 1760
f 2931 1755 1756 2929
f 2931 1764 2933 1755
f 2933 2934 1754 1755
f 2933 2935 1667 2934
f 2933 1764 1761 2935
f 2935 2936 1666 1667
f 2935 1761 1762 2936
f 2936 2917 1665 1666
f 2936 1762 2915 2917
f 2934 1825 1753 1754
f 2934 1667 1668 1825
f 2929 1756 1757 2928
f 2928 1757 1775 2924
f 2924 1775 1776 2921
f 2923 1735 1718 1719
f 2918 2937 1665 2917
f 2918 1824 1772 2937
f 2937 1778 1664 1665
f 2937 1772 1773 1778
f 2907 2939 2938 2905
f 2907 1767 1758 2939
f 2939 2941 2940 2938
f 2939 1758 1759 2941
f 2941 1828 2942 2940
f 2941 1759 1827 1828
f 2942 2945 2944 2943
f 2942 1828 1612 2945
f 2942 2943 2946 2940
f 2946 2943 2148 2947
f 2946 2948 2938 2940
f 2946 2947 2949 2948
f 2949 2947 2151 2950
f 2949 2901 2903 2948
f 2949 2950 2899 2901
f 2950 2151 2152 2154
f 2950 2154 2156 2899
f 2948 2903 2905 2938
f 2947 2148 2149 2151
f 2945 2951 2143 2944
f 2945 1612 1782 2951
f 2951 2139 2140 2143
f 2951 1782 2952 2139
f 2952 2135 2136 2139
f 2952 1723 1594 2135
f 2952 1782 1780 1723
f 2944 2143 2144 2146
f 2944 2146 2148 2943
f 2142 1838 1839 1842
f 2138 1831 1832 1838
f 2135 1594 1720 2132
f 2134 1619 1620 1831
f 2130 2954 2953 2128
f 2130 1720 1721 2954
f 2954 2956 2955 2953
f 2954 1721 2957 2956
f 2957 2959 2958 2956
f 2957 2961 2960 2959
f 2957 1721 1717 2961
f 2961 1733 1734 2960
f 2961 1717 1718 1733
f 2960 2110 2111 2959
f 2960 1734 2109 2110
f 2959 2111 2112 2958
f 2958 2962 2955 2956
f 2958 2112 2113 2962
f 2962 2964 2963 2955
f 2962 2113 2114 2964
f 2964 1818 1819 2963
f 2964 2114 1822 1818
f 2963 1819 2121 2965
f 2963 2965 2953 2955
f 2965 2121 2122 2126
f 2965 2126 2128 2953
f 2125 2968 2967 2966
f 2125 2119 2120 2968
f 2125 2966 1703 2124
f 2968 1482 1481 2967
f 2968 2120 1483 1482
f 1483 2120 2116 628
f 1481 1484 1698 2967
f 1484 1485 1697 1698
f 1485 1486 1696 1697
f 1486 1488 2969 1696
f 1488 1490 2970 2969
f 1490 39 1614 2970
f 2970 1614 1615 2971
f 2970 2971 2972 2969
f 2972 2971 1701 1702
f 2972 1695 1696 2969
f 2972 1702 1700 1695
f 2971 1615 2973 1701
f 2973 2976 2975 2974
f 2973 1615 1616 2976
f 2973 2974 1625 1701
f 2976 1498 1497 2975
f 2976 1616 43 1498
f 1497 1500 2977 2975
f 1500 255 1815 2977
f 2977 2978 2974 2975
f 2977 1815 1816 2978
f 2978 1624 1625 2974
f 2978 1816 1623 1624
f 2967 1698 1699 2966
f 2966 1699 1700 1703
f 2124 1703 1591 1622
f 2121 1819 1820 2117
f 2109 1734 1730 2108
f 2108 1730 1731 2107
f 2074 1814 1771 1601
f 2027 2019 2020 2022
f 1969 1959 1960 1967
f 1949 1797 1744 1946
f 1948 1942 1726 1727
f 1942 1937 1725 1726
f 1933 1724 1725 1932
f 1864 1659 1660 1860
f 1825 1668 1669 1611
f 1797 1792 1741 1744
f 1793 1740 1741 1792
f 1781 1722 1723 1780
f 1779 1774 1752 1753
f 1603 1669 1664 1778
f 1775 1757 1752 1774
f 1771 1676 1670 1770
f 1770 1670 1671 2979
f 1770 2979 2980 1768
f 2980 2979 2982 2981
f 2980 1506 205 1768
f 2980 2981 1507 1506
f 1507 2981 2983 1508
f 2983 2986 2985 2984
f 2983 2981 2982 2986
f 2983 2984 1513 1508
f 1513 2984 2987 1514
f 2987 2990 2989 2988
f 2987 2984 2985 2990
f 2987 2988 1519 1514
f 1519 2988 2991 1520
f 2991 2994 2993 2992
f 2991 2988 2989 2994
f 2991 2992 1525 1520
f 1525 2992 2995 1526
f 2995 2998 2997 2996
f 2995 2992 2993 2998
f 2995 2996 1531 1526
f 1531 2996 2999 1532
f 2999 3002 3001 3000
f 2999 2996 2997 3002
f 2999 3000 1537 1532
f 1537 3000 3003 1538
f 3003 3004 1682 1680
f 3003 3000 3001 3004
f 3003 1680 114 1538
f 3004 3005 1679 1682
f 3004 3001 3006 3005
f 3006 3008 3007 3005
f 3006 3010 3009 3008
f 3006 3001 3002 3010
f 3010 3012 3011 3009
f 3010 3002 2997 3012
f 3012 3014 3013 3011
f 3012 2997 2998 3014
f 3014 3016 3015 3013
f 3014 2998 2993 3016
f 3016 3018 3017 3015
f 3016 2993 2994 3018
f 3018 3020 3019 3017
f 3018 2994 2989 3020
f 3020 3022 3021 3019
f 3020 2989 2990 3022
f 3022 3024 3023 3021
f 3022 2990 2985 3024
f 3024 3026 3025 3023
f 3024 2985 2986 3026
f 3026 3028 3027 3025
f 3026 2986 2982 3028
f 3028 1671 1672 3027
f 3028 2982 2979 1671
f 3027 1566 1565 3025
f 3027 1672 100 1566
f 1565 1567 3023 3025
f 1567 1568 3021 3023
f 1568 1569 3019 3021
f 1569 1570 3017 3019
f 1570 1571 3015 3017
f 1571 1572 3013 3015
f 1572 1573 3011 3013
f 1573 1574 3009 3011
f 1574 1575 3008 3009
f 1575 1576 3007 3008
f 1576 110 1678 3007
f 3007 1678 1679 3005
f 1751 1745 1661 1662
f 1746 1663 1661 1745
f 1729 1649 1650 1728
f 1728 1650 1653 1727
f 1682 1679 1677 1681
f 1681 1677 108 116
f 1602 1603 1778 1773
f 1603 1779 1611 1669
g Group7125
f 3029 3035 3036 3037
f 3029 3038 3039 3035
f 3029 3037 3040 3038
f 3030 3041 3042 3043
f 3030 3043 3044 3045
f 3030 3045 3046 3041
f 3047 3048 3049 3050
f 3051 3052 3053 3054
f 3031 3055 3056 3057
f 3031 3057 3058 3059
f 3031 3059 3060 3055
f 3032 3061 3062 3063
f 3032 3037 3036 3061
f 3032 3064 3040 3037
f 3032 3063 3065 3064
f 3033 3066 3067 3068
f 3033 3069 3070 3066
f 3033 3068 3071 3069
f 3072 3073 3074 3075
f 3034 3065 3063 3076
f 3034 3076 3077 3078
f 3078 3073 3079 3080
f 3078 3080 3065 3034
f 3078 3077 3074 3073
f 3080 3079 3081 3082
f 3080 3082 3064 3065
f 3082 3081 3083 3084
f 3082 3084 3040 3064
f 3084 3083 3085 3086
f 3084 3086 3038 3040
f 3086 3085 3087 3088
f 3086 3088 3039 3038
f 3088 3087 3089 3090
f 3088 3090 3091 3039
f 3091 3090 3092 3093
f 3091 3093 3050 3094
f 3091 3094 3035 3039
f 3094 3050 3049 3095
f 3094 3095 3036 3035
f 3095 3049 3096 3097
f 3095 3097 3061 3036
f 3097 3096 3098 3099
f 3097 3099 3062 3061
f 3099 3098 3100 3101
f 3099 3101 3102 3062
f 3102 3101 3103 3104
f 3102 3104 3077 3076
f 3102 3076 3063 3062
f 3104 3103 3105 3106
f 3104 3106 3074 3077
f 3106 3105 3107 3108
f 3106 3108 3075 3074
f 3108 3107 3109 3110
f 3108 3110 3111 3075
f 3111 3110 3112 3113
f 3111 3113 3114 3115
f 3111 3115 3072 3075
f 3115 3114 3081 3079
f 3115 3079 3073 3072
f 3114 3113 3053 3052
f 3114 3052 3083 3081
f 3113 3112 3116 3053
f 3116 3043 3042 3117
f 3116 3117 3054 3053
f 3116 3112 3044 3043
f 3117 3042 3118 3089
f 3117 3089 3087 3054
f 3118 3042 3041 3119
f 3118 3119 3120 3092
f 3118 3092 3090 3089
f 3120 3119 3121 3122
f 3120 3122 3123 3124
f 3120 3124 3093 3092
f 3124 3123 3048 3047
f 3124 3047 3050 3093
f 3123 3122 3056 3055
f 3123 3055 3060 3048
f 3122 3121 3125 3056
f 3125 3126 3066 3070
f 3125 3070 3057 3056
f 3125 3121 3046 3126
f 3126 3127 3067 3066
f 3126 3046 3045 3127
f 3127 3045 3044 3109
f 3127 3109 3107 3067
f 3121 3119 3041 3046
f 3112 3110 3109 3044
f 3107 3105 3068 3067
f 3105 3103 3071 3068
f 3103 3101 3100 3071
f 3100 3058 3069 3071
f 3100 3098 3059 3058
f 3098 3096 3060 3059
f 3096 3049 3048 3060
f 3087 3085 3051 3054
f 3085 3083 3052 3051
f 3070 3069 3058 3057
f 3128 3136 3135 3134
f 3128 3134 3138 3137
f 3128 3137 3139 3136
f 3129 3142 3141 3140
f 3129 3144 3143 3142
f 3129 3140 3145 3144
f 3146 3149 3148 3147
f 3150 3153 3152 3151
f 3130 3156 3155 3154
f 3130 3158 3157 3156
f 3130 3154 3159 3158
f 3131 3162 3161 3160
f 3131 3160 3135 3136
f 3131 3136 3139 3163
f 3131 3163 3164 3162
f 3132 3167 3166 3165
f 3132 3165 3169 3168
f 3132 3168 3170 3167
f 3171 3174 3173 3172
f 3133 3175 3162 3164
f 3133 3177 3176 3175
f 3177 3179 3178 3172
f 3177 3133 3164 3179
f 3177 3172 3173 3176
f 3179 3181 3180 3178
f 3179 3164 3163 3181
f 3181 3183 3182 3180
f 3181 3163 3139 3183
f 3183 3185 3184 3182
f 3183 3139 3137 3185
f 3185 3187 3186 3184
f 3185 3137 3138 3187
f 3187 3189 3188 3186
f 3187 3138 3190 3189
f 3190 3192 3191 3189
f 3190 3193 3149 3192
f 3190 3138 3134 3193
f 3193 3194 3148 3149
f 3193 3134 3135 3194
f 3194 3196 3195 3148
f 3194 3135 3160 3196
f 3196 3198 3197 3195
f 3196 3160 3161 3198
f 3198 3200 3199 3197
f 3198 3161 3201 3200
f 3201 3203 3202 3200
f 3201 3175 3176 3203
f 3201 3161 3162 3175
f 3203 3205 3204 3202
f 3203 3176 3173 3205
f 3205 3207 3206 3204
f 3205 3173 3174 3207
f 3207 3209 3208 3206
f 3207 3174 3210 3209
f 3210 3212 3211 3209
f 3210 3214 3213 3212
f 3210 3174 3171 3214
f 3214 3178 3180 3213
f 3214 3171 3172 3178
f 3213 3151 3152 3212
f 3213 3180 3182 3151
f 3212 3152 3215 3211
f 3215 3216 3141 3142
f 3215 3152 3153 3216
f 3215 3142 3143 3211
f 3216 3188 3217 3141
f 3216 3153 3186 3188
f 3217 3218 3140 3141
f 3217 3191 3219 3218
f 3217 3188 3189 3191
f 3219 3221 3220 3218
f 3219 3223 3222 3221
f 3219 3191 3192 3223
f 3223 3146 3147 3222
f 3223 3192 3149 3146
f 3222 3154 3155 3221
f 3222 3147 3159 3154
f 3221 3155 3224 3220
f 3224 3169 3165 3225
f 3224 3155 3156 3169
f 3224 3225 3145 3220
f 3225 3165 3166 3226
f 3225 3226 3144 3145
f 3226 3208 3143 3144
f 3226 3166 3206 3208
f 3220 3145 3140 3218
f 3211 3143 3208 3209
f 3206 3166 3167 3204
f 3204 3167 3170 3202
f 3202 3170 3199 3200
f 3199 3170 3168 3157
f 3199 3157 3158 3197
f 3197 3158 3159 3195
f 3195 3159 3147 3148
f 3186 3153 3150 3184
f 3184 3150 3151 3182
f 3169 3156 3157 3168
g Group6174
f 3227 3231 3232 3233
f 3227 3233 3234 3235
f 3227 3235 3236 3237
f 3228 3232 3238 3239
f 3228 3240 3233 3232
f 3228 3239 3241 3240
f 3229 3242 3243 3244
f 3229 3245 3246 3242
f 3229 3244 3247 3245
f 3230 3248 3244 3243
f 3230 3249 3250 3251
f 3230 3251 3252 3248
f 3230 3253 3254 3249
f 3254 3255 3256 3257
f 3254 3257 3258 3249
f 3254 3253 3259 3255
f 3259 3260 3261 3255
f 3259 3253 3262 3263
f 3259 3263 3264 3260
f 3264 3265 3266 3260
f 3264 3263 3267 3268
f 3264 3268 3269 3265
f 3269 3270 3271 3265
f 3269 3268 3272 3273
f 3269 3273 3274 3270
f 3274 3275 3276 3270
f 3274 3273 3277 3278
f 3274 3278 3279 3275
f 3279 3280 3281 3275
f 3279 3278 3282 3283
f 3279 3283 3284 3280
f 3284 3285 3286 3280
f 3284 3283 3287 3288
f 3284 3288 3289 3285
f 3289 3290 3291 3285
f 3289 3288 3292 3293
f 3289 3293 3294 3290
f 3294 3293 3295 3296
f 3296 3295 3297 3298
f 3298 3297 3299 3300
f 3300 3299 3301 3302
f 3302 3301 3303 3304
f 3304 3303 3305 3306
f 3306 3305 3307 3308
f 3308 3307 3309 3310
f 3310 3309 3311 3312
f 3312 3311 3313 3314
f 3314 3313 3315 3316
f 3316 3315 3317 3318
f 3318 3317 3319 3320
f 3320 3319 3321 3322
f 3322 3321 3286 3323
f 3323 3286 3285 3291
f 3321 3319 3324 3281
f 3321 3281 3280 3286
f 3324 3319 3317 3325
f 3324 3325 3326 3276
f 3324 3276 3275 3281
f 3326 3325 3327 3328
f 3326 3328 3329 3271
f 3326 3271 3270 3276
f 3329 3328 3330 3331
f 3329 3331 3332 3266
f 3329 3266 3265 3271
f 3332 3331 3333 3334
f 3332 3334 3335 3261
f 3332 3261 3260 3266
f 3335 3334 3336 3337
f 3335 3337 3338 3256
f 3335 3256 3255 3261
f 3338 3337 3339 3340
f 3338 3340 3341 3342
f 3338 3342 3257 3256
f 3342 3341 3343 3344
f 3342 3344 3258 3257
f 3344 3343 3345 3346
f 3344 3346 3347 3258
f 3347 3346 3348 3349
f 3347 3349 3350 3250
f 3347 3250 3249 3258
f 3350 3351 3251 3250
f 3351 3352 3252 3251
f 3352 3353 3354 3252
f 3354 3355 3248 3252
f 3354 3353 3356 3357
f 3354 3357 3358 3355
f 3358 3359 3247 3355
f 3358 3357 3360 3361
f 3358 3361 3362 3359
f 3362 3363 3364 3359
f 3362 3361 3365 3241
f 3362 3241 3239 3363
f 3365 3361 3360 3366
f 3365 3366 3367 3368
f 3365 3368 3240 3241
f 3368 3367 3369 3234
f 3368 3234 3233 3240
f 3369 3367 3370 3371
f 3369 3371 3372 3373
f 3369 3373 3235 3234
f 3373 3372 3374 3375
f 3373 3375 3236 3235
f 3375 3374 3376 3377
f 3375 3377 3378 3236
f 3378 3379 3237 3236
f 3378 3377 3380 3381
f 3378 3381 3382 3379
f 3382 3383 3384 3379
f 3382 3381 3385 3386
f 3382 3386 3387 3383
f 3387 3388 3389 3383
f 3387 3386 3390 3391
f 3387 3391 3392 3388
f 3392 3393 3394 3388
f 3392 3391 3340 3339
f 3392 3339 3395 3393
f 3395 3396 3397 3393
f 3395 3339 3337 3336
f 3395 3336 3398 3396
f 3398 3399 3400 3396
f 3398 3336 3334 3333
f 3398 3333 3401 3399
f 3401 3402 3403 3399
f 3401 3333 3331 3330
f 3401 3330 3404 3402
f 3404 3313 3311 3402
f 3404 3330 3328 3327
f 3404 3327 3315 3313
f 3403 3309 3307 3405
f 3403 3405 3400 3399
f 3403 3402 3311 3309
f 3405 3307 3305 3406
f 3405 3406 3407 3400
f 3407 3406 3408 3409
f 3407 3409 3410 3397
f 3407 3397 3396 3400
f 3410 3409 3411 3412
f 3410 3412 3413 3394
f 3410 3394 3393 3397
f 3413 3412 3414 3415
f 3413 3415 3416 3389
f 3413 3389 3388 3394
f 3416 3415 3417 3418
f 3416 3418 3419 3384
f 3416 3384 3383 3389
f 3419 3418 3420 3421
f 3419 3421 3227 3237
f 3419 3237 3379 3384
f 3421 3420 3422 3423
f 3421 3423 3231 3227
f 3423 3422 3424 3425
f 3423 3425 3426 3231
f 3426 3425 3427 3428
f 3426 3428 3429 3238
f 3426 3238 3232 3231
f 3429 3428 3430 3431
f 3429 3431 3364 3363
f 3429 3363 3239 3238
f 3431 3430 3432 3246
f 3431 3246 3245 3364
f 3432 3433 3267 3434
f 3432 3434 3242 3246
f 3432 3430 3435 3433
f 3435 3436 3272 3433
f 3435 3430 3428 3427
f 3435 3427 3437 3436
f 3437 3438 3277 3436
f 3437 3427 3425 3424
f 3437 3424 3439 3438
f 3439 3440 3282 3438
f 3439 3424 3422 3441
f 3439 3441 3442 3440
f 3442 3443 3287 3440
f 3442 3441 3444 3445
f 3442 3445 3446 3443
f 3446 3447 3292 3443
f 3446 3445 3448 3449
f 3446 3449 3450 3447
f 3450 3297 3295 3447
f 3450 3449 3451 3452
f 3450 3452 3299 3297
f 3452 3451 3411 3453
f 3452 3453 3301 3299
f 3453 3411 3409 3408
f 3453 3408 3303 3301
f 3451 3449 3448 3414
f 3451 3414 3412 3411
f 3448 3445 3444 3417
f 3448 3417 3415 3414
f 3447 3295 3293 3292
f 3444 3441 3422 3420
f 3444 3420 3418 3417
f 3443 3292 3288 3287
f 3440 3287 3283 3282
f 3438 3282 3278 3277
f 3436 3277 3273 3272
f 3434 3267 3263 3262
f 3434 3262 3243 3242
f 3433 3272 3268 3267
f 3408 3406 3305 3303
f 3391 3390 3341 3340
f 3390 3386 3385 3454
f 3390 3454 3343 3341
f 3454 3385 3455 3456
f 3454 3456 3345 3343
f 3456 3455 3457 3458
f 3456 3458 3459 3345
f 3459 3348 3346 3345
f 3457 3455 3380 3460
f 3460 3380 3377 3376
f 3455 3385 3381 3380
f 3370 3367 3366 3461
f 3461 3366 3360 3462
f 3462 3360 3357 3356
f 3364 3245 3247 3359
f 3355 3247 3244 3248
f 3327 3325 3317 3315
f 3262 3253 3230 3243
f 3463 3467 3468 3469
f 3463 3469 3470 3471
f 3463 3471 3472 3467
f 3464 3473 3474 3475
f 3464 3476 3477 3473
f 3464 3478 3479 3476
f 3464 3475 3480 3481
f 3464 3481 3482 3478
f 3465 3483 3484 3485
f 3465 3485 3486 3487
f 3465 3487 3488 3483
f 3466 3489 3490 3491
f 3466 3492 3493 3489
f 3466 3494 3495 3492
f 3495 3496 3497 3498
f 3495 3498 3499 3492
f 3495 3494 3500 3496
f 3500 3501 3502 3496
f 3500 3494 3503 3504
f 3500 3504 3505 3501
f 3505 3506 3507 3501
f 3505 3504 3508 3509
f 3505 3509 3510 3506
f 3510 3511 3512 3506
f 3510 3509 3513 3514
f 3510 3514 3515 3511
f 3515 3516 3517 3511
f 3515 3514 3518 3519
f 3515 3519 3520 3516
f 3520 3521 3522 3516
f 3520 3519 3523 3524
f 3520 3524 3525 3521
f 3525 3526 3527 3521
f 3525 3524 3528 3529
f 3525 3529 3530 3526
f 3530 3531 3532 3526
f 3530 3529 3533 3534
f 3530 3534 3535 3531
f 3535 3536 3537 3531
f 3535 3534 3538 3539
f 3535 3539 3540 3536
f 3540 3541 3542 3536
f 3542 3543 3544 3545
f 3542 3545 3537 3536
f 3542 3541 3546 3543
f 3546 3547 3548 3543
f 3548 3549 3550 3551
f 3548 3551 3544 3543
f 3548 3547 3552 3549
f 3552 3553 3554 3549
f 3554 3555 3556 3557
f 3554 3557 3550 3549
f 3554 3553 3558 3555
f 3558 3559 3560 3555
f 3560 3561 3562 3563
f 3560 3563 3556 3555
f 3560 3559 3564 3561
f 3564 3565 3566 3561
f 3566 3567 3568 3569
f 3566 3569 3562 3561
f 3566 3565 3570 3567
f 3570 3571 3572 3567
f 3572 3573 3574 3575
f 3572 3575 3568 3567
f 3572 3571 3576 3573
f 3576 3577 3578 3573
f 3578 3579 3580 3581
f 3578 3581 3574 3573
f 3578 3577 3582 3579
f 3582 3583 3584 3579
f 3584 3533 3529 3528
f 3584 3528 3580 3579
f 3584 3583 3585 3533
f 3585 3538 3534 3533
f 3581 3580 3523 3586
f 3581 3586 3587 3574
f 3587 3586 3518 3588
f 3587 3588 3589 3590
f 3587 3590 3575 3574
f 3590 3589 3591 3592
f 3590 3592 3568 3575
f 3592 3591 3593 3594
f 3592 3594 3569 3568
f 3594 3593 3595 3596
f 3594 3596 3562 3569
f 3596 3595 3597 3598
f 3596 3598 3563 3562
f 3598 3597 3599 3600
f 3598 3600 3556 3563
f 3600 3599 3601 3602
f 3600 3602 3557 3556
f 3602 3601 3603 3604
f 3602 3604 3550 3557
f 3604 3603 3605 3606
f 3604 3606 3551 3550
f 3606 3605 3607 3608
f 3606 3608 3544 3551
f 3608 3607 3609 3610
f 3608 3610 3545 3544
f 3610 3609 3611 3612
f 3610 3612 3537 3545
f 3612 3611 3613 3532
f 3612 3532 3531 3537
f 3613 3611 3614 3615
f 3613 3615 3616 3527
f 3613 3527 3526 3532
f 3616 3615 3617 3618
f 3616 3618 3619 3522
f 3616 3522 3521 3527
f 3619 3618 3620 3621
f 3619 3621 3622 3517
f 3619 3517 3516 3522
f 3622 3621 3623 3624
f 3622 3624 3625 3512
f 3622 3512 3511 3517
f 3625 3624 3626 3627
f 3625 3627 3628 3507
f 3625 3507 3506 3512
f 3628 3627 3629 3630
f 3628 3630 3631 3502
f 3628 3502 3501 3507
f 3631 3497 3496 3502
f 3629 3627 3626 3632
f 3632 3626 3633 3634
f 3634 3633 3635 3636
f 3636 3635 3473 3477
f 3635 3633 3623 3637
f 3635 3637 3474 3473
f 3637 3623 3621 3620
f 3637 3620 3638 3474
f 3638 3639 3475 3474
f 3638 3620 3618 3617
f 3638 3617 3640 3639
f 3640 3641 3642 3639
f 3640 3617 3615 3614
f 3640 3614 3643 3641
f 3643 3644 3645 3641
f 3643 3614 3611 3609
f 3643 3609 3607 3644
f 3645 3646 3647 3648
f 3645 3648 3642 3641
f 3645 3644 3649 3646
f 3649 3650 3651 3646
f 3649 3644 3607 3605
f 3649 3605 3603 3650
f 3651 3652 3653 3654
f 3651 3654 3647 3646
f 3651 3650 3655 3652
f 3655 3656 3657 3652
f 3655 3650 3603 3601
f 3655 3601 3599 3656
f 3657 3658 3659 3660
f 3657 3660 3653 3652
f 3657 3656 3661 3658
f 3661 3662 3663 3658
f 3661 3656 3599 3597
f 3661 3597 3595 3662
f 3663 3664 3665 3666
f 3663 3666 3659 3658
f 3663 3662 3667 3664
f 3667 3668 3669 3664
f 3667 3662 3595 3593
f 3667 3593 3591 3668
f 3669 3508 3504 3503
f 3669 3503 3665 3664
f 3669 3668 3670 3508
f 3670 3513 3509 3508
f 3670 3668 3591 3589
f 3670 3589 3588 3513
f 3666 3665 3466 3491
f 3666 3491 3671 3659
f 3671 3491 3490 3672
f 3671 3672 3673 3674
f 3671 3674 3660 3659
f 3674 3673 3675 3676
f 3674 3676 3653 3660
f 3676 3675 3677 3678
f 3676 3678 3654 3653
f 3678 3677 3679 3680
f 3678 3680 3647 3654
f 3680 3679 3681 3682
f 3680 3682 3648 3647
f 3682 3681 3481 3480
f 3682 3480 3642 3648
f 3681 3679 3471 3470
f 3681 3470 3482 3481
f 3679 3677 3472 3471
f 3677 3675 3683 3472
f 3683 3484 3483 3684
f 3683 3684 3467 3472
f 3683 3675 3673 3484
f 3684 3483 3488 3685
f 3684 3685 3468 3467
f 3685 3488 3686 3687
f 3685 3687 3688 3468
f 3688 3687 3689 3690
f 3688 3690 3691 3692
f 3688 3692 3469 3468
f 3692 3691 3478 3482
f 3692 3482 3470 3469
f 3691 3690 3693 3694
f 3691 3694 3479 3478
f 3693 3690 3689 3695
f 3695 3689 3696 3697
f 3697 3696 3698 3699
f 3699 3698 3700 3701
f 3701 3700 3493 3702
f 3702 3493 3492 3499
f 3700 3703 3489 3493
f 3700 3698 3704 3703
f 3704 3487 3486 3703
f 3704 3698 3696 3686
f 3704 3686 3488 3487
f 3703 3486 3490 3489
f 3696 3689 3687 3686
f 3673 3672 3485 3484
f 3672 3490 3486 3485
f 3665 3503 3494 3466
f 3642 3480 3475 3639
f 3633 3626 3624 3623
f 3588 3518 3514 3513
f 3586 3523 3519 3518
f 3580 3528 3524 3523
f 3705 3711 3710 3709
f 3705 3713 3712 3711
f 3705 3715 3714 3713
f 3706 3717 3716 3710
f 3706 3710 3711 3718
f 3706 3718 3719 3717
f 3707 3722 3721 3720
f 3707 3720 3724 3723
f 3707 3723 3725 3722
f 3708 3721 3722 3726
f 3708 3729 3728 3727
f 3708 3726 3730 3729
f 3708 3727 3732 3731
f 3732 3735 3734 3733
f 3732 3727 3736 3735
f 3732 3733 3737 3731
f 3737 3733 3739 3738
f 3737 3741 3740 3731
f 3737 3738 3742 3741
f 3742 3738 3744 3743
f 3742 3746 3745 3741
f 3742 3743 3747 3746
f 3747 3743 3749 3748
f 3747 3751 3750 3746
f 3747 3748 3752 3751
f 3752 3748 3754 3753
f 3752 3756 3755 3751
f 3752 3753 3757 3756
f 3757 3753 3759 3758
f 3757 3761 3760 3756
f 3757 3758 3762 3761
f 3762 3758 3764 3763
f 3762 3766 3765 3761
f 3762 3763 3767 3766
f 3767 3763 3291 3290
f 3767 3769 3768 3766
f 3767 3290 3294 3769
f 3294 3296 3770 3769
f 3296 3298 3771 3770
f 3298 3300 3772 3771
f 3300 3302 3773 3772
f 3302 3304 3774 3773
f 3304 3306 3775 3774
f 3306 3308 3776 3775
f 3308 3310 3777 3776
f 3310 3312 3778 3777
f 3312 3314 3779 3778
f 3314 3316 3780 3779
f 3316 3318 3781 3780
f 3318 3320 3782 3781
f 3320 3322 3783 3782
f 3322 3323 3764 3783
f 3323 3291 3763 3764
f 3783 3759 3784 3782
f 3783 3764 3758 3759
f 3784 3785 3781 3782
f 3784 3754 3786 3785
f 3784 3759 3753 3754
f 3786 3788 3787 3785
f 3786 3749 3789 3788
f 3786 3754 3748 3749
f 3789 3791 3790 3788
f 3789 3744 3792 3791
f 3789 3749 3743 3744
f 3792 3794 3793 3791
f 3792 3739 3795 3794
f 3792 3744 3738 3739
f 3795 3797 3796 3794
f 3795 3734 3798 3797
f 3795 3739 3733 3734
f 3798 3800 3799 3797
f 3798 3802 3801 3800
f 3798 3734 3735 3802
f 3802 3804 3803 3801
f 3802 3735 3736 3804
f 3804 3806 3805 3803
f 3804 3736 3807 3806
f 3807 3349 3348 3806
f 3807 3728 3350 3349
f 3807 3736 3727 3728
f 3350 3728 3729 3351
f 3351 3729 3730 3352
f 3352 3730 3808 3353
f 3808 3730 3726 3809
f 3808 3810 3356 3353
f 3808 3809 3811 3810
f 3811 3809 3725 3812
f 3811 3814 3813 3810
f 3811 3812 3815 3814
f 3815 3812 3817 3816
f 3815 3719 3818 3814
f 3815 3816 3717 3719
f 3818 3819 3813 3814
f 3818 3821 3820 3819
f 3818 3719 3718 3821
f 3821 3712 3822 3820
f 3821 3718 3711 3712
f 3822 3371 3370 3820
f 3822 3823 3372 3371
f 3822 3712 3713 3823
f 3823 3824 3374 3372
f 3823 3713 3714 3824
f 3824 3825 3376 3374
f 3824 3714 3826 3825
f 3826 3714 3715 3827
f 3826 3829 3828 3825
f 3826 3827 3830 3829
f 3830 3827 3832 3831
f 3830 3834 3833 3829
f 3830 3831 3835 3834
f 3835 3831 3837 3836
f 3835 3839 3838 3834
f 3835 3836 3840 3839
f 3840 3836 3842 3841
f 3840 3799 3800 3839
f 3840 3841 3843 3799
f 3843 3841 3845 3844
f 3843 3796 3797 3799
f 3843 3844 3846 3796
f 3846 3844 3848 3847
f 3846 3793 3794 3796
f 3846 3847 3849 3793
f 3849 3847 3851 3850
f 3849 3790 3791 3793
f 3849 3850 3852 3790
f 3852 3850 3778 3779
f 3852 3787 3788 3790
f 3852 3779 3780 3787
f 3851 3853 3776 3777
f 3851 3847 3848 3853
f 3851 3777 3778 3850
f 3853 3854 3775 3776
f 3853 3848 3855 3854
f 3855 3857 3856 3854
f 3855 3845 3858 3857
f 3855 3848 3844 3845
f 3858 3860 3859 3857
f 3858 3842 3861 3860
f 3858 3845 3841 3842
f 3861 3863 3862 3860
f 3861 3837 3864 3863
f 3861 3842 3836 3837
f 3864 3866 3865 3863
f 3864 3832 3867 3866
f 3864 3837 3831 3832
f 3867 3869 3868 3866
f 3867 3715 3705 3869
f 3867 3832 3827 3715
f 3869 3871 3870 3868
f 3869 3705 3709 3871
f 3871 3873 3872 3870
f 3871 3709 3874 3873
f 3874 3876 3875 3873
f 3874 3716 3877 3876
f 3874 3709 3710 3716
f 3877 3879 3878 3876
f 3877 3816 3817 3879
f 3877 3716 3717 3816
f 3879 3724 3880 3878
f 3879 3817 3723 3724
f 3880 3882 3745 3881
f 3880 3724 3720 3882
f 3880 3881 3883 3878
f 3883 3881 3750 3884
f 3883 3875 3876 3878
f 3883 3884 3885 3875
f 3885 3884 3755 3886
f 3885 3872 3873 3875
f 3885 3886 3887 3872
f 3887 3886 3760 3888
f 3887 3889 3870 3872
f 3887 3888 3890 3889
f 3890 3888 3765 3891
f 3890 3893 3892 3889
f 3890 3891 3894 3893
f 3894 3891 3768 3895
f 3894 3897 3896 3893
f 3894 3895 3898 3897
f 3898 3895 3770 3771
f 3898 3900 3899 3897
f 3898 3771 3772 3900
f 3900 3901 3859 3899
f 3900 3772 3773 3901
f 3901 3856 3857 3859
f 3901 3773 3774 3856
f 3899 3862 3896 3897
f 3899 3859 3860 3862
f 3896 3865 3892 3893
f 3896 3862 3863 3865
f 3895 3768 3769 3770
f 3892 3868 3870 3889
f 3892 3865 3866 3868
f 3891 3765 3766 3768
f 3888 3760 3761 3765
f 3886 3755 3756 3760
f 3884 3750 3751 3755
f 3882 3740 3741 3745
f 3882 3720 3721 3740
f 3881 3745 3746 3750
f 3856 3774 3775 3854
f 3839 3800 3801 3838
f 3838 3902 3833 3834
f 3838 3801 3803 3902
f 3902 3904 3903 3833
f 3902 3803 3805 3904
f 3904 3458 3457 3903
f 3904 3805 3459 3458
f 3459 3805 3806 3348
f 3457 3460 3828 3903
f 3460 3376 3825 3828
f 3903 3828 3829 3833
f 3370 3461 3819 3820
f 3461 3462 3813 3819
f 3462 3356 3810 3813
f 3817 3812 3725 3723
f 3809 3726 3722 3725
f 3787 3780 3781 3785
f 3740 3721 3708 3731
f 3905 3911 3910 3909
f 3905 3913 3912 3911
f 3905 3909 3914 3913
f 3906 3917 3916 3915
f 3906 3915 3477 3476
f 3906 3476 3479 3918
f 3906 3920 3919 3917
f 3906 3918 3921 3920
f 3907 3924 3923 3922
f 3907 3926 3925 3924
f 3907 3922 3927 3926
f 3908 3930 3929 3928
f 3908 3928 3932 3931
f 3908 3931 3934 3933
f 3934 3498 3497 3935
f 3934 3931 3499 3498
f 3934 3935 3936 3933
f 3936 3935 3938 3937
f 3936 3940 3939 3933
f 3936 3937 3941 3940
f 3941 3937 3943 3942
f 3941 3945 3944 3940
f 3941 3942 3946 3945
f 3946 3942 3948 3947
f 3946 3950 3949 3945
f 3946 3947 3951 3950
f 3951 3947 3953 3952
f 3951 3955 3954 3950
f 3951 3952 3956 3955
f 3956 3952 3958 3957
f 3956 3960 3959 3955
f 3956 3957 3961 3960
f 3961 3957 3963 3962
f 3961 3965 3964 3960
f 3961 3962 3966 3965
f 3966 3962 3968 3967
f 3966 3970 3969 3965
f 3966 3967 3971 3970
f 3971 3967 3973 3972
f 3971 3539 3538 3970
f 3971 3972 3540 3539
f 3540 3972 3974 3541
f 3974 3977 3976 3975
f 3974 3972 3973 3977
f 3974 3975 3546 3541
f 3546 3975 3978 3547
f 3978 3981 3980 3979
f 3978 3975 3976 3981
f 3978 3979 3552 3547
f 3552 3979 3982 3553
f 3982 3985 3984 3983
f 3982 3979 3980 3985
f 3982 3983 3558 3553
f 3558 3983 3986 3559
f 3986 3989 3988 3987
f 3986 3983 3984 3989
f 3986 3987 3564 3559
f 3564 3987 3990 3565
f 3990 3993 3992 3991
f 3990 3987 3988 3993
f 3990 3991 3570 3565
f 3570 3991 3994 3571
f 3994 3997 3996 3995
f 3994 3991 3992 3997
f 3994 3995 3576 3571
f 3576 3995 3998 3577
f 3998 4001 4000 3999
f 3998 3995 3996 4001
f 3998 3999 3582 3577
f 3582 3999 4002 3583
f 4002 3964 3965 3969
f 4002 3999 4000 3964
f 4002 3969 3585 3583
f 3585 3969 3970 3538
f 4001 4003 3959 4000
f 4001 3996 4004 4003
f 4004 4005 3954 4003
f 4004 4007 4006 4005
f 4004 3996 3997 4007
f 4007 4009 4008 4006
f 4007 3997 3992 4009
f 4009 4011 4010 4008
f 4009 3992 3993 4011
f 4011 4013 4012 4010
f 4011 3993 3988 4013
f 4013 4015 4014 4012
f 4013 3988 3989 4015
f 4015 4017 4016 4014
f 4015 3989 3984 4017
f 4017 4019 4018 4016
f 4017 3984 3985 4019
f 4019 4021 4020 4018
f 4019 3985 3980 4021
f 4021 4023 4022 4020
f 4021 3980 3981 4023
f 4023 4025 4024 4022
f 4023 3981 3976 4025
f 4025 4027 4026 4024
f 4025 3976 3977 4027
f 4027 4029 4028 4026
f 4027 3977 3973 4029
f 4029 3968 4030 4028
f 4029 3973 3967 3968
f 4030 4032 4031 4028
f 4030 3963 4033 4032
f 4030 3968 3962 3963
f 4033 4035 4034 4032
f 4033 3958 4036 4035
f 4033 3963 3957 3958
f 4036 4038 4037 4035
f 4036 3953 4039 4038
f 4036 3958 3952 3953
f 4039 4041 4040 4038
f 4039 3948 4042 4041
f 4039 3953 3947 3948
f 4042 4044 4043 4041
f 4042 3943 4045 4044
f 4042 3948 3942 3943
f 4045 3630 3629 4044
f 4045 3938 3631 3630
f 4045 3943 3937 3938
f 3631 3938 3935 3497
f 3629 3632 4043 4044
f 3632 3634 4046 4043
f 3634 3636 4047 4046
f 3636 3477 3915 4047
f 4047 4048 4040 4046
f 4047 3915 3916 4048
f 4048 4037 4038 4040
f 4048 3916 4049 4037
f 4049 3916 3917 4050
f 4049 4034 4035 4037
f 4049 4050 4051 4034
f 4051 4050 4053 4052
f 4051 4031 4032 4034
f 4051 4052 4054 4031
f 4054 4052 4056 4055
f 4054 4026 4028 4031
f 4054 4055 4024 4026
f 4056 4059 4058 4057
f 4056 4052 4053 4059
f 4056 4057 4060 4055
f 4060 4057 4062 4061
f 4060 4022 4024 4055
f 4060 4061 4020 4022
f 4062 4065 4064 4063
f 4062 4057 4058 4065
f 4062 4063 4066 4061
f 4066 4063 4068 4067
f 4066 4018 4020 4061
f 4066 4067 4016 4018
f 4068 4071 4070 4069
f 4068 4063 4064 4071
f 4068 4069 4072 4067
f 4072 4069 4074 4073
f 4072 4014 4016 4067
f 4072 4073 4012 4014
f 4074 4077 4076 4075
f 4074 4069 4070 4077
f 4074 4075 4078 4073
f 4078 4075 4080 4079
f 4078 4010 4012 4073
f 4078 4079 4008 4010
f 4080 3939 3940 3944
f 4080 4075 4076 3939
f 4080 3944 4081 4079
f 4081 3944 3945 3949
f 4081 4006 4008 4079
f 4081 3949 4005 4006
f 4077 3930 3908 4076
f 4077 4070 4082 3930
f 4082 4083 3929 3930
f 4082 4085 4084 4083
f 4082 4070 4071 4085
f 4085 4087 4086 4084
f 4085 4071 4064 4087
f 4087 4089 4088 4086
f 4087 4064 4065 4089
f 4089 4091 4090 4088
f 4089 4065 4058 4091
f 4091 4093 4092 4090
f 4091 4058 4059 4093
f 4093 3919 3920 4092
f 4093 4059 4053 3919
f 4092 3912 3913 4090
f 4092 3920 3921 3912
f 4090 3913 3914 4088
f 4088 3914 4094 4086
f 4094 4095 3922 3923
f 4094 3914 3909 4095
f 4094 3923 4084 4086
f 4095 4096 3927 3922
f 4095 3909 3910 4096
f 4096 4098 4097 3927
f 4096 3910 4099 4098
f 4099 4101 4100 4098
f 4099 4103 4102 4101
f 4099 3910 3911 4103
f 4103 3921 3918 4102
f 4103 3911 3912 3921
f 4102 3694 3693 4101
f 4102 3918 3479 3694
f 3693 3695 4100 4101
f 3695 3697 4104 4100
f 3697 3699 4105 4104
f 3699 3701 4106 4105
f 3701 3702 3932 4106
f 3702 3499 3931 3932
f 4106 3932 3928 4107
f 4106 4107 4108 4105
f 4108 4107 3925 3926
f 4108 4097 4104 4105
f 4108 3926 3927 4097
f 4107 3928 3929 3925
f 4104 4097 4098 4100
f 4084 3923 3924 4083
f 4083 3924 3925 3929
f 4076 3908 3933 3939
f 4053 4050 3917 3919
f 4046 4040 4041 4043
f 4005 3949 3950 3954
f 4003 3954 3955 3959
f 4000 3959 3960 3964

 