# File exported by ZBrush version 2024
# www.zbrush.com
#Vertex Count 4221
#Face Count 4216
#Auto scale x=1.000000 y=1.000000 z=1.000000
#Auto offset x=0.000000 y=0.000000 z=0.000000
v -0.14957746 2.88077855 1.7469778
v -0.06965585 1.98538637 1.68785011
v -0.0616034 1.81851017 1.66017198
v -0.44993594 -8.213171 1.60284948
v -0.45839864 -0.38271534 1.65918088
v -0.4578675 2.1948297 1.43594205
v -0.97918403 -7.86081504 1.30988979
v -0.77441513 -8.29126834 1.03098726
v -0.57548451 -2.55576014 0.99355238
v -0.25255796 -3.77058911 0.95578342
v -0.54256218 3.11090302 0.9344837
v -0.79270696 1.80121362 0.96211618
v -0.43290886 3.31275606 0.9594019
v -0.27864167 -2.19218182 0.88360971
v -1.04743778 -8.26040363 0.83321303
v -0.83612394 0.47791546 0.88320022
v -0.31226658 3.38375353 0.85300731
v -0.92132949 -0.12068658 0.744816
v -0.43858864 3.37963414 0.73299688
v -1.02133107 -2.1153965 0.5208072
v -0.98632592 1.36770153 0.43868172
v -1.01174616 -2.04944396 0.40181151
v -4.36854744 0.55697423 0.41456034
v -4.44060707 0.8455944 0.393866
v -0.41406106 -7.72118616 0.32903671
v -1.04992592 -7.84749794 0.28010022
v -0.41388577 -7.82166862 0.2129113
v -4.40203046 0.48254701 0.0963213
v -4.33182001 0.899109 0.0426117
v -0.90482491 3.27807068 -0.06423173
v -1.34174108 2.72655963 -0.01397927
v -0.73870641 3.45567965 -0.17503668
v -1.11274564 2.95372152 -0.20289188
v -0.82475268 0.13866986 -0.31514862
v -0.95570576 3.44286322 -0.32929936
v -1.1021837 2.85424494 -0.41457971
v -0.90338093 3.50718426 -0.49450391
v -1.0054754 2.90200233 -0.55978584
v -0.89266192 3.25510573 -0.57656055
v -0.8739075 -3.52938246 -0.71050918
v -0.45805707 -0.84014868 -0.79738366
v -0.21311368 -3.53189706 -0.89117062
v -0.71830904 2.55750417 -1.02385413
v -0.15394678 -0.62153393 -1.43252873
v -0.14776405 -3.45940661 -4.59654521
v -0.21731606 2.85181427 1.79245758
v 0 2.84630727 1.85703837
v 0 2.88179874 1.75534081
v 0 2.95202469 1.61425745
v -0.17537052 2.9228785 1.61298084
v -0.28957763 2.8861134 1.61312508
v -0.08963116 1.9908303 1.75057113
v 0 1.98658466 1.77908229
v 0 1.98745024 1.70588505
v -0.1391675 1.98748672 1.5562489
v -0.21250994 2.00666093 1.63660132
v 0 2.02178025 1.54570245
v -0.08565335 1.85066151 1.72131192
v -0.19491104 1.86271548 1.60718846
v -0.12761312 1.82578265 1.54914379
v 0 1.81759297 1.66793787
v 0 1.85156893 1.73518359
v 0 1.82025373 1.50732648
v -0.39633995 -8.03032875 1.61934506
v -0.46360817 -8.03846359 1.62701892
v -0.47764125 -8.10176944 1.6592307
v -0.38405391 -8.08271408 1.63281071
v -0.53212285 -8.22910213 1.5767312
v -0.49787482 -8.25468349 1.52312934
v -0.40112763 -8.21963977 1.55850017
v -0.4498766 -8.18733787 1.63654184
v -0.55476123 -8.19941806 1.613788
v -0.36828327 -8.17733669 1.59360742
v -0.16476453 2.30369877 1.62774944
v -0.22145099 2.26272106 1.70446956
v -0.33092957 2.23734402 1.54475069
v -0.19815929 2.29354214 1.51576077
v -0.38117751 -0.3792018 1.79653799
v -0.42981758 -0.09042839 1.82889521
v -0.5287317 -0.16479039 1.67251861
v -0.55276274 -0.22402371 1.51253056
v -0.43555411 -0.49196413 1.5536654
v -0.35620164 -0.58919602 1.69757521
v -0.34880074 2.06234788 1.52974462
v -0.29422619 2.09003019 1.50103795
v -0.33417943 2.18612575 1.44753027
v -0.46397993 2.10659337 1.35525047
v -0.35716715 1.99380517 1.49780583
v -0.40668296 2.2389431 1.59541237
v -0.46749615 2.31937074 1.62795209
v -0.55989259 2.35657143 1.41094231
v -0.66295778 2.31534981 1.15630531
v -0.62952572 2.23915004 1.1369152
v -0.84704387 -7.87327098 1.34272933
v -0.81411719 -7.75237369 1.18829298
v -1.0122292 -7.76373481 1.16936302
v -1.05209767 -7.90875101 1.36202251
v -0.88675445 -7.96396875 1.43825626
v -1.13692688 -7.77397918 1.17540228
v -0.8341729 -8.28770828 0.89691346
v -0.64425331 -8.29308414 0.8315137
v -0.62845379 -8.29302501 1.04079353
v -0.88431966 -8.28412246 1.14020073
v -1.00553333 -8.26104641 0.97826939
v -0.69836443 -8.30224132 1.21786427
v -0.66195374 -2.48752474 1.01791095
v -0.68206828 -2.71016645 1.07110798
v -0.56837743 -2.73383522 1.02165913
v -0.48033583 -2.74266529 0.95631086
v -0.5068745 -2.50737404 0.92341512
v -0.58404624 -2.36108231 0.9271816
v -0.35443422 -3.47002339 0.99040091
v -0.44580087 -3.48062181 1.12012589
v -0.36563968 -3.74300026 1.15119135
v -0.2192265 -3.99285435 0.66813898
v -0.2218863 -3.93428945 0.63022851
v -0.2465344 -3.69589185 0.83939421
v -0.31173244 -3.44743704 0.9005298
v -0.42682331 3.05166339 1.11932945
v -0.37607547 3.17647743 1.11194229
v -0.57214337 3.24132704 0.84678345
v -0.77354818 3.06856846 0.71130704
v -0.67858737 2.97375869 0.87687629
v -0.55627179 2.86935901 1.09616589
v -0.42226931 1.72614681 1.10739755
v -0.39788869 1.76305902 1.08058488
v -0.71142983 1.87162196 0.92524004
v -0.75783526 1.63327527 1.11865639
v -0.43895682 1.65574145 1.16392648
v -0.99418187 1.73342609 0.91761332
v -0.93124502 1.55921328 1.08328831
v -0.96869796 1.95769071 0.74084365
v -1.04303979 1.91881203 0.73028683
v -1.12017691 1.85308218 0.67634636
v -0.26468125 3.35530901 0.98430919
v -0.57466816 3.31226849 0.75189191
v -0.22550237 3.23359155 1.17825186
v -0.22493632 -1.96242427 0.91064715
v -0.41400939 -1.9049493 0.80460012
v -0.46956563 -2.04591012 0.76682114
v -0.52391111 -2.11173033 0.76644152
v -0.42731121 -2.27585768 0.85867697
v -0.24437606 -2.46195507 0.92960822
v 0 -2.41649723 0.98034691
v 0 -2.19074559 0.94707828
v 0 -1.97824847 0.97751653
v -0.36500272 -2.48869109 0.89385831
v -1.14538586 -8.23782253 1.02936327
v -1.17412233 -8.2489252 0.79080903
v -1.0687958 -8.24131584 0.59016704
v -0.94313436 -8.28047275 0.72802561
v -0.86663049 0.61016744 0.85804933
v -0.86709731 0.60142201 0.7993921
v -0.8619858 0.42148983 0.80943816
v -0.83088439 0.34002026 0.9055286
v -0.82352709 0.42569455 1.00641369
v -0.88272547 0.62393397 0.93283575
v 0 3.33207655 0.99588203
v 0 3.384763 0.9713639
v -0.27806547 3.43114256 0.82359075
v -0.43739369 3.42165732 0.68898415
v -0.83009761 0.06830494 0.94988399
v -0.88138735 0.21940414 0.81622499
v -0.9439466 0.06517341 0.64254957
v -0.79438483 -0.25938031 1.00020217
v -0.7258917 -0.12542612 1.12599396
v -0.93041622 -0.4175708 0.61598753
v -0.8392415 -0.49869281 0.8327527
v -0.59905898 3.31523108 0.61958497
v -0.91166335 -2.07980418 0.59234029
v -0.83523494 -2.00957918 0.53134638
v -1.08220291 -2.27366209 0.54712963
v -0.99505454 -2.24505281 0.69391411
v -1.13892412 -2.28398633 0.37368986
v -1.03536593 1.51777756 0.65356063
v -1.09470856 1.69030952 0.47814652
v -1.02661848 1.58123838 0.30382615
v -0.98864001 1.20056366 0.64748698
v -1.01262259 1.33177423 0.80693388
v -0.93362444 1.21378827 0.41261428
v -0.95779651 1.1195302 0.58710515
v -0.92493069 1.3095709 0.19567379
v -0.89545834 1.21839916 0.22229045
v -0.95748448 1.46127271 0.11476677
v -0.77257275 -1.91717815 0.49963119
v -0.88447719 -1.89053106 0.35335907
v -4.36172676 0.71156179 0.4132671
v -4.47676801 0.67842072 0.39471378
v -4.44815731 0.48796215 0.39722856
v -4.26114225 0.5236085 0.43305891
v -4.22328805 0.72521179 0.43448653
v -4.31592607 0.38046801 0.41592109
v -4.35121011 0.90397888 0.41006112
v -4.40054893 1.03263604 0.3835749
v -4.51925802 0.89576751 0.36315354
v -4.57459402 0.66247063 0.36358678
v -0.36804792 -7.85871553 0.30449932
v -0.46566179 -7.73532772 0.19189064
v -0.27764806 -7.78505086 0.54390388
v -0.26575055 -7.91444397 0.51318281
v -0.44692835 -7.65773105 0.41647017
v -0.31813445 -7.70196533 0.58105772
v -1.09450042 -7.75123405 0.3484036
v -1.04566228 -7.52246904 0.23618154
v -0.99799418 -7.55083656 0.1643124
v -0.89589983 -7.57234954 0.09001811
v -0.8931511 -7.83895969 0.13943642
v -1.01337897 -8.09809684 0.29473182
v -1.17633104 -8.1608448 0.50616318
v -1.24181878 -8.01891994 0.48778066
v -1.26645493 -7.91212415 0.51055192
v -0.84513813 -8.06875991 0.16798028
v -0.38683995 -7.97940206 0.28412538
v -0.45294782 -7.89113283 0.15347014
v -0.53485333 -7.75865459 0.11155457
v -4.48512315 0.44201222 0.13453683
v -4.52551841 0.62529414 0.13273006
v -4.40951442 0.61216872 0.08532049
v -4.26550006 0.56083309 0.04713988
v -4.30331802 0.41417282 0.07100275
v -4.34735393 0.30594787 0.11065781
v -4.39630174 0.99615818 0.07735893
v -4.19956874 1.09577095 0.03720913
v -4.19736957 0.93070489 0.0001863
v -4.38259267 0.78203308 0.06495748
v -4.49879312 0.83229512 0.10870787
v -4.23157548 0.74449753 0.01949261
v -0.97956627 3.10997915 -0.14088666
v -1.07671845 3.11825108 -0.07277451
v -0.88258516 3.37702608 0.0086422
v -1.32406985 2.71327757 0.10386692
v -1.16783726 3.07136726 0.16247074
v -1.1701653 3.09661507 0.08896563
v -1.14617955 3.11797213 0.02023417
v -1.28528332 2.86604523 -0.12880449
v -1.294294 2.68241405 -0.26821541
v -1.34218215 2.52200651 -0.16331209
v -0.6931582 3.42391824 -0.244165
v -0.80825406 3.49481058 -0.26953479
v -0.87362229 3.52017092 -0.19552664
v -0.82484889 3.45315241 -0.10778311
v -0.63359123 3.53903198 -0.12457762
v -0.60722005 3.4825294 -0.28544843
v -1.22439384 2.90276026 -0.17555643
v -1.04286921 2.91640305 -0.29608443
v -1.21137177 2.78990602 -0.32350504
v -0.80371725 -0.06512457 -0.42133769
v -0.8826189 -0.10903799 -0.18911176
v -0.89693784 0.01578416 -0.11494495
v -0.90860033 0.09102153 -0.05405625
v -0.85157358 0.20611873 -0.20987351
v -0.79219532 0.44646215 -0.28687223
v -0.77142506 0.43970319 -0.3441829
v -0.74098807 0.20053975 -0.49875855
v -0.72731959 -0.01710591 -0.58460694
v -0.90570241 3.40280962 -0.23688162
v -1.00183844 3.52718758 -0.32429978
v -1.03247702 3.48709678 -0.43765971
v -0.94042557 3.38785028 -0.41648244
v -0.85512185 3.24479246 -0.33354958
v -1.09370124 2.95245742 -0.4536741
v -1.13028693 2.71452021 -0.50024169
v -0.99074465 3.03520655 -0.4056302
v -0.83680927 3.47316122 -0.427946
v -0.8486188 3.34484267 -0.51928627
v -0.93972909 3.41467523 -0.58163124
v -0.9891597 3.55880165 -0.48753765
v -0.90648037 3.56649255 -0.3719019
v -1.04428553 3.43980526 -0.58870351
v -1.07262086 3.2639966 -0.54267603
v -1.09766161 3.13133406 -0.51903587
v -0.98971867 3.2261312 -0.48503649
v -1.04844677 3.37571835 -0.51872026
v -1.06969964 3.0896604 -0.62278217
v -0.95537543 3.08538365 -0.605358
v -0.86695534 2.96369767 -0.57120299
v -0.81354939 2.9515922 -0.69168752
v -0.90794104 2.76170039 -0.75414919
v -0.78779012 3.25674843 -0.45681971
v -0.84751933 3.15009427 -0.52941155
v -0.9832564 3.26659321 -0.63595837
v -0.91993445 -3.35753893 -0.72261238
v -0.6354292 -3.34731793 -0.83093023
v -0.58889663 -3.58116388 -0.74648904
v -0.8385933 -3.74838972 -0.63084328
v -1.06843328 -3.66674709 -0.58604151
v -1.1245023 -3.36525559 -0.61874187
v -0.576882 -0.52105552 -0.73499578
v -0.51905161 -0.46763861 -0.78162056
v -0.3702858 -0.7232663 -0.81794977
v -0.20480343 -0.8924492 -0.85183197
v -0.22839939 -0.96079134 -0.85389167
v -0.4599975 -1.10229885 -0.79818707
v -0.63029325 -1.10819292 -0.65396535
v -0.65371203 -0.84165859 -0.63730263
v -0.25097531 -1.11054968 -0.86006742
v -0.28820568 -3.35407018 -0.96548926
v -0.15044233 -3.39142561 -1.21475553
v -0.09892949 -3.48245358 -1.19546306
v 0 -3.52948927 -1.17668712
v 0 -3.57532644 -0.93369436
v -0.19387161 -3.75802922 -0.64707446
v -0.4185673 -3.82360577 -0.60215657
v 0 -3.74932146 -0.66947233
v -0.63842231 2.89430928 -0.92123401
v -0.34327754 2.84643435 -1.10000097
v -0.37010046 2.57090163 -1.19483101
v -0.94948029 2.30952239 -0.90803265
v -1.0583589 2.53948307 -0.70440709
v -0.63019847 2.15275597 -1.17881393
v -0.83156663 1.99609029 -1.04168403
v -0.35053423 2.22851944 -1.27553808
v -0.21012362 -0.72721856 -1.36894428
v -0.33337065 -0.52241826 -1.34193253
v -0.21582779 -0.44527342 -1.4264872
v 0 -0.39250281 -1.48573398
v 0 -0.64471721 -1.4670732
v 0 -0.84163326 -1.39335596
v -0.18434071 -3.40081691 -4.41275024
v 0 -3.29812479 -4.4294033
v 0 -3.43422722 -4.67524576
v 0 -3.55214023 -4.7540965
v -0.16673098 -3.56235384 -4.63151502
v -0.24578142 -3.5424385 -4.40177917
v 0 -3.66076088 -4.75201273
v -0.15284594 -3.67062401 -4.64425516
v -0.10454706 -3.76810741 -4.58620977
v -0.15858885 -3.80217862 -4.39116621
v -0.23449336 -3.6849029 -4.39572382
v -0.16104449 -3.79387211 -4.11397838
v -0.24309884 -3.66820716 -4.11942243
v -0.25113001 -3.50648641 -4.13003921
v -0.17654815 -3.35885143 -4.14495468
v -0.18934312 -3.62269997 -3.85422778
v -0.19161264 -3.48839831 -3.86416912
v -0.12944528 -3.37079906 -3.87643671
v 0 -3.31058478 -3.88993358
v 0 -3.27003145 -4.16110038
v -0.13225926 -3.48136043 -3.60905766
v -0.08573422 -3.39333653 -3.61903166
v 0 -3.3485043 -3.62531042
v -0.08120646 -3.37983703 -3.36479592
v 0 -3.33289766 -3.36877203
v -0.09169795 -3.35599803 -3.10782432
v 0 -3.30233311 -3.11148238
v -0.09922873 -3.32794928 -2.84091758
v 0 -3.27343201 -2.84445452
v -0.10320592 -3.30388712 -2.57022261
v 0 -3.24691128 -2.5742402
v -0.10500279 -3.28351211 -2.29920744
v 0 -3.22315239 -2.30352115
v -0.1055728 -3.26356792 -2.02850365
v 0 -3.20264244 -2.03325843
v -0.10336571 -3.24343037 -1.75914096
v 0 -3.18506765 -1.76415991
v -0.09843886 -3.22640109 -1.49026465
v 0 -3.17157983 -1.49170434
v -0.10914883 -3.21147298 -1.22678983
v 0 -3.16268277 -1.21762824
v -0.14890772 -3.33897018 -1.75115704
v -0.14056508 -3.3158493 -1.48561251
v -0.15073581 -3.29069185 -1.22620368
v -0.14828924 -3.44732236 -1.74161303
v -0.14055752 -3.42000246 -1.47501123
v -0.10347166 -3.54022431 -1.73290062
v -0.09227351 -3.50941038 -1.46302545
v 0 -3.59763813 -1.72743547
v 0 -3.55679273 -1.45652663
v -0.10207183 -3.56590724 -2.00494456
v 0 -3.62287545 -2.00054407
v -0.09996963 -3.58775281 -2.27671718
v 0 -3.64229297 -2.27252316
v -0.09954679 -3.60312748 -2.54826116
v 0 -3.65886354 -2.54402732
v -0.09556517 -3.61915111 -2.81908965
v 0 -3.67169165 -2.81454992
v -0.09064505 -3.6321578 -3.08638763
v 0 -3.68211698 -3.0821309
v -0.07946159 -3.64727139 -3.34529089
v 0 -3.69005155 -3.34250474
v -0.08213046 -3.6688447 -3.59930133
v 0 -3.71179652 -3.59900331
v -0.12290094 -3.73168897 -3.85266661
v 0 -3.78926158 -3.85668396
v 0 -3.86677002 -4.11711311
v 0 -3.87673735 -4.38443899
v 0 -3.78475141 -4.63373661
v -0.13206294 -3.58477878 -3.60149669
v -0.12443692 -3.56260204 -3.3507986
v -0.12599681 -3.4635005 -3.35812759
v -0.13472698 -3.54485726 -3.09278845
v -0.13552857 -3.44249343 -3.10106158
v -0.14103066 -3.52534937 -2.82684469
v -0.14113429 -3.41961026 -2.83482003
v -0.14443676 -3.5052402 -2.55574894
v -0.14486339 -3.39721608 -2.56380009
v -0.14681659 -3.48794913 -2.28431415
v -0.14903201 -3.37997055 -2.29234385
v -0.1487016 -3.46904778 -2.01278877
v -0.15000513 -3.36115789 -2.02117681
v 0 -0.94195646 -1.3081094
v -0.24324691 -0.80119222 -1.29088938
v -0.39966651 -0.59183388 -1.25380396
v 0 -0.9821031 -1.17626261
v -0.24388164 -0.84396618 -1.1733489
v -0.41797879 -0.6398828 -1.14614594
v -0.55128824 -0.39059275 -1.10679876
v -0.51167637 -0.33721953 -1.20984149
v -0.21482656 -0.8464818 -1.01328885
v -0.3896355 -0.65620344 -1.01202845
v -0.54044461 -0.42081269 -0.99736458
v -0.66191327 -0.15943437 -0.95708799
v -0.65017455 -0.12025523 -1.0555588
v -0.35635003 -0.65342241 -0.9267953
v -0.50466048 -0.42569258 -0.90721446
v -0.63564342 -0.17818069 -0.86687254
v -0.73262375 0.08101609 -0.81518966
v -0.74497366 0.11525666 -0.90365558
v -0.48076772 -0.42779591 -0.8366791
v -0.60157501 -0.18387509 -0.79714745
v -0.68726044 0.05797753 -0.73914307
v -0.75270009 0.3046894 -0.66524243
v -0.79140609 0.34887257 -0.74671918
v -0.61482131 -0.2101072 -0.72464907
v -0.67312514 0.02540419 -0.66058307
v -0.70135676 0.2619642 -0.58995652
v -0.74869018 0.52001184 -0.50208061
v -0.80200278 0.56525427 -0.57611149
v -0.73195534 0.47693824 -0.42394316
v -0.7551133 0.73295384 -0.33867925
v -0.79889267 0.75642222 -0.40037301
v -0.73986983 0.7129417 -0.28927895
v -0.78207683 0.93048822 -0.19398821
v -0.80934459 0.9551928 -0.2354415
v -0.76370954 0.69517284 -0.24570314
v -0.78636604 0.90204924 -0.16107499
v -0.81498593 1.03091919 -0.05193561
v -0.82026094 1.07484757 -0.08448363
v -0.80748242 0.68449389 -0.21484221
v -0.83350676 0.88013565 -0.15098406
v -0.86061418 1.00790691 -0.04755027
v -0.87970602 1.08250749 0.07950715
v -0.83812165 1.11604094 0.07535127
v -0.89361 0.86753761 -0.154018
v -0.91977608 0.99672699 -0.05469313
v -0.94092106 1.07304537 0.07243109
v -0.96352446 1.10709452 0.22341227
v -0.90068721 1.11678063 0.23204396
v -1.00916338 0.98210632 -0.06154722
v -1.03081083 1.06227529 0.06460076
v -1.05123806 1.09745478 0.21548208
v -1.0667175 1.08085811 0.375909
v -0.98505199 1.08999645 0.38278454
v -1.1951065 1.03833222 0.05956063
v -1.20024895 1.07616698 0.21063856
v -1.19853031 1.06235325 0.37315031
v -1.19250834 0.99596023 0.52460843
v -1.07225799 1.01295125 0.52404773
v -1.4242165 1.0305643 0.22035969
v -1.42051172 1.01839339 0.38103857
v -1.41405308 0.95504188 0.53237432
v -1.40402245 0.84337043 0.65163844
v -1.17896699 0.88590377 0.64472925
v -1.66336751 0.96497523 0.38627293
v -1.66047048 0.90454024 0.53039896
v -1.65543961 0.79479843 0.64646971
v -1.64842748 0.64712035 0.71611851
v -1.39134824 0.69608783 0.72343117
v -1.91067278 0.88893425 0.53255403
v -1.90897285 0.77780866 0.64613395
v -1.90716338 0.62798935 0.71511042
v -1.90952432 0.44825434 0.72635692
v -1.63823533 0.46884942 0.73267328
v -2.16863966 0.78941816 0.65081143
v -2.17258191 0.63726103 0.7169249
v -2.17901802 0.46302035 0.72566169
v -2.19332313 0.28601902 0.66745913
v -1.91612553 0.2641676 0.67238038
v -2.4428761 0.65628725 0.71583306
v -2.45266151 0.48656094 0.72444528
v -2.46410894 0.3192074 0.66832459
v -2.47880196 0.17782554 0.55279386
v -2.2087059 0.1396678 0.55341535
v -2.72733235 0.50815278 0.70523101
v -2.73518204 0.35037711 0.65271461
v -2.7421844 0.21874377 0.54637187
v -2.74998498 0.13292609 0.41085857
v -2.48799467 0.0839481 0.41146555
v -3.00616812 0.38472801 0.60168147
v -3.00461554 0.27132669 0.51417899
v -3.00374174 0.19756746 0.40161347
v -3.00803995 0.16223062 0.27579933
v -2.75791668 0.09251874 0.26893302
v -3.25824976 0.32397046 0.45864629
v -3.24768614 0.26503795 0.3734591
v -3.24738216 0.23273922 0.28240233
v -3.254395 0.23169229 0.19135846
v -3.01622915 0.17099592 0.14760504
v -3.50010347 0.15500792 0.4078758
v -3.50119304 0.14291064 0.30673837
v -3.51018667 0.16943399 0.21049934
v -3.52577495 0.23930801 0.13263765
v -3.2614789 0.28324464 0.11023723
v -3.80919289 0.04518371 0.289034
v -3.80024528 0.06917742 0.17542174
v -3.79997468 0.15142427 0.07546313
v -3.81074309 0.29305648 0.02640968
v -3.54175305 0.34270796 0.078021
v -4.12802124 0.11169748 0.15608651
v -4.11056852 0.19233034 0.07007408
v -4.08532333 0.32081267 0.02306849
v -4.06181573 0.49071618 0.01174459
v -3.81928324 0.4552913 0.02174295
v -3.79807472 0.65526032 0.01435342
v -3.54520344 0.61876452 0.02090508
v -3.55219554 0.46993064 0.0414258
v -4.02300548 0.70944529 0.00280425
v -3.9688332 0.93031424 -0.0011086
v -3.7382195 0.854819 0.02497308
v -3.69146299 0.99407815 0.08950566
v -3.47193718 0.89658427 0.10139693
v -3.51240515 0.78211921 0.03321078
v -3.93000721 1.08732676 0.05198323
v -3.9218595 1.17987346 0.16282202
v -3.66531109 1.09110045 0.19563294
v -4.20809602 1.19621622 0.13272358
v -4.21691989 1.231794 0.2472375
v -3.93441414 1.21226382 0.28746706
v -4.44253301 1.08364844 0.13882871
v -4.46511411 1.1257826 0.22533059
v -4.45073127 1.10696828 0.32119187
v -4.22425985 1.20530211 0.36200013
v -4.57691192 0.87635642 0.15889388
v -4.61756467 0.90590465 0.22828897
v -4.59127855 0.91099602 0.3117491
v -4.65402221 0.62918382 0.24490572
v -4.63819456 0.64405751 0.31714907
v -4.59461545 0.37588775 0.24652278
v -4.57873964 0.39556676 0.33060842
v -4.51796913 0.43818491 0.37127369
v -4.40395307 0.21636413 0.33004632
v -4.3627057 0.28366836 0.38136586
v -4.13107872 0.11165688 0.34550544
v -4.12136507 0.18702606 0.40846967
v -4.10727262 0.31315687 0.44913899
v -3.83430028 0.1562964 0.47193279
v -3.84871602 0.30196449 0.50375253
v -3.8567698 0.48891103 0.50598555
v -4.07935571 0.49889531 0.46375355
v -3.82621312 0.70451647 0.49611389
v -4.04154682 0.72716325 0.46039438
v -3.76763868 0.88558483 0.4859181
v -4.0046401 0.93472707 0.4629876
v -4.20905733 0.93541193 0.43559697
v -3.9781785 1.08915293 0.46196973
v -4.22100448 1.09630167 0.42556068
v -3.9525814 1.18712985 0.40211656
v -3.71360063 1.02402901 0.49361068
v -3.67623877 1.11830866 0.43775716
v -3.65778899 1.13927948 0.32122844
v -3.43235039 0.99228578 0.41889238
v -3.43283176 0.99962043 0.30855089
v -3.44748735 0.96574586 0.20293141
v -3.20084166 0.92637521 0.2739726
v -3.20872378 0.90655189 0.16943088
v -3.22802591 0.84156173 0.06956044
v -2.96110987 0.94953554 0.1168696
v -2.96868228 0.86386042 0.00066964
v -2.97739577 0.73833793 -0.07785005
v -3.25267076 0.74096572 0.0010288
v -2.9885149 0.5897212 -0.10866727
v -3.27123522 0.60672628 -0.02376991
v -3.00602293 0.44000443 -0.09853899
v -3.27646112 0.47797983 -0.00597997
v -3.020401 0.31321328 -0.05006708
v -3.27112293 0.36528396 0.04180608
v -3.02260351 0.22320018 0.03645893
v -2.74604988 0.24993516 -0.09063301
v -2.75750756 0.15154054 0.0020813
v -2.76161503 0.09754893 0.12689076
v -2.47503256 0.09860725 -0.00070411
v -2.4849987 0.0428007 0.13101202
v -2.48932433 0.03906202 0.26992684
v -2.19234681 0.00269905 0.15527345
v -2.20494985 -0.00746502 0.28927224
v -2.21216082 0.04067526 0.42232739
v -1.89628505 -0.03155311 0.33240333
v -1.90998399 0.01154834 0.45588532
v -1.91520929 0.11397398 0.57346099
v -1.59214282 0.03817716 0.4910787
v -1.60853409 0.13857117 0.60197335
v -1.62477266 0.28838819 0.68963468
v -1.32831132 0.21410985 0.62244516
v -1.35205853 0.36499777 0.70595383
v -1.37506556 0.53055846 0.74165117
v -1.13185405 0.42844265 0.71056509
v -1.14421284 0.58170038 0.74305093
v -1.16137838 0.74153292 0.72144585
v -1.03341984 0.59557253 0.73944467
v -1.05349969 0.75809836 0.71820753
v -1.06749951 0.90341383 0.6412388
v -0.98351466 0.76844149 0.71635043
v -1.00448918 0.9124341 0.6409384
v -1.00406742 1.02086472 0.52736717
v -0.94992846 0.92256176 0.64526742
v -0.9491595 1.03398537 0.53835225
v -0.92587703 1.10082244 0.39501708
v -0.93478357 1.07826995 0.56622296
v -0.90445494 1.15001487 0.40855902
v -0.86821311 1.15958809 0.23386889
v -0.85250026 1.17050111 0.05295118
v -0.87441748 1.22883784 0.02040647
v -0.84144663 1.11208462 -0.11839634
v -0.89829903 1.33261609 -0.05244565
v -0.85674184 1.18069481 -0.18431215
v -0.83156287 0.99449724 -0.29207924
v -0.86515092 1.28864049 -0.31183019
v -0.82905829 1.06275165 -0.38339671
v -0.81936007 0.80958926 -0.46764409
v -0.82531213 1.13178455 -0.52931672
v -0.81435072 0.87222057 -0.55666756
v -0.81764239 0.61890941 -0.65197742
v -0.78395426 0.93031019 -0.7297334
v -0.7890461 0.67600619 -0.76184141
v -0.78159236 0.39737439 -0.83392018
v -0.71884 0.72579181 -0.91661632
v -0.72787338 0.44663903 -0.94320184
v -0.71110874 0.16042834 -0.99605196
v -0.61564779 0.49540433 -1.08285558
v -0.61803036 0.21747864 -1.10600137
v -0.58565908 -0.06433562 -1.15473246
v -0.47009411 0.26811277 -1.23952019
v -0.46407055 0.00153136 -1.26297056
v -0.41774973 -0.26896604 -1.30624795
v -0.27798488 0.05359987 -1.390226
v -0.26254567 -0.19673258 -1.40848195
v 0 0.06933384 -1.47384238
v 0 -0.15492835 -1.48282742
v -0.26199191 0.29321432 -1.38515663
v 0 0.29774317 -1.46346437
v -0.23582762 0.54595023 -1.38961303
v 0 0.55386626 -1.45893323
v -0.2174424 0.83300578 -1.39878332
v 0 0.85834103 -1.45298814
v -0.22055883 1.16787231 -1.39743793
v 0 1.20608043 -1.4385029
v -0.25232851 1.52255618 -1.37461197
v 0 1.57230162 -1.40514385
v -0.30457496 1.87850546 -1.32956802
v 0 1.92834758 -1.35874772
v 0 2.26020813 -1.31781649
v 0 2.58438873 -1.25312626
v 0 2.82950115 -1.17392683
v -0.30051124 3.10182714 -0.98218286
v 0 3.10438799 -1.0419209
v -0.26634329 3.33630108 -0.82571363
v 0 3.34032654 -0.87640512
v -0.24464955 3.53605556 -0.62667506
v 0 3.55591297 -0.65849113
v -0.2372228 3.68745708 -0.38906809
v 0 3.72017359 -0.39267325
v -0.2441429 3.7820096 -0.12178162
v 0 3.81752657 -0.09900961
v -0.24783043 3.82437753 0.15386726
v 0 3.84317898 0.19001443
v -0.2408234 3.819628 0.41635713
v 0 3.81959199 0.46611744
v -0.24739685 3.78084206 0.58960974
v 0 3.77833128 0.63797104
v -0.25991931 3.70382118 0.70120745
v 0 3.67626953 0.79961282
v -0.28100392 3.58770799 0.78445208
v 0 3.55379033 0.91059976
v -0.27871519 3.47948384 0.82137692
v 0 3.48374867 0.9482156
v -0.5173164 3.68138957 0.56612992
v -0.50499486 3.59087467 0.62089705
v -0.47420221 3.48690772 0.65506434
v -0.70117777 3.50945711 0.48114526
v -0.6579492 3.42191958 0.52405166
v -0.62002223 3.36141562 0.55122792
v -0.87455534 3.24810552 0.38448086
v -0.83997511 3.21015286 0.41182413
v -0.81862628 3.16755056 0.4726006
v -0.81162762 3.13882684 0.55527615
v -1.0274893 2.95496368 0.31334891
v -0.99357712 2.92782783 0.38265386
v -0.97078657 2.90496563 0.4790183
v -0.90910089 2.85506248 0.65248376
v -1.07819461 2.66952848 0.38728025
v -1.04980886 2.66413474 0.47875222
v -0.97482192 2.64543056 0.65240377
v -0.84210711 2.5991559 0.89474642
v -0.79155832 2.77518725 0.87112551
v -1.0579921 2.4420681 0.53420221
v -0.99101525 2.46832323 0.68794161
v -0.86403071 2.46341133 0.91233557
v -0.71096819 2.42463278 1.1506387
v -0.70445114 2.53749394 1.13415014
v -0.94508123 2.32202267 0.7460168
v -0.84753716 2.35878658 0.91597396
v -0.79999059 2.18781995 0.84737664
v -0.7568404 2.23234438 0.95134264
v -0.55942106 2.05549168 0.98692405
v -0.54070097 2.07616519 1.04995787
v -0.50902122 2.07872796 1.15013706
v -0.43535628 2.02003288 1.30244815
v -0.319781 1.91647195 1.12860977
v -0.31564179 1.91660451 1.18463707
v -0.29628348 1.90780031 1.25986361
v -0.22327753 1.86588621 1.39299535
v -0.32305648 1.92666339 1.4482516
v 0 1.83224463 1.20886397
v 0 1.83733141 1.26784575
v 0 1.83224201 1.37147772
v 0 1.82734715 1.16348159
v -0.31906637 1.91149306 1.08507657
v 0 1.82363641 1.12530303
v -0.31984397 1.89681065 1.04278552
v 0 1.8191359 1.09704864
v -0.32844317 1.87402319 1.02286398
v 0 1.80478549 1.07292377
v -0.3504526 1.83247149 1.03315579
v 0 1.78465175 1.08049738
v -0.37443062 1.796723 1.05697524
v 0 1.75335454 1.10499072
v 0 1.71713995 1.13240134
v 0 1.66713249 1.17032849
v 0 1.63233876 1.20268213
v -0.42021361 1.52114558 1.28374803
v 0 1.55901563 1.27939117
v -0.3805767 1.3409909 1.45039141
v 0 1.41388773 1.43573749
v -0.33287876 1.12250161 1.61610829
v 0 1.18224442 1.62735164
v -0.30578708 0.86149078 1.73939549
v 0 0.91681808 1.7575792
v -0.28974303 0.58394092 1.82180953
v 0 0.63861107 1.83996582
v -0.27158418 0.29525578 1.88727903
v 0 0.3588888 1.90969979
v -0.24950538 -0.00780976 1.92861402
v 0 0.04967172 1.96492672
v -0.23114734 -0.32249233 1.91376459
v 0 -0.28234565 1.96407568
v -0.22057306 -0.58601045 1.83522403
v 0 -0.55217897 1.90800905
v -0.20825786 -0.77979779 1.70059394
v 0 -0.80329489 1.75284683
v -0.19638276 -0.88320887 1.52945113
v 0 -0.94063681 1.58063018
v -0.17654092 -0.90863144 1.40426981
v 0 -0.99489831 1.43477118
v -0.17948713 -0.93044316 1.34754717
v 0 -1.01807141 1.36879277
v -0.19541177 -0.9640426 1.31949651
v 0 -1.04059779 1.33503747
v -0.21534934 -1.0128467 1.29390251
v 0 -1.08470785 1.31735754
v -0.23570884 -1.10918057 1.24963784
v 0 -1.15793931 1.29296517
v -0.23351097 -1.28454756 1.18155002
v 0 -1.29454362 1.24680042
v -0.20610585 -1.50792813 1.10114431
v 0 -1.52095341 1.16712725
v -0.20099936 -1.73894751 0.99971371
v 0 -1.77010345 1.07030439
v -0.38079494 -1.46671092 0.97020965
v -0.37573307 -1.68690192 0.87659174
v -0.52662831 -1.3953545 0.80095243
v -0.52745449 -1.61879921 0.71637439
v -0.58002477 -1.8321712 0.66682016
v -0.67215836 -1.54863631 0.55705124
v -0.72264021 -1.76528239 0.5170989
v -0.62124437 -1.95541226 0.64288592
v -0.66667509 -2.02700305 0.65208077
v -0.74388313 -2.08320522 0.7128874
v -0.59191358 -2.16327953 0.8055033
v -0.85876643 -2.23040366 0.8301773
v -0.70780348 -2.2676382 0.91513854
v -0.49158901 -2.31081032 0.85631418
v -0.43611961 -2.49723982 0.88794946
v -0.40865847 -2.73105835 0.90759223
v -0.32520613 -2.71646261 0.90708082
v -0.39175155 -2.96550583 0.91657716
v -0.29297193 -2.94828057 0.90232682
v -0.1870591 -2.92721414 0.9405024
v -0.20902028 -2.69173717 0.94851946
v 0 -2.89987468 0.97914087
v 0 -2.66246938 0.99207782
v -0.16321341 -3.16408348 0.92028182
v 0 -3.14352631 0.95388722
v -0.13228072 -3.4105544 0.88889616
v 0 -3.39798331 0.91232115
v -0.10329052 -3.67938089 0.81032443
v 0 -3.67875266 0.82412236
v -0.09313456 -3.91945385 0.59614509
v 0 -3.92863202 0.59047108
v -0.11914655 -4.04652595 0.25392466
v 0 -4.05802774 0.23534381
v -0.16612567 -4.0642023 -0.09435023
v 0 -4.07006692 -0.1147421
v -0.17117631 -3.96214914 -0.38919144
v 0 -3.94329261 -0.40411499
v -0.27879241 -4.06207847 -0.06758351
v -0.32430109 -3.99873375 -0.370025
v -0.35958951 -4.08405971 -0.02578364
v -0.45117726 -4.04656171 -0.32063263
v -0.60534757 -3.91965913 -0.53128171
v -0.53977471 -4.14356613 -0.2514334
v -0.7299537 -4.09619283 -0.42488661
v -0.92933416 -4.03801155 -0.47543558
v -0.77406561 -4.27679586 -0.27916663
v -0.93141865 -4.27727365 -0.28821817
v -1.05747187 -4.25551462 -0.23668505
v -1.08884418 -4.0056591 -0.41994082
v -1.15092587 -4.20516777 -0.11635715
v -1.19114852 -3.97201919 -0.27366501
v -1.22341668 -3.66613102 -0.40813097
v -1.23455262 -3.36672043 -0.47816908
v -1.24344217 -3.90778493 -0.07043883
v -1.27813828 -3.64152002 -0.19394627
v -1.29008472 -3.35922408 -0.26909419
v -1.28642439 -3.09364128 -0.29783704
v -1.23597848 -3.09252858 -0.49726167
v -1.30305492 -3.59211111 0.10365766
v -1.3154056 -3.33272075 0.03360042
v -1.30747449 -3.08310008 0.00025364
v -1.28646779 -2.83721089 0.00470017
v -1.27315044 -2.82773733 -0.2806096
v -1.29199004 -3.2953782 0.37362903
v -1.28048646 -3.05379629 0.34357047
v -1.25332319 -2.81521844 0.33898431
v -1.2129451 -2.56378865 0.3478311
v -1.25168836 -2.57665276 0.05605307
v -1.18930685 -3.0274527 0.66141605
v -1.16726899 -2.78461456 0.6424908
v -1.13614451 -2.53066849 0.60298395
v -1.04898309 -2.75481271 0.86112147
v -1.03639781 -2.49713659 0.79596066
v -0.92223459 -2.72572708 1.00149238
v -0.91644251 -2.47099041 0.93674922
v -0.80039095 -2.71163106 1.070261
v -0.78567254 -2.46481847 1.0117799
v -0.90967273 -2.98542213 1.04039335
v -0.78978413 -2.97122287 1.11266446
v -0.67756581 -2.96386718 1.11632132
v -0.75715649 -3.22689342 1.16017079
v -0.63770806 -3.22014522 1.15958917
v -0.5190218 -3.2267816 1.09016966
v -0.55935704 -2.97906756 1.05932474
v -0.42514145 -3.2234559 0.99149376
v -0.46458548 -2.98176837 0.98076182
v -0.36203491 -3.20393681 0.91825866
v -0.23167479 -3.42297864 0.86086362
v -0.26552671 -3.18206429 0.88687533
v -0.18959015 -3.67763757 0.79375821
v -0.17635498 -3.911098 0.60296112
v -0.27765029 -4.05162668 0.31537583
v -0.21694031 -4.03395557 0.28223097
v -0.29066243 -4.10790777 0.34275776
v -0.4028514 -4.14327573 0.01772597
v -0.28187042 -4.19056749 0.36503195
v -0.42275565 -4.2289381 0.06632318
v -0.59025526 -4.26422786 -0.16144603
v -0.41876724 -4.34948396 0.11079561
v -0.60457736 -4.39990997 -0.06301443
v -0.76849806 -4.43133497 -0.13772533
v -0.56774574 -4.58169221 -0.01065794
v -0.74541133 -4.61111688 -0.07700736
v -0.89723843 -4.62775707 -0.08636923
v -0.91285413 -4.44175529 -0.14443223
v -1.0258038 -4.6315999 -0.05151692
v -1.02993261 -4.434978 -0.09991241
v -1.12809538 -4.62067699 0.03881444
v -1.12725508 -4.41139221 -0.00377474
v -1.19299686 -4.59849691 0.18925409
v -1.1906284 -4.37172412 0.1558626
v -1.20369088 -4.1441226 0.06433419
v -1.22214269 -4.33730411 0.38715961
v -1.23187089 -4.08974027 0.31592431
v -1.26803588 -3.84212636 0.20691224
v -1.21911799 -4.0570054 0.62113016
v -1.24695372 -3.79477763 0.53011369
v -1.27880966 -3.54235196 0.43702635
v -1.15693962 -3.7632153 0.82634407
v -1.18033528 -3.50555229 0.74542206
v -1.19493746 -3.26501965 0.68976998
v -1.02451372 -3.49410224 0.98554432
v -1.03982317 -3.24998021 0.93046003
v -1.04896056 -3.00716137 0.89610105
v -0.88900977 -3.23635673 1.0832045
v -0.8601064 -3.49044823 1.14047205
v -0.70666277 -3.4870131 1.20568049
v -0.833094 -3.75803399 1.20442473
v -0.66033482 -3.75882291 1.25921142
v -0.49736258 -3.75179934 1.23904728
v -0.56785857 -3.48063111 1.19365251
v -0.64165395 -4.08270168 1.30365943
v -0.46855399 -4.08634328 1.27333819
v -0.32710287 -4.07954931 1.1695981
v -0.47240865 -4.44472456 1.24797737
v -0.32436263 -4.42487669 1.13403463
v -0.22097113 -4.3793993 0.95986288
v -0.23326255 -4.07040262 0.9910655
v -0.19887384 -4.3221178 0.7023133
v -0.20500651 -4.11850071 0.70283353
v -0.26659026 -4.32053852 0.37655356
v -0.2000173 -4.59532737 0.61956507
v -0.25380879 -4.53595018 0.34480652
v -0.38434127 -4.54589939 0.12961867
v -0.26005709 -4.80634784 0.26438921
v -0.3644793 -4.78237342 0.09868292
v -0.52854365 -4.78887748 -0.02334993
v -0.38142719 -5.03603792 0.02531492
v -0.51420444 -5.01810026 -0.06780443
v -0.66938674 -5.02427911 -0.11407151
v -0.70718002 -4.81181049 -0.08320522
v -0.82872074 -5.04593324 -0.11531269
v -0.87124037 -4.83108091 -0.09005706
v -0.97393006 -5.06972885 -0.07517534
v -1.01302838 -4.84267568 -0.05254324
v -1.08406353 -5.08410215 0.00735538
v -1.11803805 -4.84475088 0.03449947
v -1.15612471 -5.09044694 0.13557209
v -1.18142461 -4.83963871 0.17405597
v -1.18237161 -5.10512924 0.29546767
v -1.20262491 -4.84005785 0.36159983
v -1.21816265 -4.58025932 0.39876955
v -1.18107688 -4.87396764 0.56385552
v -1.19388079 -4.60293006 0.65355247
v -1.20435977 -4.33122253 0.67571508
v -1.11248326 -4.67004013 0.89066904
v -1.12139451 -4.3562231 0.9451344
v -1.13610041 -4.04510259 0.91007024
v -0.99172049 -4.39247751 1.14033138
v -0.99670243 -4.05245208 1.12577438
v -1.00891816 -3.75432944 1.05800962
v -0.82372814 -4.06965589 1.25808036
v -0.82937115 -4.42429113 1.25776362
v -0.64741337 -4.4433031 1.29098415
v -0.83532691 -4.78373479 1.15807247
v -0.65810078 -4.80428218 1.18156111
v -0.48217356 -4.79483938 1.13399279
v -0.66663134 -5.10799217 0.98509335
v -0.49245187 -5.09255981 0.94259446
v -0.34013226 -5.04236698 0.83855384
v -0.32818841 -4.75361585 1.01920163
v -0.24230685 -4.96321249 0.68064278
v -0.22220219 -4.6841712 0.8466252
v -0.21566477 -4.87222194 0.4781275
v -0.28528294 -5.22113657 0.49628457
v -0.25879195 -5.14045906 0.32769483
v -0.29355305 -5.07683181 0.15956471
v -0.32158377 -5.40042161 0.18238464
v -0.35294994 -5.34287881 0.04349222
v -0.42662027 -5.2984395 -0.06481578
v -0.4200043 -5.61131095 -0.07171658
v -0.48155614 -5.57282352 -0.17072944
v -0.55952817 -5.54749965 -0.23423145
v -0.52826917 -5.27276372 -0.13556629
v -0.65803098 -5.53543138 -0.25924989
v -0.65151053 -5.2663002 -0.16855013
v -0.7695412 -5.53742408 -0.24566625
v -0.78639197 -5.27551651 -0.16312055
v -0.89219307 -5.55322837 -0.19236166
v -0.92545062 -5.30010795 -0.11847376
v -1.00810301 -5.57986879 -0.10710644
v -1.04655516 -5.32674789 -0.03563785
v -1.09545815 -5.61057567 -0.0002001
v -1.12883102 -5.34688425 0.08479663
v -1.13545215 -5.63888073 0.10654473
v -1.16148102 -5.37393903 0.21238763
v -1.13307154 -5.66954088 0.2080415
v -1.15144288 -5.41152524 0.33272662
v -1.16604888 -5.14142274 0.45090252
v -1.09993898 -5.45461177 0.43988102
v -1.10428965 -5.20402383 0.59283393
v -1.10786998 -4.95226669 0.75654727
v -0.99400454 -5.27555894 0.69885087
v -0.98831182 -5.03227186 0.89217925
v -0.98947483 -4.73560285 1.05921411
v -0.83842998 -5.08708667 0.96865356
v -0.8484382 -5.32916069 0.76072955
v -0.68229031 -5.35208559 0.77365076
v -0.86608356 -5.54331636 0.58326411
v -0.71009874 -5.56503772 0.59453231
v -0.55770093 -5.55764484 0.55333101
v -0.51672619 -5.3402152 0.73227345
v -0.42720022 -5.52325582 0.4613412
v -0.37410426 -5.29571867 0.63790369
v -0.34540733 -5.46452999 0.32892894
v -0.4863964 -5.73619031 0.3167589
v -0.41342434 -5.69977903 0.19075366
v -0.39247286 -5.65626335 0.05434288
v -0.462204 -5.93674659 0.11833389
v -0.43683338 -5.92047166 -0.01959703
v -0.45728862 -5.90175676 -0.15001164
v -0.44169133 -6.18937778 -0.00829162
v -0.47215721 -6.19931888 -0.13227076
v -0.53487801 -6.20805358 -0.23410472
v -0.51018786 -5.88254976 -0.26148235
v -0.61441838 -6.20903062 -0.30515131
v -0.58210289 -5.86700916 -0.33767652
v -0.70744007 -6.20482349 -0.33930784
v -0.67572343 -5.85571193 -0.36981684
v -0.81004202 -6.19583845 -0.33234477
v -0.78141945 -5.851058 -0.3534426
v -0.91611492 -6.18479776 -0.28214162
v -0.89557069 -5.85302209 -0.28681573
v -1.01161623 -6.1747179 -0.2048204
v -0.9970209 -5.86260318 -0.19599089
v -1.08868014 -6.17095089 -0.11207734
v -1.07838356 -5.88107061 -0.09229878
v -1.12650966 -6.17169952 -0.00972532
v -1.10891354 -5.90155315 0.01350774
v -1.11331331 -6.17386341 0.0907637
v -1.09451615 -5.91633701 0.10427311
v -1.05849134 -6.17734336 0.1823652
v -1.04517376 -5.92931032 0.18886926
v -1.08640718 -5.70292854 0.29963719
v -0.96357834 -5.94236946 0.26321071
v -0.99580574 -5.73073196 0.37569379
v -1.00262069 -5.50118637 0.52736693
v -0.8729642 -5.75226736 0.42902094
v -0.85925084 -5.95398998 0.31882134
v -0.74360162 -5.9590125 0.33751547
v -0.7348954 -5.76365566 0.4423058
v -0.6281405 -5.95831775 0.30801338
v -0.59972018 -5.75841713 0.4040451
v -0.52983397 -5.94945716 0.23103478
v -0.62393391 -6.17920827 0.31410166
v -0.52531343 -6.18021965 0.23818951
v -0.45982813 -6.18300056 0.12521965
v -0.52142876 -6.42294883 0.28281816
v -0.45642831 -6.43845987 0.17897968
v -0.43606835 -6.45892715 0.05560953
v -0.45837602 -6.69492626 0.24611972
v -0.43701979 -6.72107935 0.12587471
v -0.46032878 -6.74820232 0.00468902
v -0.46355378 -6.4808669 -0.06617798
v -0.52105015 -6.77224826 -0.10308013
v -0.52726018 -6.49898862 -0.1706714
v -0.61173045 -6.78910541 -0.18054209
v -0.61724197 -6.51029682 -0.2457343
v -0.71972042 -6.7964673 -0.21896401
v -0.72060698 -6.51334857 -0.28192454
v -0.83509409 -6.79416894 -0.21616423
v -0.8330332 -6.50669288 -0.27748116
v -0.94444507 -6.78429317 -0.17580826
v -0.94058048 -6.49600219 -0.23477585
v -1.038221 -6.76985788 -0.10679677
v -1.0347445 -6.48218488 -0.16304867
v -1.10336673 -6.7531557 -0.01898695
v -1.10565662 -6.4693098 -0.07490274
v -1.13051033 -6.7355957 0.0762874
v -1.13734877 -6.45803642 0.0223527
v -1.11657416 -6.71647787 0.17496031
v -1.1224153 -6.44737625 0.12297672
v -1.06053543 -6.69720459 0.26944443
v -1.06614422 -6.4376893 0.21732859
v -0.96692651 -6.67918491 0.35374161
v -0.97378301 -6.4281516 0.30208042
v -0.97178661 -6.18037176 0.26295217
v -0.85945904 -6.41931486 0.36073213
v -0.86265361 -6.18185138 0.32217016
v -0.73326778 -6.41387319 0.38020438
v -0.74108445 -6.18048572 0.34291735
v -0.61662745 -6.41414833 0.35317522
v -0.72640425 -6.65893507 0.43207421
v -0.61264574 -6.66142892 0.408589
v -0.5209878 -6.67408609 0.34454023
v -0.61593979 -6.91780281 0.471134
v -0.52625507 -6.93054246 0.41001927
v -0.46594113 -6.95208644 0.31392392
v -0.54041892 -7.18841791 0.46615299
v -0.48463267 -7.20745563 0.3713569
v -0.46964633 -7.23183393 0.26352745
v -0.4467343 -6.97923183 0.19811813
v -0.48859286 -7.25878381 0.15701642
v -0.46815836 -7.0082879 0.08024295
v -0.54088109 -7.28520917 0.06312859
v -0.52576547 -7.03533506 -0.02356712
v -0.61895209 -7.30647182 -0.00403998
v -0.61221647 -7.05571937 -0.09941776
v -0.71382153 -7.31963348 -0.03889497
v -0.71551686 -7.0660696 -0.13720296
v -0.81993275 -7.32235717 -0.03747521
v -0.82922357 -7.06574535 -0.13554091
v -0.92180514 -7.3149414 -0.00209959
v -0.93655717 -7.0569787 -0.09720569
v -1.00843739 -7.29852962 0.06208467
v -1.026443 -7.04176044 -0.03001998
v -1.06563282 -7.27614307 0.14199113
v -1.08809399 -7.02232456 0.05491885
v -1.09206044 -7.25182151 0.22616657
v -1.11426329 -7.00043535 0.14625655
v -1.08291006 -7.22858572 0.30572813
v -1.10242056 -6.97745227 0.23878628
v -1.04301631 -7.20753431 0.38284635
v -1.0519669 -6.95532703 0.32817274
v -0.96470361 -7.19297361 0.46029004
v -0.96191585 -6.93575191 0.41027513
v -0.85649228 -7.18634223 0.51987648
v -0.8487882 -6.92391634 0.46873077
v -0.85107678 -6.66567325 0.41152298
v -0.72667205 -6.91521596 0.49053311
v -0.74058073 -7.17606353 0.54275631
v -0.6310426 -7.17729902 0.52617472
v -0.75047171 -7.42684555 0.58220452
v -0.63991594 -7.42105293 0.56412082
v -0.55164396 -7.42345094 0.5003311
v -0.61850267 -7.58909559 0.62557464
v -0.52252775 -7.57980346 0.5536651
v -0.4704639 -7.59717607 0.49431547
v -0.50367832 -7.44167566 0.41780284
v -0.49451363 -7.46669721 0.32389092
v -0.50557959 -7.48946762 0.2370796
v -0.54915446 -7.5230627 0.14499197
v -0.61078673 -7.54532432 0.08591857
v -0.63075244 -7.79302072 0.06928065
v -0.69554549 -7.5626111 0.05325855
v -0.75115066 -7.82377767 0.07537685
v -0.79097896 -7.5729742 0.05318035
v -0.54554605 -7.97002553 0.11437472
v -0.67995333 -8.02789878 0.11209142
v -0.4567562 -8.09270668 0.26784485
v -0.56569564 -8.18363094 0.27207478
v -0.71840965 -8.24469089 0.32149145
v -0.45736131 -8.23845195 0.50369066
v -0.57439041 -8.28336143 0.54494959
v -0.74924475 -8.29888439 0.61575365
v -0.89838028 -8.25325489 0.42157429
v -0.46858006 -8.28081417 0.79305803
v -0.34905135 -8.25900459 0.76345002
v -0.31545552 -8.27751255 1.02457284
v -0.44901192 -8.28420066 1.0324614
v -0.37619608 -8.27623939 1.25809121
v -0.51245051 -8.29776573 1.23900222
v -0.44417631 -8.26727485 1.41849041
v -0.58972609 -8.29117298 1.384678
v -0.78642618 -8.28768158 1.33634972
v -0.98357474 -8.25090789 1.2258532
v -0.64205426 -8.27127933 1.47415876
v -0.85385221 -8.25489044 1.4132812
v -1.0579679 -8.21421241 1.28878343
v -1.2378143 -8.22398853 1.07475543
v -0.90203279 -8.21455764 1.4811654
v -1.13016271 -8.16585636 1.34337389
v -1.29207146 -8.17730808 1.090752
v -1.33417439 -8.12640094 0.77295219
v -1.27374088 -8.20606708 0.7683143
v -1.16418564 -8.12152576 1.37002039
v -1.32587814 -8.09102249 1.10057818
v -1.35525548 -8.02088165 0.79198437
v -1.32017552 -7.98561048 1.12182438
v -1.34035122 -7.89918708 0.82907533
v -1.25688457 -7.79517412 0.56966948
v -1.11030292 -7.67931175 0.41624137
v -1.29605352 -7.78768491 0.8697316
v -1.21566712 -7.70754146 0.63484001
v -1.10296094 -7.6205883 0.47533971
v -1.06791555 -7.46381759 0.37604808
v -1.07207334 -7.49022865 0.30939891
v -1.16148483 -7.64452886 0.67885291
v -1.06538641 -7.59060287 0.51985365
v -1.0310918 -7.44293355 0.43150433
v -1.00541579 -7.57376384 0.5599733
v -0.9695509 -7.42110872 0.49397018
v -0.90959447 -7.5725398 0.59865814
v -0.87180697 -7.41981124 0.55344408
v -0.76126521 -7.59681558 0.64430916
v -0.95967221 -7.61508989 0.72925663
v -0.77185004 -7.63452482 0.75078856
v -0.58440136 -7.62372636 0.73174101
v -0.78380674 -7.65580749 0.95501703
v -0.56146282 -7.62447547 0.95233845
v -0.40097993 -7.59966802 0.93011856
v -0.46101731 -7.61361932 0.6770311
v -0.28403112 -7.63321781 0.88652193
v -0.37510088 -7.63354778 0.62918579
v -0.21011161 -7.71635961 0.83724284
v -0.27612617 -7.71840953 1.1630088
v -0.19435849 -7.7900772 1.12678873
v -0.14741675 -7.88843202 1.08643329
v -0.17584006 -7.82475137 0.79858076
v -0.13527701 -8.00563907 1.05559277
v -0.17079895 -7.95409345 0.76962286
v -0.1587685 -8.13011932 1.03351569
v -0.20101264 -8.08431911 0.75254309
v -0.2967337 -8.04228782 0.49326339
v -0.26347932 -8.19158744 0.74873983
v -0.36459958 -8.15576553 0.4871791
v -0.2264768 -8.22670078 1.02439701
v -0.22232906 -8.15641021 1.28666973
v -0.28394195 -8.2326231 1.27582812
v -0.29519119 -8.16393756 1.46562159
v -0.34934911 -8.22688102 1.44370389
v -0.20320266 -8.059803 1.3011235
v -0.28098654 -8.09543037 1.48521602
v -0.36632147 -8.13072967 1.61758542
v -0.2943623 -8.02266597 1.50799417
v -0.47034987 -8.1503849 1.6640433
v -0.56834715 -8.15372657 1.62993609
v -0.57184267 -8.09580326 1.62513315
v -0.70868778 -8.09655284 1.57604134
v -0.70748335 -8.15544796 1.5874083
v -0.55470401 -8.02772426 1.58966636
v -0.69873201 -8.03167343 1.54112911
v -0.67267888 -7.95399236 1.47760069
v -0.92086994 -8.02312469 1.49256885
v -0.94174295 -8.07040214 1.53358519
v -0.51673132 -7.94005918 1.51424145
v -0.45710739 -7.82371902 1.38355898
v -0.62584024 -7.85084867 1.37216699
v -0.40825972 -7.93233633 1.53254461
v -0.34469303 -7.82758426 1.37751114
v -0.4005022 -7.6935029 1.19169867
v -0.33521941 -7.96195459 1.52984309
v -0.26373016 -7.87752151 1.35578048
v -0.21805043 -7.95995235 1.3273648
v -0.58852165 -7.71882629 1.20539629
v -1.15966904 -7.9908638 1.39994072
v -1.17696988 -8.05650997 1.39461112
v -0.95350062 -8.12515258 1.55373382
v -1.11881935 -7.94347953 1.38452649
v -1.22585773 -7.80267047 1.16874778
v -1.28368163 -7.88041591 1.13987302
v -1.22594451 -7.70238971 0.90457999
v -1.13224995 -7.66555643 0.92677724
v -1.07903361 -7.61135244 0.70683759
v -1.00156259 -7.6591382 0.94028711
v -0.93739324 -8.17822837 1.52712118
v -0.69609618 -8.20495605 1.57327783
v -0.67203491 -8.24442482 1.5234766
v -1.18895244 -2.29191303 0.12036335
v -1.19277012 -2.28268003 -0.1119143
v -1.25023734 -2.55481314 -0.2065588
v -1.11711561 -2.27356648 -0.28565841
v -1.20619404 -2.51752853 -0.37969675
v -1.22909069 -2.80858016 -0.46848973
v -1.08141636 -2.52758002 -0.50470227
v -1.13404655 -2.80316734 -0.59200584
v -1.13766098 -3.09355902 -0.62921863
v -0.92745608 -2.84365439 -0.70457738
v -0.94309872 -3.10861134 -0.73332834
v -0.63426494 -2.93273901 -0.85518479
v -0.65346545 -3.15126323 -0.86626631
v -0.2555699 -3.06716084 -0.9337309
v -0.29329612 -3.23797893 -0.97837734
v -0.60590052 -2.69406223 -0.82070171
v -0.28289169 -2.7914052 -0.88388931
v -0.87265992 -2.59661626 -0.65311437
v -0.78952479 -2.37829995 -0.6306073
v -0.54980874 -2.45350265 -0.7849518
v -0.97830885 -2.31356334 -0.44735822
v -0.87363594 -2.10609841 -0.44423583
v -0.71042537 -2.15132522 -0.62888974
v -0.99425059 -2.07708883 -0.25832918
v -0.89607983 -1.85959923 -0.25700444
v -0.80088067 -1.87549471 -0.45618644
v -1.06983637 -2.06479525 -0.0673772
v -0.94780588 -1.86028158 -0.05918284
v -0.89928728 -1.62993252 -0.04901215
v -0.85602963 -1.61908876 -0.25843581
v -1.07523977 -2.05860471 0.15053027
v -0.95199155 -1.8708018 0.1485832
v -0.89349252 -1.65813684 0.16042086
v -0.86474895 -1.43023598 0.19288128
v -0.88322871 -1.38823616 -0.02201906
v -0.83023095 -1.70500814 0.35589757
v -0.78957527 -1.4851278 0.38728326
v -0.78919917 -1.2582525 0.45436593
v -0.87049371 -1.19746792 0.25506708
v -0.66661226 -1.32451522 0.6315087
v -0.70077812 -1.10178005 0.73525691
v -0.82492208 -1.027686 0.55716306
v -0.55677151 -1.17789709 0.8978964
v -0.58563256 -0.94768488 1.00691819
v -0.72851336 -0.86154496 0.85476052
v -0.40594336 -1.24951243 1.05757939
v -0.4255746 -1.03698873 1.14908754
v -0.39882445 -0.89232993 1.23692214
v -0.5616222 -0.7569409 1.13570666
v -0.51129716 -0.63127398 1.24949824
v -0.65973854 -0.43976154 1.152341
v -0.71957254 -0.61091208 1.00033998
v -0.3592385 -0.81767886 1.29553413
v -0.32786062 -0.781924 1.32946097
v -0.46325072 -0.57564568 1.31295025
v -0.42581144 -0.54727679 1.35665154
v -0.5604121 -0.29497161 1.30632293
v -0.60345369 -0.34546923 1.24682176
v -0.30278351 -0.76074951 1.37401795
v -0.30610695 -0.75180655 1.45268702
v -0.4115256 -0.53582364 1.41046774
v -0.41767057 -0.52724319 1.47097706
v -0.54796201 -0.24898339 1.42054486
v -0.54598331 -0.26545333 1.36696922
v -0.33010342 -0.70433771 1.57969808
v -0.66917371 0.00552724 1.35046613
v -0.65815043 -0.01805537 1.27762997
v -0.67901694 -0.06087762 1.20390641
v -0.75280475 0.21176637 1.14669501
v -0.77474397 0.15990093 1.05185401
v -0.77060532 0.25048315 1.24641978
v -0.85237813 0.47458958 1.15421569
v -0.75923967 0.30534976 1.42180955
v -0.8290022 0.54873722 1.36005389
v -0.88385731 0.77338677 1.2848562
v -0.9127562 0.6732887 1.07962691
v -0.92585897 0.99424201 1.1972934
v -0.96170949 0.88929867 1.00075233
v -0.9402104 0.83277106 0.86966925
v -0.99486362 1.11238288 0.91496914
v -0.97554922 1.02776467 0.78363448
v -0.95424777 0.98368006 0.72273266
v -0.92264884 0.81282293 0.81359827
v -0.93640261 0.95645928 0.68615418
v -0.90642982 0.79836994 0.76127129
v -0.92765009 0.77973336 0.71887528
v -0.89401006 0.59747034 0.75364601
v -0.89684617 0.43252942 0.74157333
v -0.9578678 0.59783828 0.73721122
v -0.95672297 0.44630581 0.7123934
v -0.97492522 0.30337062 0.63943976
v -0.92977863 0.28613737 0.6781885
v -1.02667045 0.44552996 0.70887994
v -1.03513109 0.2994838 0.62976163
v -1.04179132 0.17338007 0.5112133
v -0.99405616 0.17150573 0.51907593
v -1.12905335 0.27668374 0.62931251
v -1.12763178 0.15385337 0.51100122
v -1.13280439 0.09737623 0.36468061
v -1.04990124 0.11219647 0.36083155
v -1.31234455 0.10369899 0.50758588
v -1.30363655 0.05905247 0.36991328
v -1.30466675 0.08088284 0.20968364
v -1.13638138 0.1155779 0.19689779
v -1.57729923 0.00019036 0.3670957
v -1.57013618 0.02126052 0.21985769
v -1.57729685 0.09703104 0.0638842
v -1.31587481 0.16200803 0.03811547
v -1.88026595 -0.01383305 0.19513985
v -1.87124395 0.05345996 0.05641055
v -1.87694096 0.17778436 -0.06976653
v -1.59902012 0.22291426 -0.0687874
v -2.17866301 0.06263399 0.02343597
v -2.16906714 0.17703059 -0.08795824
v -2.16829872 0.34198573 -0.15730513
v -1.89149832 0.3469361 -0.14669607
v -2.46226954 0.20518294 -0.10160785
v -2.4502244 0.36053133 -0.1605052
v -2.44115924 0.54421103 -0.17696501
v -2.17136883 0.53112411 -0.17698466
v -2.72880888 0.39299565 -0.1435759
v -2.71306419 0.56494069 -0.15591064
v -2.70416021 0.73815375 -0.12024094
v -2.43538141 0.72947925 -0.14074216
v -2.43011498 0.87445116 -0.05235115
v -2.16535878 0.85420608 -0.05300224
v -2.17038559 0.71323818 -0.14077855
v -2.69884038 0.87902343 -0.03410974
v -2.69370055 0.97230023 0.09244203
v -2.42443108 0.9710952 0.07844097
v -2.42175769 1.01170361 0.23252153
v -2.1604259 0.99166733 0.23075129
v -2.16185903 0.94933176 0.07621119
v -2.69047355 1.00968742 0.23938901
v -2.69097161 0.99596023 0.3881897
v -2.42277097 0.99721372 0.38942664
v -2.95594453 0.98330235 0.25025913
v -2.95630669 0.96899455 0.38410696
v -2.96402859 0.90656203 0.50260484
v -2.69623184 0.92814213 0.52637589
v -3.20483923 0.9130994 0.37711927
v -3.22197938 0.86511582 0.46463516
v -3.24613738 0.78430295 0.5243467
v -2.97802066 0.8026424 0.59314858
v -3.47287297 0.92361056 0.50206315
v -3.52393603 0.82233554 0.51825535
v -3.56879115 0.68257856 0.53743606
v -3.27106332 0.66485279 0.557078
v -3.28121233 0.53491437 0.55823195
v -3.00388813 0.524791 0.64614814
v -2.99373507 0.670789 0.64327466
v -3.58766436 0.51288002 0.54659438
v -3.56409311 0.35490107 0.53667032
v -3.27290201 0.41250658 0.52331411
v -3.52774882 0.23459975 0.48928436
v -3.81944966 0.07019688 0.39408662
v -4.13764476 0.08437323 0.25429549
v -4.41724252 0.19101651 0.24269662
v -4.38706636 0.22975425 0.16459409
v -4.55176973 0.4053528 0.17685405
v -4.60977649 0.62880986 0.17969311
v -2.71710562 0.66936236 0.69701218
v -2.70575022 0.81472861 0.63489204
v -2.43430185 0.80794346 0.64963328
v -2.42715549 0.92707097 0.53577357
v -2.16485071 0.90706479 0.53642576
v -2.16120934 0.97726398 0.38909837
v -1.91072869 0.95400518 0.38848394
v -1.91095888 0.96739083 0.23359344
v -1.66524708 0.97819787 0.23162275
v -1.66623079 0.94036507 0.08442158
v -1.91154968 0.92749649 0.08441983
v -1.66435205 0.85147756 -0.03794693
v -1.91140782 0.83666038 -0.04018868
v -1.65793931 0.72211176 -0.12323425
v -1.91153478 0.70170331 -0.12697047
v -1.64571619 0.56306672 -0.16213318
v -1.90568363 0.53372627 -0.16549274
v -1.62532603 0.38702839 -0.1474615
v -1.38796639 0.61530095 -0.18488454
v -1.36338126 0.44910872 -0.17049443
v -1.3369466 0.28937551 -0.09494938
v -1.12186861 0.49209275 -0.1884886
v -1.11909163 0.32542744 -0.10935496
v -1.1295731 0.19393652 0.02694058
v -0.99688345 0.33149325 -0.10645618
v -1.0297507 0.20231531 0.02768955
v -1.0535295 0.12789806 0.19319342
v -0.96071857 0.19486236 0.02660719
v -0.99664294 0.11954236 0.18813964
v -1.00624048 0.10150963 0.36042764
v -0.96366804 0.07294883 0.17108024
v -0.97715616 0.06262122 0.36399281
v -0.96061962 0.14279656 0.54797899
v -0.97296249 0.01743658 0.36551111
v -0.95112067 0.10525993 0.58901661
v -0.90558558 0.260351 0.73974138
v -0.97261613 -0.0355484 0.36386391
v -0.95733171 0.02381762 0.14912365
v -0.95437854 -0.03757486 0.12173225
v -0.95028501 -0.15229035 0.07545425
v -0.97245627 -0.15053054 0.36895984
v -0.93648856 -0.34732648 0.01133114
v -0.97106993 -0.37688753 0.31216898
v -0.90047657 -0.5866397 -0.05524371
v -0.96190261 -0.63460159 0.22304397
v -0.93523848 -0.70145416 0.47910299
v -0.92352634 -0.89010995 0.12251741
v -0.90790945 -0.95743387 0.35350495
v -0.84862184 -0.77810198 0.68283885
v -0.88977998 -1.1434859 0.03328295
v -0.86884278 -0.84161853 -0.12895424
v -0.84896832 -1.10596609 -0.20092499
v -0.84439891 -1.36840784 -0.24481195
v -0.75746941 -1.09865558 -0.43865388
v -0.75160247 -1.37321686 -0.4674862
v -0.76460319 -1.63062799 -0.46980136
v -0.61627465 -1.38481223 -0.66509485
v -0.62107998 -1.65685737 -0.66304945
v -0.65371418 -1.90975165 -0.64582198
v -0.43957692 -1.67344451 -0.80775737
v -0.45532664 -1.95052325 -0.79436397
v -0.49731153 -2.20819187 -0.77785068
v -0.2295975 -1.97960925 -0.88604819
v -0.25156191 -2.25862956 -0.86800622
v -0.2723999 -2.52359557 -0.86414313
v 0 -2.28236818 -0.90790849
v 0 -2.55744862 -0.90788298
v 0 -2.84951067 -0.92657285
v 0 -3.09387278 -0.99882835
v 0 -1.99011504 -0.92192989
v -0.22378075 -1.67740654 -0.89224559
v 0 -1.67492437 -0.92307031
v -0.24724426 -1.37414062 -0.87489736
v 0 -1.36640334 -0.90548157
v 0 -1.1362791 -0.88464719
v 0 -1.02932775 -0.8741151
v 0 -0.96696341 -0.86769485
v -0.17796944 -0.82884895 -0.86539059
v 0 -0.92438656 -0.86653494
v -0.18659228 -0.82384973 -0.92706996
v 0 -0.92489624 -0.93243408
v 0 -0.96353161 -1.01740765
v -0.33601674 -0.66111552 -0.85365873
v -0.44842338 -1.3873924 -0.80452621
v -0.77610486 -0.82888269 -0.39047691
v -0.80155783 -0.57093489 -0.3381173
v -0.69508212 -0.56378775 -0.60348975
v -0.75661015 -0.29484936 -0.52507758
v -0.66910183 -0.24584351 -0.66673028
v -0.85390758 -0.32125487 -0.27549445
v -0.92012333 0.14602959 -0.00675796
v -0.86689931 0.27183082 -0.14309828
v -0.91446954 0.32010939 -0.10438707
v -0.88398307 0.49400952 -0.18797314
v -0.82233637 0.46754485 -0.22027193
v -0.97175836 0.50123167 -0.1888732
v -0.96631282 0.68312573 -0.20466885
v -0.87358814 0.68486636 -0.20402921
v -1.14082658 0.66629451 -0.20409944
v -1.16456854 0.82353562 -0.15960025
v -0.98369741 0.85362941 -0.15757121
v -1.40621435 0.77302247 -0.14464156
v -1.41773033 0.90288925 -0.0562834
v -1.18315601 0.9522776 -0.06738314
v -1.42328167 0.99118197 0.06961232
v -0.96340578 1.22122931 1.08974516
v -1.00034332 1.44542682 0.96857798
v -0.88673174 1.33310568 1.22314536
v -1.05428874 1.62813127 0.81070131
v -1.12713968 1.77511119 0.5927931
v -1.22987985 2.01856422 0.41115999
v -1.21463108 1.96157097 0.33303892
v -1.17835271 1.89263546 0.23074066
v -1.30683767 2.22086978 0.06334767
v -1.26447963 2.12669253 -0.05264807
v -1.1792835 1.99407148 -0.19665369
v -1.10433065 1.79124748 0.09342286
v -1.07690191 1.83036625 -0.33097776
v -1.01180243 1.65333235 -0.06726383
v -0.97097575 1.62414884 -0.43023398
v -0.93037611 1.49111628 -0.20609468
v -0.88091534 1.38794326 -0.49583324
v -0.98341494 1.73985731 -0.67458403
v -0.87672853 1.47225713 -0.70893025
v -0.804793 1.19291329 -0.72131818
v -0.82033473 1.55739891 -0.92474705
v -0.74372917 1.26444089 -0.92821806
v -0.71466964 0.98804211 -0.91841071
v -0.62437337 1.340716 -1.12654185
v -0.59132367 1.04154598 -1.11404991
v -0.59618055 0.76616406 -1.09080803
v -0.42116725 1.09731471 -1.28350746
v -0.42079988 0.796548 -1.26444912
v -0.44552853 0.52925324 -1.24414718
v -0.46167761 1.43214619 -1.28172159
v -0.5367186 1.78600955 -1.25204575
v -0.7093544 1.6679455 -1.10881662
v -0.94332128 1.85330665 -0.88002646
v -1.07832741 2.1305027 -0.77418983
v -1.10294258 1.98168623 -0.58459425
v -1.2110852 2.17137122 -0.43616145
v -1.17480242 2.33603906 -0.59563815
v -1.24294054 2.50888681 -0.43011948
v -1.30192744 2.33714103 -0.28841427
v -1.32958471 2.3010621 0.16521298
v -1.30379545 2.32723498 0.23552352
v -1.20037829 2.07106614 0.47265997
v -1.14791643 2.10932374 0.5174722
v -1.25147545 2.35956907 0.31156629
v -1.17270791 2.37734055 0.36018204
v -1.18000018 2.68622303 0.2578949
v -1.27631092 2.69916963 0.18730677
v -1.07661676 2.13633394 0.54140216
v -1.03206074 2.1678462 0.55309832
v -1.12512624 2.3883574 0.38953369
v -0.90073275 2.00113773 0.7342928
v -0.85761731 2.03776407 0.7238304
v -0.82758468 2.08965611 0.73674976
v -1.0051521 2.21712732 0.5858038
v -0.66988539 1.90183019 0.91165512
v -0.62573617 1.9422363 0.89390498
v -0.59216189 1.98642897 0.89473158
v -0.5734182 2.0266819 0.93390405
v -0.81520873 2.14009118 0.78345757
v -0.99046742 2.26113581 0.64171099
v -1.08361637 2.41664958 0.45103329
v -1.1235218 2.67509293 0.29802045
v -1.0776664 2.99725437 0.27488565
v -0.92406469 3.30587577 0.34101578
v -1.13429069 3.03781127 0.22887404
v -0.9518674 3.35086154 0.28372404
v -0.7249552 3.56976151 0.42313769
v -0.72445082 3.61379623 0.3406896
v -0.95308727 3.37969422 0.21550713
v -0.70488441 3.63763427 0.237313
v -0.93481588 3.39442324 0.13654722
v -0.65410882 3.62092423 0.07072732
v -0.5118252 3.74958729 0.47097328
v -0.49416434 3.7877345 0.33008125
v -0.47423264 3.76883411 0.10443256
v -0.45037671 3.69406414 -0.14557315
v -0.45584636 3.59551119 -0.35618159
v -0.47796452 3.4692707 -0.53914684
v -0.61936444 3.38812351 -0.42826178
v -0.51298522 3.30751705 -0.69778674
v -0.65512353 3.25625062 -0.54939264
v -0.70456939 3.21929597 -0.45730516
v -0.67323136 3.33874082 -0.3548901
v -0.7615621 3.38064885 -0.36023137
v -0.72276997 3.10598325 -0.6347512
v -0.76958936 3.08700704 -0.52703362
v -0.56519937 3.11370706 -0.82782977
v -0.83728617 1.10458874 1.35349547
v -0.66184198 1.21766257 1.44049906
v -0.71816813 1.43358945 1.27712976
v -0.60913354 1.00217294 1.57401514
v -0.78838789 0.88178449 1.4607867
v -0.73766058 0.64869225 1.54497432
v -0.56383019 0.75878858 1.67653465
v -0.52450758 0.48951289 1.74974644
v -0.67815053 0.39204195 1.61389327
v -0.61005193 0.12115075 1.66123902
v -0.48124232 0.2040843 1.8039273
v -0.66820651 0.04641345 1.47797501
v -0.22917021 1.91970396 1.65000629
v -0.10982391 1.89755666 1.75689041
v -0.11640189 1.95549881 1.77784299
v -0.24294915 1.98037433 1.67223691
v 0 1.94960486 1.80529165
v 0 1.89378023 1.7806313
v -0.58705884 2.47489237 1.38887894
v -0.57458812 2.60962247 1.36693561
v -0.6601578 2.68628311 1.11241984
v -0.50606042 2.77032709 1.35309076
v -0.45820009 2.69457411 1.62787151
v -0.38167548 2.82139873 1.6166923
v -0.39113381 2.92009139 1.36525571
v -0.49691185 2.5552752 1.64328146
v -0.31765055 2.56998157 1.87734198
v -0.30613839 2.68029737 1.86091625
v -0.50361561 2.42747354 1.64796614
v -0.31460559 2.43750214 1.88595128
v 0 2.52049613 1.93391192
v 0 2.63667845 1.96299517
v -0.28242483 2.3296864 1.84413182
v 0 2.45431947 1.91126942
v -0.25006768 2.2675991 1.77983379
v 0 2.34525394 1.82525849
v 0 2.32555627 1.74521207
v 0 2.33795952 1.66967952
v 0 2.32954788 1.54694271
v -0.18381969 2.22203993 1.42454838
v 0 2.23637485 1.44896662
v -0.17305077 2.10205125 1.45042622
v 0 2.12134289 1.46654379
v 0 2.72066402 1.96626198
v 0 2.77792358 1.94028651
v -0.27990356 2.78789854 1.82567644
v -0.30071869 3.00615286 1.3852514
v -0.1910991 3.05342817 1.39838898
v 0 3.07613492 1.394418
v 0 3.22331476 1.1598252
v -1.07803654 3.27499866 -0.63364261
v -0.87548244 3.12537312 -0.20530165
v -0.86040192 3.35849237 -0.1436049
v 0.14957746 2.88077855 1.7469778
v 0.06965585 1.98538637 1.68785011
v 0.0616034 1.81851017 1.66017198
v 0.44993594 -8.213171 1.60284948
v 0.45839864 -0.38271534 1.65918088
v 0.4578675 2.1948297 1.43594205
v 0.97918403 -7.86081504 1.30988979
v 0.77441513 -8.29126834 1.03098726
v 0.57548451 -2.55576014 0.99355238
v 0.25255796 -3.77058911 0.95578342
v 0.54256218 3.11090302 0.9344837
v 0.79270696 1.80121362 0.96211618
v 0.43290886 3.31275606 0.9594019
v 0.27864167 -2.19218182 0.88360971
v 1.04743778 -8.26040363 0.83321303
v 0.83612394 0.47791546 0.88320022
v 0.31226658 3.38375353 0.85300731
v 0.92132949 -0.12068658 0.744816
v 0.43858864 3.37963414 0.73299688
v 1.02133107 -2.1153965 0.5208072
v 0.98632592 1.36770153 0.43868172
v 1.01174616 -2.04944396 0.40181151
v 4.36854744 0.55697423 0.41456034
v 4.44060707 0.8455944 0.393866
v 0.41406106 -7.72118616 0.32903671
v 1.04992592 -7.84749794 0.28010022
v 0.41388577 -7.82166862 0.2129113
v 4.40203046 0.48254701 0.0963213
v 4.33182001 0.899109 0.0426117
v 0.90482491 3.27807068 -0.06423173
v 1.34174108 2.72655963 -0.01397927
v 0.73870641 3.45567965 -0.17503668
v 1.11274564 2.95372152 -0.20289188
v 0.82475268 0.13866986 -0.31514862
v 0.95570576 3.44286322 -0.32929936
v 1.1021837 2.85424494 -0.41457971
v 0.90338093 3.50718426 -0.49450391
v 1.0054754 2.90200233 -0.55978584
v 0.89266192 3.25510573 -0.57656055
v 0.8739075 -3.52938246 -0.71050918
v 0.45805707 -0.84014868 -0.79738366
v 0.21311368 -3.53189706 -0.89117062
v 0.71830904 2.55750417 -1.02385413
v 0.15394678 -0.62153393 -1.43252873
v 0.14776405 -3.45940661 -4.59654521
v 0.21731606 2.85181427 1.79245758
v 0.17537052 2.9228785 1.61298084
v 0.28957763 2.8861134 1.61312508
v 0.08963116 1.9908303 1.75057113
v 0.1391675 1.98748672 1.5562489
v 0.21250994 2.00666093 1.63660132
v 0.08565335 1.85066151 1.72131192
v 0.19491104 1.86271548 1.60718846
v 0.12761312 1.82578265 1.54914379
v 0.39633995 -8.03032875 1.61934506
v 0.46360817 -8.03846359 1.62701892
v 0.47764125 -8.10176944 1.6592307
v 0.38405391 -8.08271408 1.63281071
v 0.53212285 -8.22910213 1.5767312
v 0.49787482 -8.25468349 1.52312934
v 0.40112763 -8.21963977 1.55850017
v 0.4498766 -8.18733787 1.63654184
v 0.55476123 -8.19941806 1.613788
v 0.36828327 -8.17733669 1.59360742
v 0.16476453 2.30369877 1.62774944
v 0.22145099 2.26272106 1.70446956
v 0.33092957 2.23734402 1.54475069
v 0.19815929 2.29354214 1.51576077
v 0.38117751 -0.3792018 1.79653799
v 0.42981758 -0.09042839 1.82889521
v 0.5287317 -0.16479039 1.67251861
v 0.55276274 -0.22402371 1.51253056
v 0.43555411 -0.49196413 1.5536654
v 0.35620164 -0.58919602 1.69757521
v 0.34880074 2.06234788 1.52974462
v 0.29422619 2.09003019 1.50103795
v 0.33417943 2.18612575 1.44753027
v 0.46397993 2.10659337 1.35525047
v 0.35716715 1.99380517 1.49780583
v 0.40668296 2.2389431 1.59541237
v 0.46749615 2.31937074 1.62795209
v 0.55989259 2.35657143 1.41094231
v 0.66295778 2.31534981 1.15630531
v 0.62952572 2.23915004 1.1369152
v 0.84704387 -7.87327098 1.34272933
v 0.81411719 -7.75237369 1.18829298
v 1.0122292 -7.76373481 1.16936302
v 1.05209767 -7.90875101 1.36202251
v 0.88675445 -7.96396875 1.43825626
v 1.13692688 -7.77397918 1.17540228
v 0.8341729 -8.28770828 0.89691346
v 0.64425331 -8.29308414 0.8315137
v 0.62845379 -8.29302501 1.04079353
v 0.88431966 -8.28412246 1.14020073
v 1.00553333 -8.26104641 0.97826939
v 0.69836443 -8.30224132 1.21786427
v 0.66195374 -2.48752474 1.01791095
v 0.68206828 -2.71016645 1.07110798
v 0.56837743 -2.73383522 1.02165913
v 0.48033583 -2.74266529 0.95631086
v 0.5068745 -2.50737404 0.92341512
v 0.58404624 -2.36108231 0.9271816
v 0.35443422 -3.47002339 0.99040091
v 0.44580087 -3.48062181 1.12012589
v 0.36563968 -3.74300026 1.15119135
v 0.2192265 -3.99285435 0.66813898
v 0.2218863 -3.93428945 0.63022851
v 0.2465344 -3.69589185 0.83939421
v 0.31173244 -3.44743704 0.9005298
v 0.42682331 3.05166339 1.11932945
v 0.37607547 3.17647743 1.11194229
v 0.57214337 3.24132704 0.84678345
v 0.77354818 3.06856846 0.71130704
v 0.67858737 2.97375869 0.87687629
v 0.55627179 2.86935901 1.09616589
v 0.42226931 1.72614681 1.10739755
v 0.39788869 1.76305902 1.08058488
v 0.71142983 1.87162196 0.92524004
v 0.75783526 1.63327527 1.11865639
v 0.43895682 1.65574145 1.16392648
v 0.99418187 1.73342609 0.91761332
v 0.93124502 1.55921328 1.08328831
v 0.96869796 1.95769071 0.74084365
v 1.04303979 1.91881203 0.73028683
v 1.12017691 1.85308218 0.67634636
v 0.26468125 3.35530901 0.98430919
v 0.57466816 3.31226849 0.75189191
v 0.22550237 3.23359155 1.17825186
v 0.22493632 -1.96242427 0.91064715
v 0.41400939 -1.9049493 0.80460012
v 0.46956563 -2.04591012 0.76682114
v 0.52391111 -2.11173033 0.76644152
v 0.42731121 -2.27585768 0.85867697
v 0.24437606 -2.46195507 0.92960822
v 0.36500272 -2.48869109 0.89385831
v 1.14538586 -8.23782253 1.02936327
v 1.17412233 -8.2489252 0.79080903
v 1.0687958 -8.24131584 0.59016704
v 0.94313436 -8.28047275 0.72802561
v 0.86663049 0.61016744 0.85804933
v 0.86709731 0.60142201 0.7993921
v 0.8619858 0.42148983 0.80943816
v 0.83088439 0.34002026 0.9055286
v 0.82352709 0.42569455 1.00641369
v 0.88272547 0.62393397 0.93283575
v 0.27806547 3.43114256 0.82359075
v 0.43739369 3.42165732 0.68898415
v 0.83009761 0.06830494 0.94988399
v 0.88138735 0.21940414 0.81622499
v 0.9439466 0.06517341 0.64254957
v 0.79438483 -0.25938031 1.00020217
v 0.7258917 -0.12542612 1.12599396
v 0.93041622 -0.4175708 0.61598753
v 0.8392415 -0.49869281 0.8327527
v 0.59905898 3.31523108 0.61958497
v 0.91166335 -2.07980418 0.59234029
v 0.83523494 -2.00957918 0.53134638
v 1.08220291 -2.27366209 0.54712963
v 0.99505454 -2.24505281 0.69391411
v 1.13892412 -2.28398633 0.37368986
v 1.03536593 1.51777756 0.65356063
v 1.09470856 1.69030952 0.47814652
v 1.02661848 1.58123838 0.30382615
v 0.98864001 1.20056366 0.64748698
v 1.01262259 1.33177423 0.80693388
v 0.93362444 1.21378827 0.41261428
v 0.95779651 1.1195302 0.58710515
v 0.92493069 1.3095709 0.19567379
v 0.89545834 1.21839916 0.22229045
v 0.95748448 1.46127271 0.11476677
v 0.77257275 -1.91717815 0.49963119
v 0.88447719 -1.89053106 0.35335907
v 4.36172676 0.71156179 0.4132671
v 4.47676801 0.67842072 0.39471378
v 4.44815731 0.48796215 0.39722856
v 4.26114225 0.5236085 0.43305891
v 4.22328805 0.72521179 0.43448653
v 4.31592607 0.38046801 0.41592109
v 4.35121011 0.90397888 0.41006112
v 4.40054893 1.03263604 0.3835749
v 4.51925802 0.89576751 0.36315354
v 4.57459402 0.66247063 0.36358678
v 0.36804792 -7.85871553 0.30449932
v 0.46566179 -7.73532772 0.19189064
v 0.27764806 -7.78505086 0.54390388
v 0.26575055 -7.91444397 0.51318281
v 0.44692835 -7.65773105 0.41647017
v 0.31813445 -7.70196533 0.58105772
v 1.09450042 -7.75123405 0.3484036
v 1.04566228 -7.52246904 0.23618154
v 0.99799418 -7.55083656 0.1643124
v 0.89589983 -7.57234954 0.09001811
v 0.8931511 -7.83895969 0.13943642
v 1.01337897 -8.09809684 0.29473182
v 1.17633104 -8.1608448 0.50616318
v 1.24181878 -8.01891994 0.48778066
v 1.26645493 -7.91212415 0.51055192
v 0.84513813 -8.06875991 0.16798028
v 0.38683995 -7.97940206 0.28412538
v 0.45294782 -7.89113283 0.15347014
v 0.53485333 -7.75865459 0.11155457
v 4.48512315 0.44201222 0.13453683
v 4.52551841 0.62529414 0.13273006
v 4.40951442 0.61216872 0.08532049
v 4.26550006 0.56083309 0.04713988
v 4.30331802 0.41417282 0.07100275
v 4.34735393 0.30594787 0.11065781
v 4.39630174 0.99615818 0.07735893
v 4.19956874 1.09577095 0.03720913
v 4.19736957 0.93070489 0.0001863
v 4.38259267 0.78203308 0.06495748
v 4.49879312 0.83229512 0.10870787
v 4.23157548 0.74449753 0.01949261
v 0.97956627 3.10997915 -0.14088666
v 1.07671845 3.11825108 -0.07277451
v 0.88258516 3.37702608 0.0086422
v 1.32406985 2.71327757 0.10386692
v 1.16783726 3.07136726 0.16247074
v 1.1701653 3.09661507 0.08896563
v 1.14617955 3.11797213 0.02023417
v 1.28528332 2.86604523 -0.12880449
v 1.294294 2.68241405 -0.26821541
v 1.34218215 2.52200651 -0.16331209
v 0.6931582 3.42391824 -0.244165
v 0.80825406 3.49481058 -0.26953479
v 0.87362229 3.52017092 -0.19552664
v 0.82484889 3.45315241 -0.10778311
v 0.63359123 3.53903198 -0.12457762
v 0.60722005 3.4825294 -0.28544843
v 1.22439384 2.90276026 -0.17555643
v 1.04286921 2.91640305 -0.29608443
v 1.21137177 2.78990602 -0.32350504
v 0.80371725 -0.06512457 -0.42133769
v 0.8826189 -0.10903799 -0.18911176
v 0.89693784 0.01578416 -0.11494495
v 0.90860033 0.09102153 -0.05405625
v 0.85157358 0.20611873 -0.20987351
v 0.79219532 0.44646215 -0.28687223
v 0.77142506 0.43970319 -0.3441829
v 0.74098807 0.20053975 -0.49875855
v 0.72731959 -0.01710591 -0.58460694
v 0.90570241 3.40280962 -0.23688162
v 1.00183844 3.52718758 -0.32429978
v 1.03247702 3.48709678 -0.43765971
v 0.94042557 3.38785028 -0.41648244
v 0.85512185 3.24479246 -0.33354958
v 1.09370124 2.95245742 -0.4536741
v 1.13028693 2.71452021 -0.50024169
v 0.99074465 3.03520655 -0.4056302
v 0.83680927 3.47316122 -0.427946
v 0.8486188 3.34484267 -0.51928627
v 0.93972909 3.41467523 -0.58163124
v 0.9891597 3.55880165 -0.48753765
v 0.90648037 3.56649255 -0.3719019
v 1.04428553 3.43980526 -0.58870351
v 1.07262086 3.2639966 -0.54267603
v 1.09766161 3.13133406 -0.51903587
v 0.98971867 3.2261312 -0.48503649
v 1.04844677 3.37571835 -0.51872026
v 1.06969964 3.0896604 -0.62278217
v 0.95537543 3.08538365 -0.605358
v 0.86695534 2.96369767 -0.57120299
v 0.81354939 2.9515922 -0.69168752
v 0.90794104 2.76170039 -0.75414919
v 0.78779012 3.25674843 -0.45681971
v 0.84751933 3.15009427 -0.52941155
v 0.9832564 3.26659321 -0.63595837
v 0.91993445 -3.35753893 -0.72261238
v 0.6354292 -3.34731793 -0.83093023
v 0.58889663 -3.58116388 -0.74648904
v 0.8385933 -3.74838972 -0.63084328
v 1.06843328 -3.66674709 -0.58604151
v 1.1245023 -3.36525559 -0.61874187
v 0.576882 -0.52105552 -0.73499578
v 0.51905161 -0.46763861 -0.78162056
v 0.3702858 -0.7232663 -0.81794977
v 0.20480343 -0.8924492 -0.85183197
v 0.22839939 -0.96079134 -0.85389167
v 0.4599975 -1.10229885 -0.79818707
v 0.63029325 -1.10819292 -0.65396535
v 0.65371203 -0.84165859 -0.63730263
v 0.25097531 -1.11054968 -0.86006742
v 0.28820568 -3.35407018 -0.96548926
v 0.15044233 -3.39142561 -1.21475553
v 0.09892949 -3.48245358 -1.19546306
v 0.19387161 -3.75802922 -0.64707446
v 0.4185673 -3.82360577 -0.60215657
v 0.63842231 2.89430928 -0.92123401
v 0.34327754 2.84643435 -1.10000097
v 0.37010046 2.57090163 -1.19483101
v 0.94948029 2.30952239 -0.90803265
v 1.0583589 2.53948307 -0.70440709
v 0.63019847 2.15275597 -1.17881393
v 0.83156663 1.99609029 -1.04168403
v 0.35053423 2.22851944 -1.27553808
v 0.21012362 -0.72721856 -1.36894428
v 0.33337065 -0.52241826 -1.34193253
v 0.21582779 -0.44527342 -1.4264872
v 0.18434071 -3.40081691 -4.41275024
v 0.16673098 -3.56235384 -4.63151502
v 0.24578142 -3.5424385 -4.40177917
v 0.15284594 -3.67062401 -4.64425516
v 0.10454706 -3.76810741 -4.58620977
v 0.15858885 -3.80217862 -4.39116621
v 0.23449336 -3.6849029 -4.39572382
v 0.16104449 -3.79387211 -4.11397838
v 0.24309884 -3.66820716 -4.11942243
v 0.25113001 -3.50648641 -4.13003921
v 0.17654815 -3.35885143 -4.14495468
v 0.18934312 -3.62269997 -3.85422778
v 0.19161264 -3.48839831 -3.86416912
v 0.12944528 -3.37079906 -3.87643671
v 0.13225926 -3.48136043 -3.60905766
v 0.08573422 -3.39333653 -3.61903166
v 0.08120646 -3.37983703 -3.36479592
v 0.09169795 -3.35599803 -3.10782432
v 0.09922873 -3.32794928 -2.84091758
v 0.10320592 -3.30388712 -2.57022261
v 0.10500279 -3.28351211 -2.29920744
v 0.1055728 -3.26356792 -2.02850365
v 0.10336571 -3.24343037 -1.75914096
v 0.09843886 -3.22640109 -1.49026465
v 0.10914883 -3.21147298 -1.22678983
v 0.14890772 -3.33897018 -1.75115704
v 0.14056508 -3.3158493 -1.48561251
v 0.15073581 -3.29069185 -1.22620368
v 0.14828924 -3.44732236 -1.74161303
v 0.14055752 -3.42000246 -1.47501123
v 0.10347166 -3.54022431 -1.73290062
v 0.09227351 -3.50941038 -1.46302545
v 0.10207183 -3.56590724 -2.00494456
v 0.09996963 -3.58775281 -2.27671718
v 0.09954679 -3.60312748 -2.54826116
v 0.09556517 -3.61915111 -2.81908965
v 0.09064505 -3.6321578 -3.08638763
v 0.07946159 -3.64727139 -3.34529089
v 0.08213046 -3.6688447 -3.59930133
v 0.12290094 -3.73168897 -3.85266661
v 0.13206294 -3.58477878 -3.60149669
v 0.12443692 -3.56260204 -3.3507986
v 0.12599681 -3.4635005 -3.35812759
v 0.13472698 -3.54485726 -3.09278845
v 0.13552857 -3.44249343 -3.10106158
v 0.14103066 -3.52534937 -2.82684469
v 0.14113429 -3.41961026 -2.83482003
v 0.14443676 -3.5052402 -2.55574894
v 0.14486339 -3.39721608 -2.56380009
v 0.14681659 -3.48794913 -2.28431415
v 0.14903201 -3.37997055 -2.29234385
v 0.1487016 -3.46904778 -2.01278877
v 0.15000513 -3.36115789 -2.02117681
v 0.24324691 -0.80119222 -1.29088938
v 0.39966651 -0.59183388 -1.25380396
v 0.24388164 -0.84396618 -1.1733489
v 0.41797879 -0.6398828 -1.14614594
v 0.55128824 -0.39059275 -1.10679876
v 0.51167637 -0.33721953 -1.20984149
v 0.21482656 -0.8464818 -1.01328885
v 0.3896355 -0.65620344 -1.01202845
v 0.54044461 -0.42081269 -0.99736458
v 0.66191327 -0.15943437 -0.95708799
v 0.65017455 -0.12025523 -1.0555588
v 0.35635003 -0.65342241 -0.9267953
v 0.50466048 -0.42569258 -0.90721446
v 0.63564342 -0.17818069 -0.86687254
v 0.73262375 0.08101609 -0.81518966
v 0.74497366 0.11525666 -0.90365558
v 0.48076772 -0.42779591 -0.8366791
v 0.60157501 -0.18387509 -0.79714745
v 0.68726044 0.05797753 -0.73914307
v 0.75270009 0.3046894 -0.66524243
v 0.79140609 0.34887257 -0.74671918
v 0.61482131 -0.2101072 -0.72464907
v 0.67312514 0.02540419 -0.66058307
v 0.70135676 0.2619642 -0.58995652
v 0.74869018 0.52001184 -0.50208061
v 0.80200278 0.56525427 -0.57611149
v 0.73195534 0.47693824 -0.42394316
v 0.7551133 0.73295384 -0.33867925
v 0.79889267 0.75642222 -0.40037301
v 0.73986983 0.7129417 -0.28927895
v 0.78207683 0.93048822 -0.19398821
v 0.80934459 0.9551928 -0.2354415
v 0.76370954 0.69517284 -0.24570314
v 0.78636604 0.90204924 -0.16107499
v 0.81498593 1.03091919 -0.05193561
v 0.82026094 1.07484757 -0.08448363
v 0.80748242 0.68449389 -0.21484221
v 0.83350676 0.88013565 -0.15098406
v 0.86061418 1.00790691 -0.04755027
v 0.87970602 1.08250749 0.07950715
v 0.83812165 1.11604094 0.07535127
v 0.89361 0.86753761 -0.154018
v 0.91977608 0.99672699 -0.05469313
v 0.94092106 1.07304537 0.07243109
v 0.96352446 1.10709452 0.22341227
v 0.90068721 1.11678063 0.23204396
v 1.00916338 0.98210632 -0.06154722
v 1.03081083 1.06227529 0.06460076
v 1.05123806 1.09745478 0.21548208
v 1.0667175 1.08085811 0.375909
v 0.98505199 1.08999645 0.38278454
v 1.1951065 1.03833222 0.05956063
v 1.20024895 1.07616698 0.21063856
v 1.19853031 1.06235325 0.37315031
v 1.19250834 0.99596023 0.52460843
v 1.07225799 1.01295125 0.52404773
v 1.4242165 1.0305643 0.22035969
v 1.42051172 1.01839339 0.38103857
v 1.41405308 0.95504188 0.53237432
v 1.40402245 0.84337043 0.65163844
v 1.17896699 0.88590377 0.64472925
v 1.66336751 0.96497523 0.38627293
v 1.66047048 0.90454024 0.53039896
v 1.65543961 0.79479843 0.64646971
v 1.64842748 0.64712035 0.71611851
v 1.39134824 0.69608783 0.72343117
v 1.91067278 0.88893425 0.53255403
v 1.90897285 0.77780866 0.64613395
v 1.90716338 0.62798935 0.71511042
v 1.90952432 0.44825434 0.72635692
v 1.63823533 0.46884942 0.73267328
v 2.16863966 0.78941816 0.65081143
v 2.17258191 0.63726103 0.7169249
v 2.17901802 0.46302035 0.72566169
v 2.19332313 0.28601902 0.66745913
v 1.91612553 0.2641676 0.67238038
v 2.4428761 0.65628725 0.71583306
v 2.45266151 0.48656094 0.72444528
v 2.46410894 0.3192074 0.66832459
v 2.47880196 0.17782554 0.55279386
v 2.2087059 0.1396678 0.55341535
v 2.72733235 0.50815278 0.70523101
v 2.73518204 0.35037711 0.65271461
v 2.7421844 0.21874377 0.54637187
v 2.74998498 0.13292609 0.41085857
v 2.48799467 0.0839481 0.41146555
v 3.00616812 0.38472801 0.60168147
v 3.00461554 0.27132669 0.51417899
v 3.00374174 0.19756746 0.40161347
v 3.00803995 0.16223062 0.27579933
v 2.75791668 0.09251874 0.26893302
v 3.25824976 0.32397046 0.45864629
v 3.24768614 0.26503795 0.3734591
v 3.24738216 0.23273922 0.28240233
v 3.254395 0.23169229 0.19135846
v 3.01622915 0.17099592 0.14760504
v 3.50010347 0.15500792 0.4078758
v 3.50119304 0.14291064 0.30673837
v 3.51018667 0.16943399 0.21049934
v 3.52577495 0.23930801 0.13263765
v 3.2614789 0.28324464 0.11023723
v 3.80919289 0.04518371 0.289034
v 3.80024528 0.06917742 0.17542174
v 3.79997468 0.15142427 0.07546313
v 3.81074309 0.29305648 0.02640968
v 3.54175305 0.34270796 0.078021
v 4.12802124 0.11169748 0.15608651
v 4.11056852 0.19233034 0.07007408
v 4.08532333 0.32081267 0.02306849
v 4.06181573 0.49071618 0.01174459
v 3.81928324 0.4552913 0.02174295
v 3.79807472 0.65526032 0.01435342
v 3.54520344 0.61876452 0.02090508
v 3.55219554 0.46993064 0.0414258
v 4.02300548 0.70944529 0.00280425
v 3.9688332 0.93031424 -0.0011086
v 3.7382195 0.854819 0.02497308
v 3.69146299 0.99407815 0.08950566
v 3.47193718 0.89658427 0.10139693
v 3.51240515 0.78211921 0.03321078
v 3.93000721 1.08732676 0.05198323
v 3.9218595 1.17987346 0.16282202
v 3.66531109 1.09110045 0.19563294
v 4.20809602 1.19621622 0.13272358
v 4.21691989 1.231794 0.2472375
v 3.93441414 1.21226382 0.28746706
v 4.44253301 1.08364844 0.13882871
v 4.46511411 1.1257826 0.22533059
v 4.45073127 1.10696828 0.32119187
v 4.22425985 1.20530211 0.36200013
v 4.57691192 0.87635642 0.15889388
v 4.61756467 0.90590465 0.22828897
v 4.59127855 0.91099602 0.3117491
v 4.65402221 0.62918382 0.24490572
v 4.63819456 0.64405751 0.31714907
v 4.59461545 0.37588775 0.24652278
v 4.57873964 0.39556676 0.33060842
v 4.51796913 0.43818491 0.37127369
v 4.40395307 0.21636413 0.33004632
v 4.3627057 0.28366836 0.38136586
v 4.13107872 0.11165688 0.34550544
v 4.12136507 0.18702606 0.40846967
v 4.10727262 0.31315687 0.44913899
v 3.83430028 0.1562964 0.47193279
v 3.84871602 0.30196449 0.50375253
v 3.8567698 0.48891103 0.50598555
v 4.07935571 0.49889531 0.46375355
v 3.82621312 0.70451647 0.49611389
v 4.04154682 0.72716325 0.46039438
v 3.76763868 0.88558483 0.4859181
v 4.0046401 0.93472707 0.4629876
v 4.20905733 0.93541193 0.43559697
v 3.9781785 1.08915293 0.46196973
v 4.22100448 1.09630167 0.42556068
v 3.9525814 1.18712985 0.40211656
v 3.71360063 1.02402901 0.49361068
v 3.67623877 1.11830866 0.43775716
v 3.65778899 1.13927948 0.32122844
v 3.43235039 0.99228578 0.41889238
v 3.43283176 0.99962043 0.30855089
v 3.44748735 0.96574586 0.20293141
v 3.20084166 0.92637521 0.2739726
v 3.20872378 0.90655189 0.16943088
v 3.22802591 0.84156173 0.06956044
v 2.96110987 0.94953554 0.1168696
v 2.96868228 0.86386042 0.00066964
v 2.97739577 0.73833793 -0.07785005
v 3.25267076 0.74096572 0.0010288
v 2.9885149 0.5897212 -0.10866727
v 3.27123522 0.60672628 -0.02376991
v 3.00602293 0.44000443 -0.09853899
v 3.27646112 0.47797983 -0.00597997
v 3.020401 0.31321328 -0.05006708
v 3.27112293 0.36528396 0.04180608
v 3.02260351 0.22320018 0.03645893
v 2.74604988 0.24993516 -0.09063301
v 2.75750756 0.15154054 0.0020813
v 2.76161503 0.09754893 0.12689076
v 2.47503256 0.09860725 -0.00070411
v 2.4849987 0.0428007 0.13101202
v 2.48932433 0.03906202 0.26992684
v 2.19234681 0.00269905 0.15527345
v 2.20494985 -0.00746502 0.28927224
v 2.21216082 0.04067526 0.42232739
v 1.89628505 -0.03155311 0.33240333
v 1.90998399 0.01154834 0.45588532
v 1.91520929 0.11397398 0.57346099
v 1.59214282 0.03817716 0.4910787
v 1.60853409 0.13857117 0.60197335
v 1.62477266 0.28838819 0.68963468
v 1.32831132 0.21410985 0.62244516
v 1.35205853 0.36499777 0.70595383
v 1.37506556 0.53055846 0.74165117
v 1.13185405 0.42844265 0.71056509
v 1.14421284 0.58170038 0.74305093
v 1.16137838 0.74153292 0.72144585
v 1.03341984 0.59557253 0.73944467
v 1.05349969 0.75809836 0.71820753
v 1.06749951 0.90341383 0.6412388
v 0.98351466 0.76844149 0.71635043
v 1.00448918 0.9124341 0.6409384
v 1.00406742 1.02086472 0.52736717
v 0.94992846 0.92256176 0.64526742
v 0.9491595 1.03398537 0.53835225
v 0.92587703 1.10082244 0.39501708
v 0.93478357 1.07826995 0.56622296
v 0.90445494 1.15001487 0.40855902
v 0.86821311 1.15958809 0.23386889
v 0.85250026 1.17050111 0.05295118
v 0.87441748 1.22883784 0.02040647
v 0.84144663 1.11208462 -0.11839634
v 0.89829903 1.33261609 -0.05244565
v 0.85674184 1.18069481 -0.18431215
v 0.83156287 0.99449724 -0.29207924
v 0.86515092 1.28864049 -0.31183019
v 0.82905829 1.06275165 -0.38339671
v 0.81936007 0.80958926 -0.46764409
v 0.82531213 1.13178455 -0.52931672
v 0.81435072 0.87222057 -0.55666756
v 0.81764239 0.61890941 -0.65197742
v 0.78395426 0.93031019 -0.7297334
v 0.7890461 0.67600619 -0.76184141
v 0.78159236 0.39737439 -0.83392018
v 0.71884 0.72579181 -0.91661632
v 0.72787338 0.44663903 -0.94320184
v 0.71110874 0.16042834 -0.99605196
v 0.61564779 0.49540433 -1.08285558
v 0.61803036 0.21747864 -1.10600137
v 0.58565908 -0.06433562 -1.15473246
v 0.47009411 0.26811277 -1.23952019
v 0.46407055 0.00153136 -1.26297056
v 0.41774973 -0.26896604 -1.30624795
v 0.27798488 0.05359987 -1.390226
v 0.26254567 -0.19673258 -1.40848195
v 0.26199191 0.29321432 -1.38515663
v 0.23582762 0.54595023 -1.38961303
v 0.2174424 0.83300578 -1.39878332
v 0.22055883 1.16787231 -1.39743793
v 0.25232851 1.52255618 -1.37461197
v 0.30457496 1.87850546 -1.32956802
v 0.30051124 3.10182714 -0.98218286
v 0.26634329 3.33630108 -0.82571363
v 0.24464955 3.53605556 -0.62667506
v 0.2372228 3.68745708 -0.38906809
v 0.2441429 3.7820096 -0.12178162
v 0.24783043 3.82437753 0.15386726
v 0.2408234 3.819628 0.41635713
v 0.24739685 3.78084206 0.58960974
v 0.25991931 3.70382118 0.70120745
v 0.28100392 3.58770799 0.78445208
v 0.27871519 3.47948384 0.82137692
v 0.5173164 3.68138957 0.56612992
v 0.50499486 3.59087467 0.62089705
v 0.47420221 3.48690772 0.65506434
v 0.70117777 3.50945711 0.48114526
v 0.6579492 3.42191958 0.52405166
v 0.62002223 3.36141562 0.55122792
v 0.87455534 3.24810552 0.38448086
v 0.83997511 3.21015286 0.41182413
v 0.81862628 3.16755056 0.4726006
v 0.81162762 3.13882684 0.55527615
v 1.0274893 2.95496368 0.31334891
v 0.99357712 2.92782783 0.38265386
v 0.97078657 2.90496563 0.4790183
v 0.90910089 2.85506248 0.65248376
v 1.07819461 2.66952848 0.38728025
v 1.04980886 2.66413474 0.47875222
v 0.97482192 2.64543056 0.65240377
v 0.84210711 2.5991559 0.89474642
v 0.79155832 2.77518725 0.87112551
v 1.0579921 2.4420681 0.53420221
v 0.99101525 2.46832323 0.68794161
v 0.86403071 2.46341133 0.91233557
v 0.71096819 2.42463278 1.1506387
v 0.70445114 2.53749394 1.13415014
v 0.94508123 2.32202267 0.7460168
v 0.84753716 2.35878658 0.91597396
v 0.79999059 2.18781995 0.84737664
v 0.7568404 2.23234438 0.95134264
v 0.55942106 2.05549168 0.98692405
v 0.54070097 2.07616519 1.04995787
v 0.50902122 2.07872796 1.15013706
v 0.43535628 2.02003288 1.30244815
v 0.319781 1.91647195 1.12860977
v 0.31564179 1.91660451 1.18463707
v 0.29628348 1.90780031 1.25986361
v 0.22327753 1.86588621 1.39299535
v 0.32305648 1.92666339 1.4482516
v 0.31906637 1.91149306 1.08507657
v 0.31984397 1.89681065 1.04278552
v 0.32844317 1.87402319 1.02286398
v 0.3504526 1.83247149 1.03315579
v 0.37443062 1.796723 1.05697524
v 0.42021361 1.52114558 1.28374803
v 0.3805767 1.3409909 1.45039141
v 0.33287876 1.12250161 1.61610829
v 0.30578708 0.86149078 1.73939549
v 0.28974303 0.58394092 1.82180953
v 0.27158418 0.29525578 1.88727903
v 0.24950538 -0.00780976 1.92861402
v 0.23114734 -0.32249233 1.91376459
v 0.22057306 -0.58601045 1.83522403
v 0.20825786 -0.77979779 1.70059394
v 0.19638276 -0.88320887 1.52945113
v 0.17654092 -0.90863144 1.40426981
v 0.17948713 -0.93044316 1.34754717
v 0.19541177 -0.9640426 1.31949651
v 0.21534934 -1.0128467 1.29390251
v 0.23570884 -1.10918057 1.24963784
v 0.23351097 -1.28454756 1.18155002
v 0.20610585 -1.50792813 1.10114431
v 0.20099936 -1.73894751 0.99971371
v 0.38079494 -1.46671092 0.97020965
v 0.37573307 -1.68690192 0.87659174
v 0.52662831 -1.3953545 0.80095243
v 0.52745449 -1.61879921 0.71637439
v 0.58002477 -1.8321712 0.66682016
v 0.67215836 -1.54863631 0.55705124
v 0.72264021 -1.76528239 0.5170989
v 0.62124437 -1.95541226 0.64288592
v 0.66667509 -2.02700305 0.65208077
v 0.74388313 -2.08320522 0.7128874
v 0.59191358 -2.16327953 0.8055033
v 0.85876643 -2.23040366 0.8301773
v 0.70780348 -2.2676382 0.91513854
v 0.49158901 -2.31081032 0.85631418
v 0.43611961 -2.49723982 0.88794946
v 0.40865847 -2.73105835 0.90759223
v 0.32520613 -2.71646261 0.90708082
v 0.39175155 -2.96550583 0.91657716
v 0.29297193 -2.94828057 0.90232682
v 0.1870591 -2.92721414 0.9405024
v 0.20902028 -2.69173717 0.94851946
v 0.16321341 -3.16408348 0.92028182
v 0.13228072 -3.4105544 0.88889616
v 0.10329052 -3.67938089 0.81032443
v 0.09313456 -3.91945385 0.59614509
v 0.11914655 -4.04652595 0.25392466
v 0.16612567 -4.0642023 -0.09435023
v 0.17117631 -3.96214914 -0.38919144
v 0.27879241 -4.06207847 -0.06758351
v 0.32430109 -3.99873375 -0.370025
v 0.35958951 -4.08405971 -0.02578364
v 0.45117726 -4.04656171 -0.32063263
v 0.60534757 -3.91965913 -0.53128171
v 0.53977471 -4.14356613 -0.2514334
v 0.7299537 -4.09619283 -0.42488661
v 0.92933416 -4.03801155 -0.47543558
v 0.77406561 -4.27679586 -0.27916663
v 0.93141865 -4.27727365 -0.28821817
v 1.05747187 -4.25551462 -0.23668505
v 1.08884418 -4.0056591 -0.41994082
v 1.15092587 -4.20516777 -0.11635715
v 1.19114852 -3.97201919 -0.27366501
v 1.22341668 -3.66613102 -0.40813097
v 1.23455262 -3.36672043 -0.47816908
v 1.24344217 -3.90778493 -0.07043883
v 1.27813828 -3.64152002 -0.19394627
v 1.29008472 -3.35922408 -0.26909419
v 1.28642439 -3.09364128 -0.29783704
v 1.23597848 -3.09252858 -0.49726167
v 1.30305492 -3.59211111 0.10365766
v 1.3154056 -3.33272075 0.03360042
v 1.30747449 -3.08310008 0.00025364
v 1.28646779 -2.83721089 0.00470017
v 1.27315044 -2.82773733 -0.2806096
v 1.29199004 -3.2953782 0.37362903
v 1.28048646 -3.05379629 0.34357047
v 1.25332319 -2.81521844 0.33898431
v 1.2129451 -2.56378865 0.3478311
v 1.25168836 -2.57665276 0.05605307
v 1.18930685 -3.0274527 0.66141605
v 1.16726899 -2.78461456 0.6424908
v 1.13614451 -2.53066849 0.60298395
v 1.04898309 -2.75481271 0.86112147
v 1.03639781 -2.49713659 0.79596066
v 0.92223459 -2.72572708 1.00149238
v 0.91644251 -2.47099041 0.93674922
v 0.80039095 -2.71163106 1.070261
v 0.78567254 -2.46481847 1.0117799
v 0.90967273 -2.98542213 1.04039335
v 0.78978413 -2.97122287 1.11266446
v 0.67756581 -2.96386718 1.11632132
v 0.75715649 -3.22689342 1.16017079
v 0.63770806 -3.22014522 1.15958917
v 0.5190218 -3.2267816 1.09016966
v 0.55935704 -2.97906756 1.05932474
v 0.42514145 -3.2234559 0.99149376
v 0.46458548 -2.98176837 0.98076182
v 0.36203491 -3.20393681 0.91825866
v 0.23167479 -3.42297864 0.86086362
v 0.26552671 -3.18206429 0.88687533
v 0.18959015 -3.67763757 0.79375821
v 0.17635498 -3.911098 0.60296112
v 0.27765029 -4.05162668 0.31537583
v 0.21694031 -4.03395557 0.28223097
v 0.29066243 -4.10790777 0.34275776
v 0.4028514 -4.14327573 0.01772597
v 0.28187042 -4.19056749 0.36503195
v 0.42275565 -4.2289381 0.06632318
v 0.59025526 -4.26422786 -0.16144603
v 0.41876724 -4.34948396 0.11079561
v 0.60457736 -4.39990997 -0.06301443
v 0.76849806 -4.43133497 -0.13772533
v 0.56774574 -4.58169221 -0.01065794
v 0.74541133 -4.61111688 -0.07700736
v 0.89723843 -4.62775707 -0.08636923
v 0.91285413 -4.44175529 -0.14443223
v 1.0258038 -4.6315999 -0.05151692
v 1.02993261 -4.434978 -0.09991241
v 1.12809538 -4.62067699 0.03881444
v 1.12725508 -4.41139221 -0.00377474
v 1.19299686 -4.59849691 0.18925409
v 1.1906284 -4.37172412 0.1558626
v 1.20369088 -4.1441226 0.06433419
v 1.22214269 -4.33730411 0.38715961
v 1.23187089 -4.08974027 0.31592431
v 1.26803588 -3.84212636 0.20691224
v 1.21911799 -4.0570054 0.62113016
v 1.24695372 -3.79477763 0.53011369
v 1.27880966 -3.54235196 0.43702635
v 1.15693962 -3.7632153 0.82634407
v 1.18033528 -3.50555229 0.74542206
v 1.19493746 -3.26501965 0.68976998
v 1.02451372 -3.49410224 0.98554432
v 1.03982317 -3.24998021 0.93046003
v 1.04896056 -3.00716137 0.89610105
v 0.88900977 -3.23635673 1.0832045
v 0.8601064 -3.49044823 1.14047205
v 0.70666277 -3.4870131 1.20568049
v 0.833094 -3.75803399 1.20442473
v 0.66033482 -3.75882291 1.25921142
v 0.49736258 -3.75179934 1.23904728
v 0.56785857 -3.48063111 1.19365251
v 0.64165395 -4.08270168 1.30365943
v 0.46855399 -4.08634328 1.27333819
v 0.32710287 -4.07954931 1.1695981
v 0.47240865 -4.44472456 1.24797737
v 0.32436263 -4.42487669 1.13403463
v 0.22097113 -4.3793993 0.95986288
v 0.23326255 -4.07040262 0.9910655
v 0.19887384 -4.3221178 0.7023133
v 0.20500651 -4.11850071 0.70283353
v 0.26659026 -4.32053852 0.37655356
v 0.2000173 -4.59532737 0.61956507
v 0.25380879 -4.53595018 0.34480652
v 0.38434127 -4.54589939 0.12961867
v 0.26005709 -4.80634784 0.26438921
v 0.3644793 -4.78237342 0.09868292
v 0.52854365 -4.78887748 -0.02334993
v 0.38142719 -5.03603792 0.02531492
v 0.51420444 -5.01810026 -0.06780443
v 0.66938674 -5.02427911 -0.11407151
v 0.70718002 -4.81181049 -0.08320522
v 0.82872074 -5.04593324 -0.11531269
v 0.87124037 -4.83108091 -0.09005706
v 0.97393006 -5.06972885 -0.07517534
v 1.01302838 -4.84267568 -0.05254324
v 1.08406353 -5.08410215 0.00735538
v 1.11803805 -4.84475088 0.03449947
v 1.15612471 -5.09044694 0.13557209
v 1.18142461 -4.83963871 0.17405597
v 1.18237161 -5.10512924 0.29546767
v 1.20262491 -4.84005785 0.36159983
v 1.21816265 -4.58025932 0.39876955
v 1.18107688 -4.87396764 0.56385552
v 1.19388079 -4.60293006 0.65355247
v 1.20435977 -4.33122253 0.67571508
v 1.11248326 -4.67004013 0.89066904
v 1.12139451 -4.3562231 0.9451344
v 1.13610041 -4.04510259 0.91007024
v 0.99172049 -4.39247751 1.14033138
v 0.99670243 -4.05245208 1.12577438
v 1.00891816 -3.75432944 1.05800962
v 0.82372814 -4.06965589 1.25808036
v 0.82937115 -4.42429113 1.25776362
v 0.64741337 -4.4433031 1.29098415
v 0.83532691 -4.78373479 1.15807247
v 0.65810078 -4.80428218 1.18156111
v 0.48217356 -4.79483938 1.13399279
v 0.66663134 -5.10799217 0.98509335
v 0.49245187 -5.09255981 0.94259446
v 0.34013226 -5.04236698 0.83855384
v 0.32818841 -4.75361585 1.01920163
v 0.24230685 -4.96321249 0.68064278
v 0.22220219 -4.6841712 0.8466252
v 0.21566477 -4.87222194 0.4781275
v 0.28528294 -5.22113657 0.49628457
v 0.25879195 -5.14045906 0.32769483
v 0.29355305 -5.07683181 0.15956471
v 0.32158377 -5.40042161 0.18238464
v 0.35294994 -5.34287881 0.04349222
v 0.42662027 -5.2984395 -0.06481578
v 0.4200043 -5.61131095 -0.07171658
v 0.48155614 -5.57282352 -0.17072944
v 0.55952817 -5.54749965 -0.23423145
v 0.52826917 -5.27276372 -0.13556629
v 0.65803098 -5.53543138 -0.25924989
v 0.65151053 -5.2663002 -0.16855013
v 0.7695412 -5.53742408 -0.24566625
v 0.78639197 -5.27551651 -0.16312055
v 0.89219307 -5.55322837 -0.19236166
v 0.92545062 -5.30010795 -0.11847376
v 1.00810301 -5.57986879 -0.10710644
v 1.04655516 -5.32674789 -0.03563785
v 1.09545815 -5.61057567 -0.0002001
v 1.12883102 -5.34688425 0.08479663
v 1.13545215 -5.63888073 0.10654473
v 1.16148102 -5.37393903 0.21238763
v 1.13307154 -5.66954088 0.2080415
v 1.15144288 -5.41152524 0.33272662
v 1.16604888 -5.14142274 0.45090252
v 1.09993898 -5.45461177 0.43988102
v 1.10428965 -5.20402383 0.59283393
v 1.10786998 -4.95226669 0.75654727
v 0.99400454 -5.27555894 0.69885087
v 0.98831182 -5.03227186 0.89217925
v 0.98947483 -4.73560285 1.05921411
v 0.83842998 -5.08708667 0.96865356
v 0.8484382 -5.32916069 0.76072955
v 0.68229031 -5.35208559 0.77365076
v 0.86608356 -5.54331636 0.58326411
v 0.71009874 -5.56503772 0.59453231
v 0.55770093 -5.55764484 0.55333101
v 0.51672619 -5.3402152 0.73227345
v 0.42720022 -5.52325582 0.4613412
v 0.37410426 -5.29571867 0.63790369
v 0.34540733 -5.46452999 0.32892894
v 0.4863964 -5.73619031 0.3167589
v 0.41342434 -5.69977903 0.19075366
v 0.39247286 -5.65626335 0.05434288
v 0.462204 -5.93674659 0.11833389
v 0.43683338 -5.92047166 -0.01959703
v 0.45728862 -5.90175676 -0.15001164
v 0.44169133 -6.18937778 -0.00829162
v 0.47215721 -6.19931888 -0.13227076
v 0.53487801 -6.20805358 -0.23410472
v 0.51018786 -5.88254976 -0.26148235
v 0.61441838 -6.20903062 -0.30515131
v 0.58210289 -5.86700916 -0.33767652
v 0.70744007 -6.20482349 -0.33930784
v 0.67572343 -5.85571193 -0.36981684
v 0.81004202 -6.19583845 -0.33234477
v 0.78141945 -5.851058 -0.3534426
v 0.91611492 -6.18479776 -0.28214162
v 0.89557069 -5.85302209 -0.28681573
v 1.01161623 -6.1747179 -0.2048204
v 0.9970209 -5.86260318 -0.19599089
v 1.08868014 -6.17095089 -0.11207734
v 1.07838356 -5.88107061 -0.09229878
v 1.12650966 -6.17169952 -0.00972532
v 1.10891354 -5.90155315 0.01350774
v 1.11331331 -6.17386341 0.0907637
v 1.09451615 -5.91633701 0.10427311
v 1.05849134 -6.17734336 0.1823652
v 1.04517376 -5.92931032 0.18886926
v 1.08640718 -5.70292854 0.29963719
v 0.96357834 -5.94236946 0.26321071
v 0.99580574 -5.73073196 0.37569379
v 1.00262069 -5.50118637 0.52736693
v 0.8729642 -5.75226736 0.42902094
v 0.85925084 -5.95398998 0.31882134
v 0.74360162 -5.9590125 0.33751547
v 0.7348954 -5.76365566 0.4423058
v 0.6281405 -5.95831775 0.30801338
v 0.59972018 -5.75841713 0.4040451
v 0.52983397 -5.94945716 0.23103478
v 0.62393391 -6.17920827 0.31410166
v 0.52531343 -6.18021965 0.23818951
v 0.45982813 -6.18300056 0.12521965
v 0.52142876 -6.42294883 0.28281816
v 0.45642831 -6.43845987 0.17897968
v 0.43606835 -6.45892715 0.05560953
v 0.45837602 -6.69492626 0.24611972
v 0.43701979 -6.72107935 0.12587471
v 0.46032878 -6.74820232 0.00468902
v 0.46355378 -6.4808669 -0.06617798
v 0.52105015 -6.77224826 -0.10308013
v 0.52726018 -6.49898862 -0.1706714
v 0.61173045 -6.78910541 -0.18054209
v 0.61724197 -6.51029682 -0.2457343
v 0.71972042 -6.7964673 -0.21896401
v 0.72060698 -6.51334857 -0.28192454
v 0.83509409 -6.79416894 -0.21616423
v 0.8330332 -6.50669288 -0.27748116
v 0.94444507 -6.78429317 -0.17580826
v 0.94058048 -6.49600219 -0.23477585
v 1.038221 -6.76985788 -0.10679677
v 1.0347445 -6.48218488 -0.16304867
v 1.10336673 -6.7531557 -0.01898695
v 1.10565662 -6.4693098 -0.07490274
v 1.13051033 -6.7355957 0.0762874
v 1.13734877 -6.45803642 0.0223527
v 1.11657416 -6.71647787 0.17496031
v 1.1224153 -6.44737625 0.12297672
v 1.06053543 -6.69720459 0.26944443
v 1.06614422 -6.4376893 0.21732859
v 0.96692651 -6.67918491 0.35374161
v 0.97378301 -6.4281516 0.30208042
v 0.97178661 -6.18037176 0.26295217
v 0.85945904 -6.41931486 0.36073213
v 0.86265361 -6.18185138 0.32217016
v 0.73326778 -6.41387319 0.38020438
v 0.74108445 -6.18048572 0.34291735
v 0.61662745 -6.41414833 0.35317522
v 0.72640425 -6.65893507 0.43207421
v 0.61264574 -6.66142892 0.408589
v 0.5209878 -6.67408609 0.34454023
v 0.61593979 -6.91780281 0.471134
v 0.52625507 -6.93054246 0.41001927
v 0.46594113 -6.95208644 0.31392392
v 0.54041892 -7.18841791 0.46615299
v 0.48463267 -7.20745563 0.3713569
v 0.46964633 -7.23183393 0.26352745
v 0.4467343 -6.97923183 0.19811813
v 0.48859286 -7.25878381 0.15701642
v 0.46815836 -7.0082879 0.08024295
v 0.54088109 -7.28520917 0.06312859
v 0.52576547 -7.03533506 -0.02356712
v 0.61895209 -7.30647182 -0.00403998
v 0.61221647 -7.05571937 -0.09941776
v 0.71382153 -7.31963348 -0.03889497
v 0.71551686 -7.0660696 -0.13720296
v 0.81993275 -7.32235717 -0.03747521
v 0.82922357 -7.06574535 -0.13554091
v 0.92180514 -7.3149414 -0.00209959
v 0.93655717 -7.0569787 -0.09720569
v 1.00843739 -7.29852962 0.06208467
v 1.026443 -7.04176044 -0.03001998
v 1.06563282 -7.27614307 0.14199113
v 1.08809399 -7.02232456 0.05491885
v 1.09206044 -7.25182151 0.22616657
v 1.11426329 -7.00043535 0.14625655
v 1.08291006 -7.22858572 0.30572813
v 1.10242056 -6.97745227 0.23878628
v 1.04301631 -7.20753431 0.38284635
v 1.0519669 -6.95532703 0.32817274
v 0.96470361 -7.19297361 0.46029004
v 0.96191585 -6.93575191 0.41027513
v 0.85649228 -7.18634223 0.51987648
v 0.8487882 -6.92391634 0.46873077
v 0.85107678 -6.66567325 0.41152298
v 0.72667205 -6.91521596 0.49053311
v 0.74058073 -7.17606353 0.54275631
v 0.6310426 -7.17729902 0.52617472
v 0.75047171 -7.42684555 0.58220452
v 0.63991594 -7.42105293 0.56412082
v 0.55164396 -7.42345094 0.5003311
v 0.61850267 -7.58909559 0.62557464
v 0.52252775 -7.57980346 0.5536651
v 0.4704639 -7.59717607 0.49431547
v 0.50367832 -7.44167566 0.41780284
v 0.49451363 -7.46669721 0.32389092
v 0.50557959 -7.48946762 0.2370796
v 0.54915446 -7.5230627 0.14499197
v 0.61078673 -7.54532432 0.08591857
v 0.63075244 -7.79302072 0.06928065
v 0.69554549 -7.5626111 0.05325855
v 0.75115066 -7.82377767 0.07537685
v 0.79097896 -7.5729742 0.05318035
v 0.54554605 -7.97002553 0.11437472
v 0.67995333 -8.02789878 0.11209142
v 0.4567562 -8.09270668 0.26784485
v 0.56569564 -8.18363094 0.27207478
v 0.71840965 -8.24469089 0.32149145
v 0.45736131 -8.23845195 0.50369066
v 0.57439041 -8.28336143 0.54494959
v 0.74924475 -8.29888439 0.61575365
v 0.89838028 -8.25325489 0.42157429
v 0.46858006 -8.28081417 0.79305803
v 0.34905135 -8.25900459 0.76345002
v 0.31545552 -8.27751255 1.02457284
v 0.44901192 -8.28420066 1.0324614
v 0.37619608 -8.27623939 1.25809121
v 0.51245051 -8.29776573 1.23900222
v 0.44417631 -8.26727485 1.41849041
v 0.58972609 -8.29117298 1.384678
v 0.78642618 -8.28768158 1.33634972
v 0.98357474 -8.25090789 1.2258532
v 0.64205426 -8.27127933 1.47415876
v 0.85385221 -8.25489044 1.4132812
v 1.0579679 -8.21421241 1.28878343
v 1.2378143 -8.22398853 1.07475543
v 0.90203279 -8.21455764 1.4811654
v 1.13016271 -8.16585636 1.34337389
v 1.29207146 -8.17730808 1.090752
v 1.33417439 -8.12640094 0.77295219
v 1.27374088 -8.20606708 0.7683143
v 1.16418564 -8.12152576 1.37002039
v 1.32587814 -8.09102249 1.10057818
v 1.35525548 -8.02088165 0.79198437
v 1.32017552 -7.98561048 1.12182438
v 1.34035122 -7.89918708 0.82907533
v 1.25688457 -7.79517412 0.56966948
v 1.11030292 -7.67931175 0.41624137
v 1.29605352 -7.78768491 0.8697316
v 1.21566712 -7.70754146 0.63484001
v 1.10296094 -7.6205883 0.47533971
v 1.06791555 -7.46381759 0.37604808
v 1.07207334 -7.49022865 0.30939891
v 1.16148483 -7.64452886 0.67885291
v 1.06538641 -7.59060287 0.51985365
v 1.0310918 -7.44293355 0.43150433
v 1.00541579 -7.57376384 0.5599733
v 0.9695509 -7.42110872 0.49397018
v 0.90959447 -7.5725398 0.59865814
v 0.87180697 -7.41981124 0.55344408
v 0.76126521 -7.59681558 0.64430916
v 0.95967221 -7.61508989 0.72925663
v 0.77185004 -7.63452482 0.75078856
v 0.58440136 -7.62372636 0.73174101
v 0.78380674 -7.65580749 0.95501703
v 0.56146282 -7.62447547 0.95233845
v 0.40097993 -7.59966802 0.93011856
v 0.46101731 -7.61361932 0.6770311
v 0.28403112 -7.63321781 0.88652193
v 0.37510088 -7.63354778 0.62918579
v 0.21011161 -7.71635961 0.83724284
v 0.27612617 -7.71840953 1.1630088
v 0.19435849 -7.7900772 1.12678873
v 0.14741675 -7.88843202 1.08643329
v 0.17584006 -7.82475137 0.79858076
v 0.13527701 -8.00563907 1.05559277
v 0.17079895 -7.95409345 0.76962286
v 0.1587685 -8.13011932 1.03351569
v 0.20101264 -8.08431911 0.75254309
v 0.2967337 -8.04228782 0.49326339
v 0.26347932 -8.19158744 0.74873983
v 0.36459958 -8.15576553 0.4871791
v 0.2264768 -8.22670078 1.02439701
v 0.22232906 -8.15641021 1.28666973
v 0.28394195 -8.2326231 1.27582812
v 0.29519119 -8.16393756 1.46562159
v 0.34934911 -8.22688102 1.44370389
v 0.20320266 -8.059803 1.3011235
v 0.28098654 -8.09543037 1.48521602
v 0.36632147 -8.13072967 1.61758542
v 0.2943623 -8.02266597 1.50799417
v 0.47034987 -8.1503849 1.6640433
v 0.56834715 -8.15372657 1.62993609
v 0.57184267 -8.09580326 1.62513315
v 0.70868778 -8.09655284 1.57604134
v 0.70748335 -8.15544796 1.5874083
v 0.55470401 -8.02772426 1.58966636
v 0.69873201 -8.03167343 1.54112911
v 0.67267888 -7.95399236 1.47760069
v 0.92086994 -8.02312469 1.49256885
v 0.94174295 -8.07040214 1.53358519
v 0.51673132 -7.94005918 1.51424145
v 0.45710739 -7.82371902 1.38355898
v 0.62584024 -7.85084867 1.37216699
v 0.40825972 -7.93233633 1.53254461
v 0.34469303 -7.82758426 1.37751114
v 0.4005022 -7.6935029 1.19169867
v 0.33521941 -7.96195459 1.52984309
v 0.26373016 -7.87752151 1.35578048
v 0.21805043 -7.95995235 1.3273648
v 0.58852165 -7.71882629 1.20539629
v 1.15966904 -7.9908638 1.39994072
v 1.17696988 -8.05650997 1.39461112
v 0.95350062 -8.12515258 1.55373382
v 1.11881935 -7.94347953 1.38452649
v 1.22585773 -7.80267047 1.16874778
v 1.28368163 -7.88041591 1.13987302
v 1.22594451 -7.70238971 0.90457999
v 1.13224995 -7.66555643 0.92677724
v 1.07903361 -7.61135244 0.70683759
v 1.00156259 -7.6591382 0.94028711
v 0.93739324 -8.17822837 1.52712118
v 0.69609618 -8.20495605 1.57327783
v 0.67203491 -8.24442482 1.5234766
v 1.18895244 -2.29191303 0.12036335
v 1.19277012 -2.28268003 -0.1119143
v 1.25023734 -2.55481314 -0.2065588
v 1.11711561 -2.27356648 -0.28565841
v 1.20619404 -2.51752853 -0.37969675
v 1.22909069 -2.80858016 -0.46848973
v 1.08141636 -2.52758002 -0.50470227
v 1.13404655 -2.80316734 -0.59200584
v 1.13766098 -3.09355902 -0.62921863
v 0.92745608 -2.84365439 -0.70457738
v 0.94309872 -3.10861134 -0.73332834
v 0.63426494 -2.93273901 -0.85518479
v 0.65346545 -3.15126323 -0.86626631
v 0.2555699 -3.06716084 -0.9337309
v 0.29329612 -3.23797893 -0.97837734
v 0.60590052 -2.69406223 -0.82070171
v 0.28289169 -2.7914052 -0.88388931
v 0.87265992 -2.59661626 -0.65311437
v 0.78952479 -2.37829995 -0.6306073
v 0.54980874 -2.45350265 -0.7849518
v 0.97830885 -2.31356334 -0.44735822
v 0.87363594 -2.10609841 -0.44423583
v 0.71042537 -2.15132522 -0.62888974
v 0.99425059 -2.07708883 -0.25832918
v 0.89607983 -1.85959923 -0.25700444
v 0.80088067 -1.87549471 -0.45618644
v 1.06983637 -2.06479525 -0.0673772
v 0.94780588 -1.86028158 -0.05918284
v 0.89928728 -1.62993252 -0.04901215
v 0.85602963 -1.61908876 -0.25843581
v 1.07523977 -2.05860471 0.15053027
v 0.95199155 -1.8708018 0.1485832
v 0.89349252 -1.65813684 0.16042086
v 0.86474895 -1.43023598 0.19288128
v 0.88322871 -1.38823616 -0.02201906
v 0.83023095 -1.70500814 0.35589757
v 0.78957527 -1.4851278 0.38728326
v 0.78919917 -1.2582525 0.45436593
v 0.87049371 -1.19746792 0.25506708
v 0.66661226 -1.32451522 0.6315087
v 0.70077812 -1.10178005 0.73525691
v 0.82492208 -1.027686 0.55716306
v 0.55677151 -1.17789709 0.8978964
v 0.58563256 -0.94768488 1.00691819
v 0.72851336 -0.86154496 0.85476052
v 0.40594336 -1.24951243 1.05757939
v 0.4255746 -1.03698873 1.14908754
v 0.39882445 -0.89232993 1.23692214
v 0.5616222 -0.7569409 1.13570666
v 0.51129716 -0.63127398 1.24949824
v 0.65973854 -0.43976154 1.152341
v 0.71957254 -0.61091208 1.00033998
v 0.3592385 -0.81767886 1.29553413
v 0.32786062 -0.781924 1.32946097
v 0.46325072 -0.57564568 1.31295025
v 0.42581144 -0.54727679 1.35665154
v 0.5604121 -0.29497161 1.30632293
v 0.60345369 -0.34546923 1.24682176
v 0.30278351 -0.76074951 1.37401795
v 0.30610695 -0.75180655 1.45268702
v 0.4115256 -0.53582364 1.41046774
v 0.41767057 -0.52724319 1.47097706
v 0.54796201 -0.24898339 1.42054486
v 0.54598331 -0.26545333 1.36696922
v 0.33010342 -0.70433771 1.57969808
v 0.66917371 0.00552724 1.35046613
v 0.65815043 -0.01805537 1.27762997
v 0.67901694 -0.06087762 1.20390641
v 0.75280475 0.21176637 1.14669501
v 0.77474397 0.15990093 1.05185401
v 0.77060532 0.25048315 1.24641978
v 0.85237813 0.47458958 1.15421569
v 0.75923967 0.30534976 1.42180955
v 0.8290022 0.54873722 1.36005389
v 0.88385731 0.77338677 1.2848562
v 0.9127562 0.6732887 1.07962691
v 0.92585897 0.99424201 1.1972934
v 0.96170949 0.88929867 1.00075233
v 0.9402104 0.83277106 0.86966925
v 0.99486362 1.11238288 0.91496914
v 0.97554922 1.02776467 0.78363448
v 0.95424777 0.98368006 0.72273266
v 0.92264884 0.81282293 0.81359827
v 0.93640261 0.95645928 0.68615418
v 0.90642982 0.79836994 0.76127129
v 0.92765009 0.77973336 0.71887528
v 0.89401006 0.59747034 0.75364601
v 0.89684617 0.43252942 0.74157333
v 0.9578678 0.59783828 0.73721122
v 0.95672297 0.44630581 0.7123934
v 0.97492522 0.30337062 0.63943976
v 0.92977863 0.28613737 0.6781885
v 1.02667045 0.44552996 0.70887994
v 1.03513109 0.2994838 0.62976163
v 1.04179132 0.17338007 0.5112133
v 0.99405616 0.17150573 0.51907593
v 1.12905335 0.27668374 0.62931251
v 1.12763178 0.15385337 0.51100122
v 1.13280439 0.09737623 0.36468061
v 1.04990124 0.11219647 0.36083155
v 1.31234455 0.10369899 0.50758588
v 1.30363655 0.05905247 0.36991328
v 1.30466675 0.08088284 0.20968364
v 1.13638138 0.1155779 0.19689779
v 1.57729923 0.00019036 0.3670957
v 1.57013618 0.02126052 0.21985769
v 1.57729685 0.09703104 0.0638842
v 1.31587481 0.16200803 0.03811547
v 1.88026595 -0.01383305 0.19513985
v 1.87124395 0.05345996 0.05641055
v 1.87694096 0.17778436 -0.06976653
v 1.59902012 0.22291426 -0.0687874
v 2.17866301 0.06263399 0.02343597
v 2.16906714 0.17703059 -0.08795824
v 2.16829872 0.34198573 -0.15730513
v 1.89149832 0.3469361 -0.14669607
v 2.46226954 0.20518294 -0.10160785
v 2.4502244 0.36053133 -0.1605052
v 2.44115924 0.54421103 -0.17696501
v 2.17136883 0.53112411 -0.17698466
v 2.72880888 0.39299565 -0.1435759
v 2.71306419 0.56494069 -0.15591064
v 2.70416021 0.73815375 -0.12024094
v 2.43538141 0.72947925 -0.14074216
v 2.43011498 0.87445116 -0.05235115
v 2.16535878 0.85420608 -0.05300224
v 2.17038559 0.71323818 -0.14077855
v 2.69884038 0.87902343 -0.03410974
v 2.69370055 0.97230023 0.09244203
v 2.42443108 0.9710952 0.07844097
v 2.42175769 1.01170361 0.23252153
v 2.1604259 0.99166733 0.23075129
v 2.16185903 0.94933176 0.07621119
v 2.69047355 1.00968742 0.23938901
v 2.69097161 0.99596023 0.3881897
v 2.42277097 0.99721372 0.38942664
v 2.95594453 0.98330235 0.25025913
v 2.95630669 0.96899455 0.38410696
v 2.96402859 0.90656203 0.50260484
v 2.69623184 0.92814213 0.52637589
v 3.20483923 0.9130994 0.37711927
v 3.22197938 0.86511582 0.46463516
v 3.24613738 0.78430295 0.5243467
v 2.97802066 0.8026424 0.59314858
v 3.47287297 0.92361056 0.50206315
v 3.52393603 0.82233554 0.51825535
v 3.56879115 0.68257856 0.53743606
v 3.27106332 0.66485279 0.557078
v 3.28121233 0.53491437 0.55823195
v 3.00388813 0.524791 0.64614814
v 2.99373507 0.670789 0.64327466
v 3.58766436 0.51288002 0.54659438
v 3.56409311 0.35490107 0.53667032
v 3.27290201 0.41250658 0.52331411
v 3.52774882 0.23459975 0.48928436
v 3.81944966 0.07019688 0.39408662
v 4.13764476 0.08437323 0.25429549
v 4.41724252 0.19101651 0.24269662
v 4.38706636 0.22975425 0.16459409
v 4.55176973 0.4053528 0.17685405
v 4.60977649 0.62880986 0.17969311
v 2.71710562 0.66936236 0.69701218
v 2.70575022 0.81472861 0.63489204
v 2.43430185 0.80794346 0.64963328
v 2.42715549 0.92707097 0.53577357
v 2.16485071 0.90706479 0.53642576
v 2.16120934 0.97726398 0.38909837
v 1.91072869 0.95400518 0.38848394
v 1.91095888 0.96739083 0.23359344
v 1.66524708 0.97819787 0.23162275
v 1.66623079 0.94036507 0.08442158
v 1.91154968 0.92749649 0.08441983
v 1.66435205 0.85147756 -0.03794693
v 1.91140782 0.83666038 -0.04018868
v 1.65793931 0.72211176 -0.12323425
v 1.91153478 0.70170331 -0.12697047
v 1.64571619 0.56306672 -0.16213318
v 1.90568363 0.53372627 -0.16549274
v 1.62532603 0.38702839 -0.1474615
v 1.38796639 0.61530095 -0.18488454
v 1.36338126 0.44910872 -0.17049443
v 1.3369466 0.28937551 -0.09494938
v 1.12186861 0.49209275 -0.1884886
v 1.11909163 0.32542744 -0.10935496
v 1.1295731 0.19393652 0.02694058
v 0.99688345 0.33149325 -0.10645618
v 1.0297507 0.20231531 0.02768955
v 1.0535295 0.12789806 0.19319342
v 0.96071857 0.19486236 0.02660719
v 0.99664294 0.11954236 0.18813964
v 1.00624048 0.10150963 0.36042764
v 0.96366804 0.07294883 0.17108024
v 0.97715616 0.06262122 0.36399281
v 0.96061962 0.14279656 0.54797899
v 0.97296249 0.01743658 0.36551111
v 0.95112067 0.10525993 0.58901661
v 0.90558558 0.260351 0.73974138
v 0.97261613 -0.0355484 0.36386391
v 0.95733171 0.02381762 0.14912365
v 0.95437854 -0.03757486 0.12173225
v 0.95028501 -0.15229035 0.07545425
v 0.97245627 -0.15053054 0.36895984
v 0.93648856 -0.34732648 0.01133114
v 0.97106993 -0.37688753 0.31216898
v 0.90047657 -0.5866397 -0.05524371
v 0.96190261 -0.63460159 0.22304397
v 0.93523848 -0.70145416 0.47910299
v 0.92352634 -0.89010995 0.12251741
v 0.90790945 -0.95743387 0.35350495
v 0.84862184 -0.77810198 0.68283885
v 0.88977998 -1.1434859 0.03328295
v 0.86884278 -0.84161853 -0.12895424
v 0.84896832 -1.10596609 -0.20092499
v 0.84439891 -1.36840784 -0.24481195
v 0.75746941 -1.09865558 -0.43865388
v 0.75160247 -1.37321686 -0.4674862
v 0.76460319 -1.63062799 -0.46980136
v 0.61627465 -1.38481223 -0.66509485
v 0.62107998 -1.65685737 -0.66304945
v 0.65371418 -1.90975165 -0.64582198
v 0.43957692 -1.67344451 -0.80775737
v 0.45532664 -1.95052325 -0.79436397
v 0.49731153 -2.20819187 -0.77785068
v 0.2295975 -1.97960925 -0.88604819
v 0.25156191 -2.25862956 -0.86800622
v 0.2723999 -2.52359557 -0.86414313
v 0.22378075 -1.67740654 -0.89224559
v 0.24724426 -1.37414062 -0.87489736
v 0.17796944 -0.82884895 -0.86539059
v 0.18659228 -0.82384973 -0.92706996
v 0.33601674 -0.66111552 -0.85365873
v 0.44842338 -1.3873924 -0.80452621
v 0.77610486 -0.82888269 -0.39047691
v 0.80155783 -0.57093489 -0.3381173
v 0.69508212 -0.56378775 -0.60348975
v 0.75661015 -0.29484936 -0.52507758
v 0.66910183 -0.24584351 -0.66673028
v 0.85390758 -0.32125487 -0.27549445
v 0.92012333 0.14602959 -0.00675796
v 0.86689931 0.27183082 -0.14309828
v 0.91446954 0.32010939 -0.10438707
v 0.88398307 0.49400952 -0.18797314
v 0.82233637 0.46754485 -0.22027193
v 0.97175836 0.50123167 -0.1888732
v 0.96631282 0.68312573 -0.20466885
v 0.87358814 0.68486636 -0.20402921
v 1.14082658 0.66629451 -0.20409944
v 1.16456854 0.82353562 -0.15960025
v 0.98369741 0.85362941 -0.15757121
v 1.40621435 0.77302247 -0.14464156
v 1.41773033 0.90288925 -0.0562834
v 1.18315601 0.9522776 -0.06738314
v 1.42328167 0.99118197 0.06961232
v 0.96340578 1.22122931 1.08974516
v 1.00034332 1.44542682 0.96857798
v 0.88673174 1.33310568 1.22314536
v 1.05428874 1.62813127 0.81070131
v 1.12713968 1.77511119 0.5927931
v 1.22987985 2.01856422 0.41115999
v 1.21463108 1.96157097 0.33303892
v 1.17835271 1.89263546 0.23074066
v 1.30683767 2.22086978 0.06334767
v 1.26447963 2.12669253 -0.05264807
v 1.1792835 1.99407148 -0.19665369
v 1.10433065 1.79124748 0.09342286
v 1.07690191 1.83036625 -0.33097776
v 1.01180243 1.65333235 -0.06726383
v 0.97097575 1.62414884 -0.43023398
v 0.93037611 1.49111628 -0.20609468
v 0.88091534 1.38794326 -0.49583324
v 0.98341494 1.73985731 -0.67458403
v 0.87672853 1.47225713 -0.70893025
v 0.804793 1.19291329 -0.72131818
v 0.82033473 1.55739891 -0.92474705
v 0.74372917 1.26444089 -0.92821806
v 0.71466964 0.98804211 -0.91841071
v 0.62437337 1.340716 -1.12654185
v 0.59132367 1.04154598 -1.11404991
v 0.59618055 0.76616406 -1.09080803
v 0.42116725 1.09731471 -1.28350746
v 0.42079988 0.796548 -1.26444912
v 0.44552853 0.52925324 -1.24414718
v 0.46167761 1.43214619 -1.28172159
v 0.5367186 1.78600955 -1.25204575
v 0.7093544 1.6679455 -1.10881662
v 0.94332128 1.85330665 -0.88002646
v 1.07832741 2.1305027 -0.77418983
v 1.10294258 1.98168623 -0.58459425
v 1.2110852 2.17137122 -0.43616145
v 1.17480242 2.33603906 -0.59563815
v 1.24294054 2.50888681 -0.43011948
v 1.30192744 2.33714103 -0.28841427
v 1.32958471 2.3010621 0.16521298
v 1.30379545 2.32723498 0.23552352
v 1.20037829 2.07106614 0.47265997
v 1.14791643 2.10932374 0.5174722
v 1.25147545 2.35956907 0.31156629
v 1.17270791 2.37734055 0.36018204
v 1.18000018 2.68622303 0.2578949
v 1.27631092 2.69916963 0.18730677
v 1.07661676 2.13633394 0.54140216
v 1.03206074 2.1678462 0.55309832
v 1.12512624 2.3883574 0.38953369
v 0.90073275 2.00113773 0.7342928
v 0.85761731 2.03776407 0.7238304
v 0.82758468 2.08965611 0.73674976
v 1.0051521 2.21712732 0.5858038
v 0.66988539 1.90183019 0.91165512
v 0.62573617 1.9422363 0.89390498
v 0.59216189 1.98642897 0.89473158
v 0.5734182 2.0266819 0.93390405
v 0.81520873 2.14009118 0.78345757
v 0.99046742 2.26113581 0.64171099
v 1.08361637 2.41664958 0.45103329
v 1.1235218 2.67509293 0.29802045
v 1.0776664 2.99725437 0.27488565
v 0.92406469 3.30587577 0.34101578
v 1.13429069 3.03781127 0.22887404
v 0.9518674 3.35086154 0.28372404
v 0.7249552 3.56976151 0.42313769
v 0.72445082 3.61379623 0.3406896
v 0.95308727 3.37969422 0.21550713
v 0.70488441 3.63763427 0.237313
v 0.93481588 3.39442324 0.13654722
v 0.65410882 3.62092423 0.07072732
v 0.5118252 3.74958729 0.47097328
v 0.49416434 3.7877345 0.33008125
v 0.47423264 3.76883411 0.10443256
v 0.45037671 3.69406414 -0.14557315
v 0.45584636 3.59551119 -0.35618159
v 0.47796452 3.4692707 -0.53914684
v 0.61936444 3.38812351 -0.42826178
v 0.51298522 3.30751705 -0.69778674
v 0.65512353 3.25625062 -0.54939264
v 0.70456939 3.21929597 -0.45730516
v 0.67323136 3.33874082 -0.3548901
v 0.7615621 3.38064885 -0.36023137
v 0.72276997 3.10598325 -0.6347512
v 0.76958936 3.08700704 -0.52703362
v 0.56519937 3.11370706 -0.82782977
v 0.83728617 1.10458874 1.35349547
v 0.66184198 1.21766257 1.44049906
v 0.71816813 1.43358945 1.27712976
v 0.60913354 1.00217294 1.57401514
v 0.78838789 0.88178449 1.4607867
v 0.73766058 0.64869225 1.54497432
v 0.56383019 0.75878858 1.67653465
v 0.52450758 0.48951289 1.74974644
v 0.67815053 0.39204195 1.61389327
v 0.61005193 0.12115075 1.66123902
v 0.48124232 0.2040843 1.8039273
v 0.66820651 0.04641345 1.47797501
v 0.22917021 1.91970396 1.65000629
v 0.10982391 1.89755666 1.75689041
v 0.11640189 1.95549881 1.77784299
v 0.24294915 1.98037433 1.67223691
v 0.58705884 2.47489237 1.38887894
v 0.57458812 2.60962247 1.36693561
v 0.6601578 2.68628311 1.11241984
v 0.50606042 2.77032709 1.35309076
v 0.45820009 2.69457411 1.62787151
v 0.38167548 2.82139873 1.6166923
v 0.39113381 2.92009139 1.36525571
v 0.49691185 2.5552752 1.64328146
v 0.31765055 2.56998157 1.87734198
v 0.30613839 2.68029737 1.86091625
v 0.50361561 2.42747354 1.64796614
v 0.31460559 2.43750214 1.88595128
v 0.28242483 2.3296864 1.84413182
v 0.25006768 2.2675991 1.77983379
v 0.18381969 2.22203993 1.42454838
v 0.17305077 2.10205125 1.45042622
v 0.27990356 2.78789854 1.82567644
v 0.30071869 3.00615286 1.3852514
v 0.1910991 3.05342817 1.39838898
v 1.07803654 3.27499866 -0.63364261
v 0.87548244 3.12537312 -0.20530165
v 0.86040192 3.35849237 -0.1436049
v -0.17752336 2.13274574 1.48177564
v -0.1957793 2.17443394 1.58231997
v -0.2708694 2.14819741 1.57118797
v -0.26080742 2.00876903 1.59640574
v -0.18806314 2.17355227 1.47325265
v -0.18562778 2.17937898 1.54239118
v -0.17309278 2.14948272 1.55102813
v -0.14078174 2.10943079 1.57133531
v -0.13527323 2.09882664 1.53506267
v -0.13509917 2.08037257 1.51224923
v -0.17853398 2.10382866 1.46295344
v -0.20331445 2.2047944 1.54103744
v -0.21186113 2.18402242 1.59271717
v -0.18415111 2.14829158 1.593189
v -0.20314684 2.14340829 1.61754536
v -0.27562984 2.14807891 1.54396772
v -0.28565892 2.09511542 1.56221485
v -0.27709892 2.10974979 1.59547781
v -0.26307734 2.17014241 1.57983458
v -0.2615433 2.17958545 1.54021561
v -0.27045941 2.12392497 1.61988794
v -0.25196 2.03217673 1.63384008
v -0.24058327 1.96838188 1.57817006
v -0.14501953 1.9334799 1.66727399
v -0.15347118 1.95319366 1.68927538
v -0.15470026 1.97116041 1.70225727
v -0.29923149 2.03281831 1.49428856
v -0.28973886 1.99703145 1.48839318
v -0.32349684 2.01387929 1.38894939
v -0.30995953 1.99160683 1.38183057
v -0.27572554 1.97448337 1.47762084
v -0.2218168 1.94623553 1.56062531
v -0.3317185 2.04293942 1.39480304
v -0.35451823 2.04354643 1.27820241
v -0.34741959 2.02117228 1.27385687
v -0.30309477 2.0890851 1.49618458
v -0.33481213 2.0826857 1.39420652
v -0.35381868 2.06799554 1.27931261
v -0.37195915 2.09054517 1.16706824
v -0.36975231 2.06955742 1.15917277
v -0.33190771 2.11833572 1.38511097
v -0.34559285 2.09281444 1.27677941
v -0.36191892 2.11131691 1.17346847
v -0.35740321 2.15525031 1.05580055
v -0.36376297 2.13430333 1.04692173
v -0.33053231 2.11534619 1.27197921
v -0.34422025 2.12803769 1.17653846
v -0.34030002 2.16961169 1.06465911
v -0.30529904 2.207237 0.94677007
v -0.32062089 2.19283819 0.93384915
v -0.32245439 2.14040255 1.17740845
v -0.31766954 2.17874312 1.07201314
v -0.28411325 2.21428966 0.95886117
v -0.22211715 2.25178957 0.86265659
v -0.23919606 2.24657869 0.84209734
v -0.29254353 2.18081188 1.07676959
v -0.25997972 2.2125945 0.96990704
v -0.19981093 2.24691844 0.88374668
v -0.11519965 2.29717111 0.82950103
v -0.12956349 2.30498266 0.80059063
v -0.23305855 2.2014153 0.98038679
v -0.17577752 2.23272347 0.9019863
v -0.0971426 2.2783792 0.85561901
v 0 2.2988553 0.84707248
v 0 2.32434511 0.8209877
v -0.15158505 2.21095681 0.91708856
v -0.07610689 2.24670434 0.87808173
v 0 2.27106809 0.86435848
v -0.06047409 2.20838189 0.89154428
v 0 2.21779322 0.88423389
v -0.05420778 2.17057466 0.89376145
v 0 2.17212915 0.88691401
v -0.05449216 2.14064741 0.88523441
v 0 2.14218473 0.87638336
v -0.05909484 2.11673975 0.86826294
v 0 2.11905932 0.85896039
v -0.06717828 2.0996623 0.84384286
v 0 2.10235023 0.833453
v -0.07891942 2.0929687 0.81315249
v 0 2.09681654 0.80096453
v -0.09289728 2.09845495 0.78171533
v 0 2.10181403 0.76520568
v -0.10790036 2.11606812 0.75314569
v 0 2.11960697 0.72890609
v -0.12326037 2.14643359 0.72841954
v 0 2.15188336 0.69675028
v -0.13576972 2.1861751 0.71324461
v 0 2.19579815 0.67604029
v -0.14416208 2.22508978 0.71201121
v 0 2.2426939 0.67078173
v -0.14706143 2.25983738 0.72315573
v 0 2.28688406 0.68200653
v -0.1449716 2.28695893 0.74446165
v 0 2.32364702 0.70831531
v -0.13848705 2.30208706 0.77188831
v 0 2.34372949 0.75096303
v 0 2.34092927 0.78904569
v -0.25039145 2.23271679 0.82376319
v -0.25483727 2.20975327 0.80993521
v -0.32650953 2.17018699 0.92334175
v -0.25120139 2.18260908 0.80350053
v -0.32232171 2.14566898 0.91769897
v -0.35937097 2.11138987 1.03995835
v -0.30984374 2.11973524 0.9177643
v -0.3465456 2.09006619 1.0358746
v -0.3584809 2.05124354 1.15218758
v -0.32858061 2.07083368 1.03496122
v -0.34075745 2.03561615 1.14712917
v -0.33230307 2.00230455 1.2675693
v -0.31920692 2.02415013 1.14482975
v -0.31135943 1.99029696 1.26189768
v -0.29006901 1.97861623 1.3749665
v -0.28594791 1.98696899 1.25786232
v -0.26765888 1.97794735 1.36966085
v -0.23456606 1.96442616 1.45188891
v -0.25628978 1.96257817 1.46443891
v -0.17879617 1.93917405 1.52011072
v -0.20077833 1.93595135 1.54072141
v -0.09876477 1.9232856 1.58178353
v -0.11530809 1.91480898 1.6121732
v -0.13176555 1.91895735 1.64057385
v 0 1.90694451 1.63644611
v 0 1.90527617 1.67253959
v 0 1.91256403 1.70639491
v 0 1.927809 1.73611807
v 0 1.95857429 1.76133716
v 0 2.00085902 1.76256012
v -0.14878895 1.99715459 1.70971763
v -0.24041102 2.04646468 1.64770305
v 0 2.02636098 1.74336504
v -0.13767811 2.0224204 1.7021743
v -0.21704123 2.06523895 1.65424871
v -0.25040197 2.13364672 1.63425314
v -0.12302481 2.04083442 1.68390226
v -0.19342397 2.08015084 1.64586734
v -0.22560399 2.139467 1.63079512
v -0.23189204 2.19110512 1.59713745
v -0.25254583 2.18672776 1.59293198
v -0.17148277 2.09257602 1.62816023
v -0.10679294 2.05537343 1.65987503
v -0.09062594 2.06768822 1.62748026
v -0.15302218 2.10395503 1.6031785
v -0.07976219 2.07502937 1.59612691
v 0 2.06354141 1.65482175
v 0 2.0691719 1.61384081
v 0 2.06514763 1.58176946
v -0.07267297 2.07275533 1.56599009
v 0 2.05063223 1.5595473
v -0.06964352 2.05861473 1.54404687
v 0 2.02784538 1.54763734
v -0.06951911 2.03414917 1.53079271
v -0.13601811 2.05140304 1.49509882
v -0.18252901 2.066154 1.44847846
v -0.071749 2.00568628 1.52838575
v -0.13945692 2.01707005 1.48819494
v -0.18822474 2.03139615 1.44111824
v -0.21777425 2.03879904 1.36876273
v -0.2095706 2.07108283 1.36884903
v -0.1469023 1.98333525 1.49175381
v -0.19936612 2.00170707 1.43931365
v -0.22973296 2.01174378 1.36725533
v -0.24069412 2.0140326 1.26051378
v -0.22778001 2.03725743 1.26307129
v -0.21418768 1.97908818 1.44260895
v -0.2462095 1.99009573 1.36699354
v -0.26017618 1.99572992 1.25765526
v -0.27000844 2.02362275 1.14863121
v -0.25045284 2.03630566 1.15356743
v -0.29430589 2.0189774 1.14523708
v -0.28256288 2.04636287 1.04131901
v -0.25861471 2.04749918 1.04836916
v -0.30682349 2.05515623 1.03679502
v -0.26987803 2.07761931 0.92917788
v -0.24645009 2.06643223 0.93986415
v -0.29195243 2.09688639 0.92132467
v -0.22326199 2.12173152 0.81381273
v -0.20307987 2.09754824 0.82796454
v -0.24070866 2.15261435 0.80485409
v -0.18143582 2.0833044 0.84635651
v -0.16029244 2.08005857 0.86752104
v -0.2230755 2.06516695 0.95284271
v -0.14192727 2.08807396 0.88873887
v -0.20253266 2.07432174 0.96673387
v -0.23814679 2.05811262 1.05678451
v -0.18728941 2.09159898 0.97968375
v -0.22316367 2.07568836 1.06524109
v -0.23677669 2.05440926 1.15897059
v -0.21516938 2.09721207 1.07238602
v -0.22924405 2.07562446 1.16419851
v -0.22159087 2.06257534 1.26418578
v -0.22905978 2.09642648 1.1683731
v -0.2216241 2.08705306 1.26313865
v -0.20659574 2.10502672 1.36469733
v -0.22887907 2.10976982 1.26066315
v -0.20870021 2.12580013 1.36196339
v -0.24525697 2.12917065 1.25868535
v -0.22304675 2.15533375 1.35615992
v -0.26614892 2.13945746 1.25882709
v -0.2439714 2.17049622 1.35199773
v -0.21045081 2.1990695 1.4644643
v -0.27188205 2.17633628 1.35403239
v -0.23657287 2.2022109 1.46517264
v -0.22659398 2.2132585 1.53954911
v -0.26079213 2.19073104 1.47103655
v -0.24722628 2.20047688 1.54001057
v -0.27862441 2.17192769 1.47970378
v -0.31937328 2.14597773 1.37378442
v -0.29346278 2.14010715 1.48984205
v -0.29938188 2.16632771 1.36293137
v -0.31192699 2.13154363 1.26657891
v -0.28923761 2.14005494 1.26161348
v -0.29770728 2.14647126 1.1769011
v -0.27396482 2.14437818 1.17572593
v -0.26573532 2.1755228 1.07937574
v -0.25294417 2.13377594 1.17409789
v -0.24182823 2.16295456 1.08092653
v -0.20899416 2.18454217 0.9889456
v -0.23717062 2.11710667 1.17179405
v -0.2242573 2.1441493 1.08056569
v -0.19067378 2.16377544 0.99450224
v -0.13286362 2.18532943 0.92655235
v -0.215456 2.12104725 1.07753908
v -0.18016484 2.13984966 0.99549537
v -0.12266098 2.15761232 0.92861163
v -0.17891848 2.11442017 0.99029904
v -0.12120956 2.13010883 0.92217499
v -0.12787568 2.10634732 0.90849793
v -0.15968664 1.95681881 1.50292849
v -0.07647557 1.97503411 1.53620433
v -0.08510176 1.94546937 1.55415737
v 0 1.9714415 1.55444777
v 0 1.94236135 1.57280087
v 0 1.91936945 1.60170185
v 0 2.0007286 1.54639434
v 0 2.05085635 1.69899869
v 0 2.04281997 1.71904003
v -0.23398773 2.17896437 1.72057437
v -0.15072563 2.37688732 1.76547193
v -0.16924811 2.15916252 1.69718802
v -0.13526773 2.251091 1.57720518
v -0.2230073 2.16311764 1.71547031
v -0.2060018 2.18408751 1.75384628
v -0.22618196 2.20120024 1.74962174
v -0.2415798 2.22810983 1.7360109
v -0.24638575 2.19468331 1.7039591
v -0.23725739 2.17486858 1.68512809
v -0.12621669 2.4163146 1.74852228
v -0.22365443 2.44492363 1.6649847
v -0.24096341 2.41923403 1.66997563
v 0 2.38833069 1.80258333
v 0 2.42238879 1.78114783
v -0.13164492 2.32810759 1.80189502
v 0 2.34906935 1.81696081
v -0.26271405 2.37923121 1.66347551
v -0.22529991 2.31713128 1.74052333
v -0.21198351 2.27429628 1.77257823
v -0.18373026 2.15353989 1.70692145
v -0.19939069 2.15275621 1.66777312
v -0.17525489 2.15706872 1.66848921
v -0.14839842 2.17454147 1.67155277
v -0.15216948 2.17737865 1.70774161
v -0.16547206 2.17701387 1.73228788
v -0.11703664 2.21183586 1.63350701
v -0.15506911 2.1861763 1.62970936
v -0.17351797 2.2296915 1.57232213
v -0.05946706 2.26152825 1.6211512
v -0.06106289 2.24225473 1.65154731
v -0.12740309 2.29385924 1.5628581
v -0.05982101 2.29439711 1.60547411
v -0.06141265 2.33646106 1.6034193
v 0 2.33762455 1.61752903
v 0 2.29939866 1.61859154
v 0 2.26799798 1.63459909
v -0.12439936 2.33915185 1.55921423
v -0.12583804 2.38376522 1.56701171
v -0.0630474 2.37785506 1.61368322
v -0.18883217 2.31607031 1.46984791
v -0.18102578 2.35480499 1.47417128
v -0.18086992 2.39753246 1.483132
v -0.18797479 2.43234753 1.49396503
v -0.13304768 2.41862988 1.58046567
v -0.21225184 2.37353706 1.37510287
v -0.21231296 2.41477417 1.38323652
v -0.21902465 2.4492917 1.39171564
v -0.23142263 2.47776126 1.40006744
v -0.20037443 2.45952677 1.50564551
v -0.22084 2.43376588 1.28056609
v -0.22758138 2.46885967 1.28715109
v -0.23981708 2.49786329 1.29236674
v -0.25735023 2.52032518 1.29624009
v -0.24896675 2.49923825 1.40765118
v -0.21565219 2.49011826 1.18330764
v -0.22821784 2.51979732 1.1853559
v -0.24604313 2.54244828 1.18517005
v -0.27018845 2.55553555 1.18222451
v -0.28182026 2.53366446 1.29817295
v -0.19412851 2.54144954 1.08429765
v -0.21291561 2.56475114 1.07918512
v -0.23638191 2.57750344 1.07066273
v -0.26188042 2.57682418 1.05933284
v -0.29691338 2.55428791 1.17634284
v -0.15712262 2.58367085 0.98837149
v -0.17832224 2.59652352 0.97256463
v -0.20087042 2.59710073 0.95419126
v -0.22126373 2.58527112 0.93675988
v -0.28351143 2.5631721 1.04797506
v -0.09513298 2.61011529 0.90264201
v -0.11078988 2.61270117 0.87509107
v -0.12588794 2.6037209 0.84895503
v -0.13925886 2.5828793 0.82433015
v -0.23792275 2.5636909 0.92141586
v 0 2.62005138 0.85374075
v 0 2.61595511 0.82001835
v 0 2.59906315 0.78574228
v 0 2.56656837 0.75536125
v -0.14778856 2.55181145 0.80297672
v -0.15180353 2.50765752 0.78855913
v -0.25513285 2.4871366 0.89609265
v -0.25029423 2.53110981 0.9076206
v 0 2.51602411 0.735031
v 0 2.46368408 0.73509323
v -0.14815883 2.46072936 0.78553652
v -0.1397501 2.42267561 0.79376107
v -0.23788389 2.4058659 0.89102131
v -0.25026246 2.44184494 0.89027887
v 0 2.42170143 0.75120371
v 0 2.39268326 0.7768355
v -0.1261284 2.39450955 0.80937129
v -0.11150334 2.37694001 0.83027428
v -0.20100085 2.36185717 0.90903621
v -0.22142051 2.3799057 0.89720153
v 0 2.37672829 0.80729633
v 0 2.3712399 0.83941578
v -0.09538718 2.36893487 0.85720461
v -0.08042062 2.37290263 0.88762378
v -0.15670751 2.36160755 0.94635963
v -0.17807684 2.35532879 0.9263007
v 0 2.37670874 0.87129515
v 0 2.39127421 0.90057766
v -0.06943187 2.38793969 0.91559678
v -0.06225439 2.41261339 0.93938541
v -0.12567889 2.40628051 0.98507988
v -0.13827125 2.37976193 0.9677937
v 0 2.41391801 0.92439079
v 0 2.4518609 0.94777387
v -0.05860057 2.45000624 0.95980149
v -0.05859092 2.49798822 0.9682489
v -0.11794949 2.48888039 1.00753021
v -0.11772333 2.443789 0.99925708
v 0 2.5009098 0.95552504
v 0 2.54483795 0.9480915
v -0.06201313 2.54059076 0.9628573
v -0.0694556 2.57173919 0.94950324
v -0.13886322 2.55956721 1.00122797
v -0.1259216 2.52877473 1.00776803
v 0 2.57386183 0.93406736
v 0 2.59729385 0.91213119
v -0.08040281 2.59551882 0.92907714
v 0 2.61318564 0.88489031
v -0.18080951 2.51103925 1.08574008
v -0.17312747 2.47316217 1.08268857
v -0.2082926 2.45397734 1.17858946
v -0.2085388 2.41211319 1.17057776
v -0.1731266 2.43018794 1.07457268
v -0.21572497 2.37634539 1.16155087
v -0.18066798 2.39375209 1.06353342
v -0.22811092 2.34825611 1.15259337
v -0.19365285 2.36566805 1.05093932
v -0.24646978 2.32690882 1.14388978
v -0.21313624 2.34563493 1.03702271
v -0.27133819 2.31637215 1.13627326
v -0.23690006 2.3369956 1.02436089
v -0.298076 2.32063317 1.13135778
v -0.2620784 2.34227514 1.01436328
v -0.32019105 2.33782291 1.1302526
v -0.28398132 2.35955786 1.00866019
v -0.33614379 2.36313509 1.1324507
v -0.30045175 2.3850758 1.00756955
v -0.34697282 2.39695549 1.13741099
v -0.31202191 2.41969084 1.01046001
v -0.3511154 2.44134402 1.14536857
v -0.31670731 2.4645555 1.01770043
v -0.34625682 2.48412966 1.15407931
v -0.31174761 2.5083251 1.02757859
v -0.33520278 2.51571536 1.16175854
v -0.29995876 2.54041028 1.0375899
v -0.31907269 2.53908515 1.16915595
v -0.34725332 2.49168753 1.28876853
v -0.33123445 2.51563978 1.29368519
v -0.30896675 2.53158497 1.2971673
v -0.32187423 2.4926505 1.4183191
v -0.29955175 2.50855231 1.41812169
v -0.27303901 2.51114988 1.41422426
v -0.2675468 2.485394 1.53882467
v -0.24219355 2.48923182 1.52962625
v -0.2190466 2.47927308 1.51818049
v -0.18219673 2.4690864 1.63668716
v -0.1616809 2.46200013 1.61664569
v -0.14470195 2.44417977 1.59684968
v -0.08360024 2.44559335 1.67831337
v -0.07358875 2.43222904 1.65324151
v -0.06700359 2.41037058 1.63226735
v 0 2.42922759 1.67019856
v 0 2.40968513 1.64904129
v 0 2.37728047 1.62863552
v 0 2.44168138 1.69632387
v -0.09677575 2.44850063 1.70603799
v 0 2.44593238 1.72468924
v -0.11065197 2.4376204 1.73066544
v 0 2.43980932 1.75365352
v -0.20451171 2.46239638 1.65448784
v -0.2885921 2.47030091 1.54428374
v -0.30458703 2.44867634 1.54428005
v -0.33797237 2.46945214 1.41580939
v -0.34949451 2.43827629 1.41089475
v -0.31786659 2.41930747 1.53933715
v -0.35817819 2.46021866 1.2825104
v -0.36306256 2.4178543 1.27427828
v -0.35503926 2.39557576 1.40299069
v -0.35159975 2.35087561 1.39383328
v -0.32382604 2.32910323 1.51700294
v -0.32608455 2.37439298 1.52957773
v -0.35937625 2.37395095 1.26592481
v -0.34885838 2.34004545 1.25961601
v -0.34092164 2.31647992 1.38598835
v -0.32540875 2.29160237 1.37903392
v -0.29612588 2.26771998 1.49643075
v -0.31302449 2.2936418 1.50614643
v -0.33351591 2.31506252 1.25505518
v -0.31157863 2.29738426 1.25206649
v -0.30290743 2.27459406 1.37230026
v -0.27545362 2.2716794 1.367226
v -0.24446955 2.25094008 1.47714889
v -0.27237203 2.25194454 1.48616039
v -0.28387433 2.29335641 1.25187087
v -0.25829672 2.30606293 1.25489544
v -0.25024902 2.28460335 1.36546492
v -0.23213723 2.3073678 1.36654412
v -0.20174573 2.28447604 1.47166037
v -0.22046233 2.26392841 1.47180187
v -0.24012661 2.328408 1.25961613
v -0.22784183 2.35737872 1.26555955
v -0.21941952 2.33733916 1.36965549
v -0.22088746 2.39299345 1.27267217
v -0.20053874 2.22525954 1.57059204
v -0.18341708 2.18043279 1.62528753
v -0.20969151 2.18501567 1.62734246
v -0.23001678 2.22730183 1.57599568
v -0.23392655 2.19556164 1.63795411
v -0.2541486 2.2398355 1.58655726
v -0.2527495 2.21306181 1.65482449
v -0.27224063 2.26230764 1.60073781
v -0.26150232 2.23816609 1.67767691
v -0.28273388 2.2930212 1.61848139
v -0.25522333 2.27225422 1.70726907
v -0.28085261 2.33451175 1.64136731
v -0.22233566 2.16155052 1.67316567
v -0.20413747 2.15380072 1.71266281
v -0.18480834 2.17707943 1.74773407
v -0.13962018 2.20862937 1.75068974
v -0.15849998 2.21598911 1.77552783
v -0.17867183 2.22874808 1.78803157
v -0.09254436 2.25550723 1.79616916
v -0.1055383 2.2773199 1.81436312
v -0.11898674 2.30170798 1.81661784
v -0.19777372 2.24812531 1.78684496
v 0 2.28892731 1.81738948
v 0 2.31659364 1.82582974
v 0 2.26666212 1.79862678
v -0.08127494 2.23911809 1.76917266
v 0 2.24846172 1.77301132
v -0.07102937 2.23050499 1.73452079
v 0 2.23827815 1.7421894
v -0.06445889 2.23265147 1.69252395
v 0 2.2398231 1.70027887
v 0 2.25120782 1.662009
v -0.11564654 2.2052865 1.67684721
v -0.12462981 2.20672226 1.71897268
v 0.17752336 2.13274574 1.48177564
v 0.1957793 2.17443394 1.58231997
v 0.2708694 2.14819741 1.57118797
v 0.26080742 2.00876903 1.59640574
v 0.18806314 2.17355227 1.47325265
v 0.18562778 2.17937898 1.54239118
v 0.17309278 2.14948272 1.55102813
v 0.14078174 2.10943079 1.57133531
v 0.13527323 2.09882664 1.53506267
v 0.13509917 2.08037257 1.51224923
v 0.17853398 2.10382866 1.46295344
v 0.20331445 2.2047944 1.54103744
v 0.21186113 2.18402242 1.59271717
v 0.18415111 2.14829158 1.593189
v 0.20314684 2.14340829 1.61754536
v 0.27562984 2.14807891 1.54396772
v 0.28565892 2.09511542 1.56221485
v 0.27709892 2.10974979 1.59547781
v 0.26307734 2.17014241 1.57983458
v 0.2615433 2.17958545 1.54021561
v 0.27045941 2.12392497 1.61988794
v 0.25196 2.03217673 1.63384008
v 0.24058327 1.96838188 1.57817006
v 0.14501953 1.9334799 1.66727399
v 0.15347118 1.95319366 1.68927538
v 0.15470026 1.97116041 1.70225727
v 0.29923149 2.03281831 1.49428856
v 0.28973886 1.99703145 1.48839318
v 0.32349684 2.01387929 1.38894939
v 0.30995953 1.99160683 1.38183057
v 0.27572554 1.97448337 1.47762084
v 0.2218168 1.94623553 1.56062531
v 0.3317185 2.04293942 1.39480304
v 0.35451823 2.04354643 1.27820241
v 0.34741959 2.02117228 1.27385687
v 0.30309477 2.0890851 1.49618458
v 0.33481213 2.0826857 1.39420652
v 0.35381868 2.06799554 1.27931261
v 0.37195915 2.09054517 1.16706824
v 0.36975231 2.06955742 1.15917277
v 0.33190771 2.11833572 1.38511097
v 0.34559285 2.09281444 1.27677941
v 0.36191892 2.11131691 1.17346847
v 0.35740321 2.15525031 1.05580055
v 0.36376297 2.13430333 1.04692173
v 0.33053231 2.11534619 1.27197921
v 0.34422025 2.12803769 1.17653846
v 0.34030002 2.16961169 1.06465911
v 0.30529904 2.207237 0.94677007
v 0.32062089 2.19283819 0.93384915
v 0.32245439 2.14040255 1.17740845
v 0.31766954 2.17874312 1.07201314
v 0.28411325 2.21428966 0.95886117
v 0.22211715 2.25178957 0.86265659
v 0.23919606 2.24657869 0.84209734
v 0.29254353 2.18081188 1.07676959
v 0.25997972 2.2125945 0.96990704
v 0.19981093 2.24691844 0.88374668
v 0.11519965 2.29717111 0.82950103
v 0.12956349 2.30498266 0.80059063
v 0.23305855 2.2014153 0.98038679
v 0.17577752 2.23272347 0.9019863
v 0.0971426 2.2783792 0.85561901
v 0.15158505 2.21095681 0.91708856
v 0.07610689 2.24670434 0.87808173
v 0.06047409 2.20838189 0.89154428
v 0.05420778 2.17057466 0.89376145
v 0.05449216 2.14064741 0.88523441
v 0.05909484 2.11673975 0.86826294
v 0.06717828 2.0996623 0.84384286
v 0.07891942 2.0929687 0.81315249
v 0.09289728 2.09845495 0.78171533
v 0.10790036 2.11606812 0.75314569
v 0.12326037 2.14643359 0.72841954
v 0.13576972 2.1861751 0.71324461
v 0.14416208 2.22508978 0.71201121
v 0.14706143 2.25983738 0.72315573
v 0.1449716 2.28695893 0.74446165
v 0.13848705 2.30208706 0.77188831
v 0.25039145 2.23271679 0.82376319
v 0.25483727 2.20975327 0.80993521
v 0.32650953 2.17018699 0.92334175
v 0.25120139 2.18260908 0.80350053
v 0.32232171 2.14566898 0.91769897
v 0.35937097 2.11138987 1.03995835
v 0.30984374 2.11973524 0.9177643
v 0.3465456 2.09006619 1.0358746
v 0.3584809 2.05124354 1.15218758
v 0.32858061 2.07083368 1.03496122
v 0.34075745 2.03561615 1.14712917
v 0.33230307 2.00230455 1.2675693
v 0.31920692 2.02415013 1.14482975
v 0.31135943 1.99029696 1.26189768
v 0.29006901 1.97861623 1.3749665
v 0.28594791 1.98696899 1.25786232
v 0.26765888 1.97794735 1.36966085
v 0.23456606 1.96442616 1.45188891
v 0.25628978 1.96257817 1.46443891
v 0.17879617 1.93917405 1.52011072
v 0.20077833 1.93595135 1.54072141
v 0.09876477 1.9232856 1.58178353
v 0.11530809 1.91480898 1.6121732
v 0.13176555 1.91895735 1.64057385
v 0.14878895 1.99715459 1.70971763
v 0.24041102 2.04646468 1.64770305
v 0.13767811 2.0224204 1.7021743
v 0.21704123 2.06523895 1.65424871
v 0.25040197 2.13364672 1.63425314
v 0.12302481 2.04083442 1.68390226
v 0.19342397 2.08015084 1.64586734
v 0.22560399 2.139467 1.63079512
v 0.23189204 2.19110512 1.59713745
v 0.25254583 2.18672776 1.59293198
v 0.17148277 2.09257602 1.62816023
v 0.10679294 2.05537343 1.65987503
v 0.09062594 2.06768822 1.62748026
v 0.15302218 2.10395503 1.6031785
v 0.07976219 2.07502937 1.59612691
v 0.07267297 2.07275533 1.56599009
v 0.06964352 2.05861473 1.54404687
v 0.06951911 2.03414917 1.53079271
v 0.13601811 2.05140304 1.49509882
v 0.18252901 2.066154 1.44847846
v 0.071749 2.00568628 1.52838575
v 0.13945692 2.01707005 1.48819494
v 0.18822474 2.03139615 1.44111824
v 0.21777425 2.03879904 1.36876273
v 0.2095706 2.07108283 1.36884903
v 0.1469023 1.98333525 1.49175381
v 0.19936612 2.00170707 1.43931365
v 0.22973296 2.01174378 1.36725533
v 0.24069412 2.0140326 1.26051378
v 0.22778001 2.03725743 1.26307129
v 0.21418768 1.97908818 1.44260895
v 0.2462095 1.99009573 1.36699354
v 0.26017618 1.99572992 1.25765526
v 0.27000844 2.02362275 1.14863121
v 0.25045284 2.03630566 1.15356743
v 0.29430589 2.0189774 1.14523708
v 0.28256288 2.04636287 1.04131901
v 0.25861471 2.04749918 1.04836916
v 0.30682349 2.05515623 1.03679502
v 0.26987803 2.07761931 0.92917788
v 0.24645009 2.06643223 0.93986415
v 0.29195243 2.09688639 0.92132467
v 0.22326199 2.12173152 0.81381273
v 0.20307987 2.09754824 0.82796454
v 0.24070866 2.15261435 0.80485409
v 0.18143582 2.0833044 0.84635651
v 0.16029244 2.08005857 0.86752104
v 0.2230755 2.06516695 0.95284271
v 0.14192727 2.08807396 0.88873887
v 0.20253266 2.07432174 0.96673387
v 0.23814679 2.05811262 1.05678451
v 0.18728941 2.09159898 0.97968375
v 0.22316367 2.07568836 1.06524109
v 0.23677669 2.05440926 1.15897059
v 0.21516938 2.09721207 1.07238602
v 0.22924405 2.07562446 1.16419851
v 0.22159087 2.06257534 1.26418578
v 0.22905978 2.09642648 1.1683731
v 0.2216241 2.08705306 1.26313865
v 0.20659574 2.10502672 1.36469733
v 0.22887907 2.10976982 1.26066315
v 0.20870021 2.12580013 1.36196339
v 0.24525697 2.12917065 1.25868535
v 0.22304675 2.15533375 1.35615992
v 0.26614892 2.13945746 1.25882709
v 0.2439714 2.17049622 1.35199773
v 0.21045081 2.1990695 1.4644643
v 0.27188205 2.17633628 1.35403239
v 0.23657287 2.2022109 1.46517264
v 0.22659398 2.2132585 1.53954911
v 0.26079213 2.19073104 1.47103655
v 0.24722628 2.20047688 1.54001057
v 0.27862441 2.17192769 1.47970378
v 0.31937328 2.14597773 1.37378442
v 0.29346278 2.14010715 1.48984205
v 0.29938188 2.16632771 1.36293137
v 0.31192699 2.13154363 1.26657891
v 0.28923761 2.14005494 1.26161348
v 0.29770728 2.14647126 1.1769011
v 0.27396482 2.14437818 1.17572593
v 0.26573532 2.1755228 1.07937574
v 0.25294417 2.13377594 1.17409789
v 0.24182823 2.16295456 1.08092653
v 0.20899416 2.18454217 0.9889456
v 0.23717062 2.11710667 1.17179405
v 0.2242573 2.1441493 1.08056569
v 0.19067378 2.16377544 0.99450224
v 0.13286362 2.18532943 0.92655235
v 0.215456 2.12104725 1.07753908
v 0.18016484 2.13984966 0.99549537
v 0.12266098 2.15761232 0.92861163
v 0.17891848 2.11442017 0.99029904
v 0.12120956 2.13010883 0.92217499
v 0.12787568 2.10634732 0.90849793
v 0.15968664 1.95681881 1.50292849
v 0.07647557 1.97503411 1.53620433
v 0.08510176 1.94546937 1.55415737
v 0.23398773 2.17896437 1.72057437
v 0.15072563 2.37688732 1.76547193
v 0.16924811 2.15916252 1.69718802
v 0.13526773 2.251091 1.57720518
v 0.2230073 2.16311764 1.71547031
v 0.2060018 2.18408751 1.75384628
v 0.22618196 2.20120024 1.74962174
v 0.2415798 2.22810983 1.7360109
v 0.24638575 2.19468331 1.7039591
v 0.23725739 2.17486858 1.68512809
v 0.12621669 2.4163146 1.74852228
v 0.22365443 2.44492363 1.6649847
v 0.24096341 2.41923403 1.66997563
v 0.13164492 2.32810759 1.80189502
v 0.26271405 2.37923121 1.66347551
v 0.22529991 2.31713128 1.74052333
v 0.21198351 2.27429628 1.77257823
v 0.18373026 2.15353989 1.70692145
v 0.19939069 2.15275621 1.66777312
v 0.17525489 2.15706872 1.66848921
v 0.14839842 2.17454147 1.67155277
v 0.15216948 2.17737865 1.70774161
v 0.16547206 2.17701387 1.73228788
v 0.11703664 2.21183586 1.63350701
v 0.15506911 2.1861763 1.62970936
v 0.17351797 2.2296915 1.57232213
v 0.05946706 2.26152825 1.6211512
v 0.06106289 2.24225473 1.65154731
v 0.12740309 2.29385924 1.5628581
v 0.05982101 2.29439711 1.60547411
v 0.06141265 2.33646106 1.6034193
v 0.12439936 2.33915185 1.55921423
v 0.12583804 2.38376522 1.56701171
v 0.0630474 2.37785506 1.61368322
v 0.18883217 2.31607031 1.46984791
v 0.18102578 2.35480499 1.47417128
v 0.18086992 2.39753246 1.483132
v 0.18797479 2.43234753 1.49396503
v 0.13304768 2.41862988 1.58046567
v 0.21225184 2.37353706 1.37510287
v 0.21231296 2.41477417 1.38323652
v 0.21902465 2.4492917 1.39171564
v 0.23142263 2.47776126 1.40006744
v 0.20037443 2.45952677 1.50564551
v 0.22084 2.43376588 1.28056609
v 0.22758138 2.46885967 1.28715109
v 0.23981708 2.49786329 1.29236674
v 0.25735023 2.52032518 1.29624009
v 0.24896675 2.49923825 1.40765118
v 0.21565219 2.49011826 1.18330764
v 0.22821784 2.51979732 1.1853559
v 0.24604313 2.54244828 1.18517005
v 0.27018845 2.55553555 1.18222451
v 0.28182026 2.53366446 1.29817295
v 0.19412851 2.54144954 1.08429765
v 0.21291561 2.56475114 1.07918512
v 0.23638191 2.57750344 1.07066273
v 0.26188042 2.57682418 1.05933284
v 0.29691338 2.55428791 1.17634284
v 0.15712262 2.58367085 0.98837149
v 0.17832224 2.59652352 0.97256463
v 0.20087042 2.59710073 0.95419126
v 0.22126373 2.58527112 0.93675988
v 0.28351143 2.5631721 1.04797506
v 0.09513298 2.61011529 0.90264201
v 0.11078988 2.61270117 0.87509107
v 0.12588794 2.6037209 0.84895503
v 0.13925886 2.5828793 0.82433015
v 0.23792275 2.5636909 0.92141586
v 0.14778856 2.55181145 0.80297672
v 0.15180353 2.50765752 0.78855913
v 0.25513285 2.4871366 0.89609265
v 0.25029423 2.53110981 0.9076206
v 0.14815883 2.46072936 0.78553652
v 0.1397501 2.42267561 0.79376107
v 0.23788389 2.4058659 0.89102131
v 0.25026246 2.44184494 0.89027887
v 0.1261284 2.39450955 0.80937129
v 0.11150334 2.37694001 0.83027428
v 0.20100085 2.36185717 0.90903621
v 0.22142051 2.3799057 0.89720153
v 0.09538718 2.36893487 0.85720461
v 0.08042062 2.37290263 0.88762378
v 0.15670751 2.36160755 0.94635963
v 0.17807684 2.35532879 0.9263007
v 0.06943187 2.38793969 0.91559678
v 0.06225439 2.41261339 0.93938541
v 0.12567889 2.40628051 0.98507988
v 0.13827125 2.37976193 0.9677937
v 0.05860057 2.45000624 0.95980149
v 0.05859092 2.49798822 0.9682489
v 0.11794949 2.48888039 1.00753021
v 0.11772333 2.443789 0.99925708
v 0.06201313 2.54059076 0.9628573
v 0.0694556 2.57173919 0.94950324
v 0.13886322 2.55956721 1.00122797
v 0.1259216 2.52877473 1.00776803
v 0.08040281 2.59551882 0.92907714
v 0.18080951 2.51103925 1.08574008
v 0.17312747 2.47316217 1.08268857
v 0.2082926 2.45397734 1.17858946
v 0.2085388 2.41211319 1.17057776
v 0.1731266 2.43018794 1.07457268
v 0.21572497 2.37634539 1.16155087
v 0.18066798 2.39375209 1.06353342
v 0.22811092 2.34825611 1.15259337
v 0.19365285 2.36566805 1.05093932
v 0.24646978 2.32690882 1.14388978
v 0.21313624 2.34563493 1.03702271
v 0.27133819 2.31637215 1.13627326
v 0.23690006 2.3369956 1.02436089
v 0.298076 2.32063317 1.13135778
v 0.2620784 2.34227514 1.01436328
v 0.32019105 2.33782291 1.1302526
v 0.28398132 2.35955786 1.00866019
v 0.33614379 2.36313509 1.1324507
v 0.30045175 2.3850758 1.00756955
v 0.34697282 2.39695549 1.13741099
v 0.31202191 2.41969084 1.01046001
v 0.3511154 2.44134402 1.14536857
v 0.31670731 2.4645555 1.01770043
v 0.34625682 2.48412966 1.15407931
v 0.31174761 2.5083251 1.02757859
v 0.33520278 2.51571536 1.16175854
v 0.29995876 2.54041028 1.0375899
v 0.31907269 2.53908515 1.16915595
v 0.34725332 2.49168753 1.28876853
v 0.33123445 2.51563978 1.29368519
v 0.30896675 2.53158497 1.2971673
v 0.32187423 2.4926505 1.4183191
v 0.29955175 2.50855231 1.41812169
v 0.27303901 2.51114988 1.41422426
v 0.2675468 2.485394 1.53882467
v 0.24219355 2.48923182 1.52962625
v 0.2190466 2.47927308 1.51818049
v 0.18219673 2.4690864 1.63668716
v 0.1616809 2.46200013 1.61664569
v 0.14470195 2.44417977 1.59684968
v 0.08360024 2.44559335 1.67831337
v 0.07358875 2.43222904 1.65324151
v 0.06700359 2.41037058 1.63226735
v 0.09677575 2.44850063 1.70603799
v 0.11065197 2.4376204 1.73066544
v 0.20451171 2.46239638 1.65448784
v 0.2885921 2.47030091 1.54428374
v 0.30458703 2.44867634 1.54428005
v 0.33797237 2.46945214 1.41580939
v 0.34949451 2.43827629 1.41089475
v 0.31786659 2.41930747 1.53933715
v 0.35817819 2.46021866 1.2825104
v 0.36306256 2.4178543 1.27427828
v 0.35503926 2.39557576 1.40299069
v 0.35159975 2.35087561 1.39383328
v 0.32382604 2.32910323 1.51700294
v 0.32608455 2.37439298 1.52957773
v 0.35937625 2.37395095 1.26592481
v 0.34885838 2.34004545 1.25961601
v 0.34092164 2.31647992 1.38598835
v 0.32540875 2.29160237 1.37903392
v 0.29612588 2.26771998 1.49643075
v 0.31302449 2.2936418 1.50614643
v 0.33351591 2.31506252 1.25505518
v 0.31157863 2.29738426 1.25206649
v 0.30290743 2.27459406 1.37230026
v 0.27545362 2.2716794 1.367226
v 0.24446955 2.25094008 1.47714889
v 0.27237203 2.25194454 1.48616039
v 0.28387433 2.29335641 1.25187087
v 0.25829672 2.30606293 1.25489544
v 0.25024902 2.28460335 1.36546492
v 0.23213723 2.3073678 1.36654412
v 0.20174573 2.28447604 1.47166037
v 0.22046233 2.26392841 1.47180187
v 0.24012661 2.328408 1.25961613
v 0.22784183 2.35737872 1.26555955
v 0.21941952 2.33733916 1.36965549
v 0.22088746 2.39299345 1.27267217
v 0.20053874 2.22525954 1.57059204
v 0.18341708 2.18043279 1.62528753
v 0.20969151 2.18501567 1.62734246
v 0.23001678 2.22730183 1.57599568
v 0.23392655 2.19556164 1.63795411
v 0.2541486 2.2398355 1.58655726
v 0.2527495 2.21306181 1.65482449
v 0.27224063 2.26230764 1.60073781
v 0.26150232 2.23816609 1.67767691
v 0.28273388 2.2930212 1.61848139
v 0.25522333 2.27225422 1.70726907
v 0.28085261 2.33451175 1.64136731
v 0.22233566 2.16155052 1.67316567
v 0.20413747 2.15380072 1.71266281
v 0.18480834 2.17707943 1.74773407
v 0.13962018 2.20862937 1.75068974
v 0.15849998 2.21598911 1.77552783
v 0.17867183 2.22874808 1.78803157
v 0.09254436 2.25550723 1.79616916
v 0.1055383 2.2773199 1.81436312
v 0.11898674 2.30170798 1.81661784
v 0.19777372 2.24812531 1.78684496
v 0.08127494 2.23911809 1.76917266
v 0.07102937 2.23050499 1.73452079
v 0.06445889 2.23265147 1.69252395
v 0.11564654 2.2052865 1.67684721
v 0.12462981 2.20672226 1.71897268
v -0.71379226 2.88306832 0.85574859
v -0.22982677 3.09961319 0.93564826
v -0.51532316 3.16216611 0.73541182
v -0.62997376 2.88564324 0.66709834
v -0.34765571 3.10501194 0.66360324
v -0.47926861 2.86261963 0.62905842
v -0.7487086 2.93591666 0.85989493
v -0.72512495 2.94118523 0.74184352
v -0.6903162 2.87394332 0.77308911
v -0.66574055 2.86091947 0.95401817
v -0.70570302 2.92779159 1.0013504
v -0.62336236 2.8220117 0.86330205
v -0.29013162 3.1288228 0.98918426
v -0.2675206 3.07281541 1.04720377
v -0.19853362 3.05172443 0.94507533
v -0.18333187 3.03807544 0.83729749
v -0.22237524 3.10040688 0.85740512
v -0.299618 3.15386724 0.89420765
v -0.68858218 3.11997914 0.85269063
v -0.65832042 3.12981534 0.78889042
v -0.70324528 3.07437872 0.7483949
v -0.73127675 3.07578063 0.85636109
v -0.29926502 2.86552786 1.00944948
v -0.28050732 2.84506034 0.92802768
v -0.2057051 2.91179418 0.92499762
v -0.2640953 2.91990995 1.04266309
v -0.54388958 3.17233347 0.78492456
v -0.47762954 3.18523502 0.81603235
v -0.46720761 3.16610765 0.73772901
v -0.47135752 3.12867426 0.6624661
v -0.53775024 3.13287353 0.68164163
v -0.60158091 3.1349709 0.72396653
v -0.65455502 2.95035243 0.64337652
v -0.57020533 2.95470261 0.59166652
v -0.56039166 2.89530563 0.61639183
v -0.57552206 2.81658554 0.75615972
v -0.52678811 2.8347013 0.67866343
v -0.32390391 3.12688517 0.71436804
v -0.28006887 3.07666587 0.6825127
v -0.33597958 3.06854701 0.6332032
v -0.40250253 3.11967086 0.65922778
v -0.39854365 3.15918612 0.73541206
v -0.40597713 3.07317161 0.60990232
v -0.32580852 2.86052584 0.68096715
v -0.37707573 2.84877467 0.66650754
v -0.35955053 2.9021492 0.61660343
v -0.29577064 2.90188336 0.65698045
v -0.48317474 2.90340971 0.59368199
v -0.41983991 2.90268492 0.59778481
v -0.43253296 2.85062313 0.64634293
v -0.3860836 2.80868792 0.75929933
v -0.45839005 2.80613708 0.7374199
v -0.39089506 2.797719 0.85701435
v -0.48925226 2.79171443 0.83367055
v -0.39998048 2.81120562 0.9600318
v -0.52218431 2.80527806 0.94345957
v -0.40781301 2.85519719 1.06013846
v -0.55410343 2.85228347 1.04543697
v -0.40329414 2.92237615 1.12604057
v -0.57572537 2.92383647 1.11185407
v -0.40061599 3.00908231 1.14851868
v -0.5816859 3.01407361 1.13199949
v -0.71744006 3.01223826 1.01339364
v -0.56615793 3.09708404 1.0977838
v -0.69123804 3.08879828 0.9911434
v -0.758484 3.00948715 0.86158686
v -0.72912991 3.01115417 0.73792606
v -0.63899612 3.07880568 0.67148405
v -0.65746295 3.01539444 0.64564961
v -0.56063246 3.08008241 0.62578076
v -0.57163137 3.01627206 0.59440177
v -0.48210763 3.0783689 0.60740965
v -0.48983413 3.01755452 0.57602149
v -0.48980087 2.95711374 0.57293707
v -0.40966296 3.01588773 0.58031565
v -0.41401356 2.9573965 0.57669466
v -0.33162987 3.01539778 0.60767155
v -0.33988875 2.95863986 0.60086923
v -0.26361143 3.01913809 0.65807157
v -0.26878991 2.96094942 0.6490454
v -0.20938974 3.02753233 0.73634606
v -0.20927149 2.96300053 0.72614651
v -0.23919695 2.89924645 0.7283805
v -0.17698615 2.9692614 0.82714778
v -0.20550465 2.90230679 0.82308393
v -0.28014141 2.83664083 0.83758646
v -0.29950255 2.84291482 0.74642771
v -0.18451654 2.98178815 0.94166952
v -0.25310617 2.99646711 1.06400167
v -0.40265744 3.09223127 1.11438512
v -0.40555822 3.15219545 1.03549814
v -0.53777062 3.15602731 1.02242827
v -0.40282672 3.1822586 0.92604404
v -0.5034545 3.18635249 0.91829592
v -0.59100741 3.17074728 0.8623138
v -0.64356923 3.14274287 0.94157153
v -0.39720368 3.18020725 0.81979805
v -0.30577379 3.14803981 0.79499489
v -0.23824256 3.09053921 0.76046675
v 0.71379226 2.88306832 0.85574859
v 0.22982677 3.09961319 0.93564826
v 0.51532316 3.16216611 0.73541182
v 0.62997376 2.88564324 0.66709834
v 0.34765571 3.10501194 0.66360324
v 0.47926861 2.86261963 0.62905842
v 0.7487086 2.93591666 0.85989493
v 0.72512495 2.94118523 0.74184352
v 0.6903162 2.87394332 0.77308911
v 0.66574055 2.86091947 0.95401817
v 0.70570302 2.92779159 1.0013504
v 0.62336236 2.8220117 0.86330205
v 0.29013162 3.1288228 0.98918426
v 0.2675206 3.07281541 1.04720377
v 0.19853362 3.05172443 0.94507533
v 0.18333187 3.03807544 0.83729749
v 0.22237524 3.10040688 0.85740512
v 0.299618 3.15386724 0.89420765
v 0.68858218 3.11997914 0.85269063
v 0.65832042 3.12981534 0.78889042
v 0.70324528 3.07437872 0.7483949
v 0.73127675 3.07578063 0.85636109
v 0.29926502 2.86552786 1.00944948
v 0.28050732 2.84506034 0.92802768
v 0.2057051 2.91179418 0.92499762
v 0.2640953 2.91990995 1.04266309
v 0.54388958 3.17233347 0.78492456
v 0.47762954 3.18523502 0.81603235
v 0.46720761 3.16610765 0.73772901
v 0.47135752 3.12867426 0.6624661
v 0.53775024 3.13287353 0.68164163
v 0.60158091 3.1349709 0.72396653
v 0.65455502 2.95035243 0.64337652
v 0.57020533 2.95470261 0.59166652
v 0.56039166 2.89530563 0.61639183
v 0.57552206 2.81658554 0.75615972
v 0.52678811 2.8347013 0.67866343
v 0.32390391 3.12688517 0.71436804
v 0.28006887 3.07666587 0.6825127
v 0.33597958 3.06854701 0.6332032
v 0.40250253 3.11967086 0.65922778
v 0.39854365 3.15918612 0.73541206
v 0.40597713 3.07317161 0.60990232
v 0.32580852 2.86052584 0.68096715
v 0.37707573 2.84877467 0.66650754
v 0.35955053 2.9021492 0.61660343
v 0.29577064 2.90188336 0.65698045
v 0.48317474 2.90340971 0.59368199
v 0.41983991 2.90268492 0.59778481
v 0.43253296 2.85062313 0.64634293
v 0.3860836 2.80868792 0.75929933
v 0.45839005 2.80613708 0.7374199
v 0.39089506 2.797719 0.85701435
v 0.48925226 2.79171443 0.83367055
v 0.39998048 2.81120562 0.9600318
v 0.52218431 2.80527806 0.94345957
v 0.40781301 2.85519719 1.06013846
v 0.55410343 2.85228347 1.04543697
v 0.40329414 2.92237615 1.12604057
v 0.57572537 2.92383647 1.11185407
v 0.40061599 3.00908231 1.14851868
v 0.5816859 3.01407361 1.13199949
v 0.71744006 3.01223826 1.01339364
v 0.56615793 3.09708404 1.0977838
v 0.69123804 3.08879828 0.9911434
v 0.758484 3.00948715 0.86158686
v 0.72912991 3.01115417 0.73792606
v 0.63899612 3.07880568 0.67148405
v 0.65746295 3.01539444 0.64564961
v 0.56063246 3.08008241 0.62578076
v 0.57163137 3.01627206 0.59440177
v 0.48210763 3.0783689 0.60740965
v 0.48983413 3.01755452 0.57602149
v 0.48980087 2.95711374 0.57293707
v 0.40966296 3.01588773 0.58031565
v 0.41401356 2.9573965 0.57669466
v 0.33162987 3.01539778 0.60767155
v 0.33988875 2.95863986 0.60086923
v 0.26361143 3.01913809 0.65807157
v 0.26878991 2.96094942 0.6490454
v 0.20938974 3.02753233 0.73634606
v 0.20927149 2.96300053 0.72614651
v 0.23919695 2.89924645 0.7283805
v 0.17698615 2.9692614 0.82714778
v 0.20550465 2.90230679 0.82308393
v 0.28014141 2.83664083 0.83758646
v 0.29950255 2.84291482 0.74642771
v 0.18451654 2.98178815 0.94166952
v 0.25310617 2.99646711 1.06400167
v 0.40265744 3.09223127 1.11438512
v 0.40555822 3.15219545 1.03549814
v 0.53777062 3.15602731 1.02242827
v 0.40282672 3.1822586 0.92604404
v 0.5034545 3.18635249 0.91829592
v 0.59100741 3.17074728 0.8623138
v 0.64356923 3.14274287 0.94157153
v 0.39720368 3.18020725 0.81979805
v 0.30577379 3.14803981 0.79499489
v 0.23824256 3.09053921 0.76046675
g Group20448
f 1 46 47 48
f 1 48 49 50
f 1 50 51 46
f 2 52 53 54
f 2 55 56 52
f 2 54 57 55
f 3 58 59 60
f 3 61 62 58
f 3 60 63 61
f 64 65 66 67
f 4 68 69 70
f 4 71 72 68
f 4 70 73 71
f 74 75 76 77
f 5 78 79 80
f 5 80 81 82
f 5 82 83 78
f 6 84 85 86
f 6 87 88 84
f 6 86 76 89
f 6 89 90 91
f 6 92 93 87
f 7 94 95 96
f 7 97 98 94
f 7 96 99 97
f 8 100 101 102
f 8 103 104 100
f 8 102 105 103
f 9 106 107 108
f 9 108 109 110
f 9 110 111 106
f 10 112 113 114
f 10 115 116 117
f 10 117 118 112
f 11 119 120 121
f 11 121 122 123
f 11 123 124 119
f 12 125 126 127
f 12 128 129 125
f 12 130 131 128
f 12 127 132 133
f 12 133 134 130
f 13 135 17 136
f 120 137 135 13
f 13 136 121 120
f 14 138 139 140
f 14 140 141 142
f 14 143 144 145
f 14 145 146 138
f 14 142 147 143
f 15 104 148 149
f 15 149 150 151
f 15 151 100 104
f 16 152 153 154
f 156 157 152 16
f 16 154 155 156
f 17 135 158 159
f 17 160 161 19
f 18 162 163 164
f 18 165 166 162
f 18 167 168 165
f 19 169 136 17
f 20 170 171 22
f 20 172 173 170
f 20 22 174 172
f 21 175 176 177
f 21 178 179 175
f 21 180 181 178
f 21 182 183 180
f 21 177 184 182
f 22 171 185 186
f 23 187 188 189
f 23 190 191 187
f 23 189 192 190
f 24 193 194 195
f 24 195 196 188
f 24 188 187 193
f 25 197 27 198
f 25 199 200 197
f 25 201 202 199
f 26 203 204 205
f 26 205 206 207
f 26 208 209 210
f 26 210 211 203
f 26 207 212 208
f 27 197 213 214
f 27 214 215 198
f 28 216 217 218
f 28 218 219 220
f 28 220 221 216
f 29 222 223 224
f 29 225 226 222
f 29 224 227 225
f 30 228 229 230
f 31 231 232 233
f 31 233 234 235
f 31 235 236 237
f 32 238 239 240
f 242 243 238 32
f 32 240 241 242
f 33 244 229 228
f 33 245 246 244
f 34 247 248 249
f 34 249 250 251
f 34 251 252 253
f 34 254 255 247
f 35 256 240 257
f 35 257 258 259
f 35 259 260 256
f 36 261 38 262
f 245 263 261 36
f 36 262 246 245
f 37 264 265 266
f 37 267 268 264
f 37 266 269 267
f 270 271 272 273
f 38 274 275 276
f 38 276 277 278
f 38 261 271 274
f 39 265 279 280
f 39 280 275 281
f 39 281 266 265
f 40 282 283 284
f 286 287 282 40
f 40 284 285 286
f 41 288 289 290
f 41 290 291 292
f 41 293 294 295
f 41 292 296 293
f 42 297 298 299
f 42 284 283 297
f 42 299 300 301
f 42 302 303 284
f 42 301 304 302
f 43 305 306 307
f 43 278 277 305
f 43 308 309 278
f 43 310 311 308
f 43 307 312 310
f 44 313 314 315
f 44 315 316 317
f 44 317 318 313
f 45 319 320 321
f 45 321 322 323
f 45 323 324 319
f 325 326 323 322
f 326 327 328 329
f 326 329 324 323
f 329 328 330 331
f 329 331 332 324
f 332 333 319 324
f 332 331 334 335
f 332 335 336 333
f 336 337 338 333
f 336 335 339 340
f 336 340 341 337
f 341 340 342 343
f 343 342 344 345
f 345 344 346 347
f 347 346 348 349
f 349 348 350 351
f 351 350 352 353
f 353 352 354 355
f 355 354 356 357
f 357 356 358 359
f 356 354 360 361
f 356 361 362 358
f 361 360 363 364
f 361 364 298 362
f 364 363 365 366
f 364 366 299 298
f 366 365 367 368
f 366 368 300 299
f 367 365 369 370
f 370 369 371 372
f 372 371 373 374
f 374 373 375 376
f 376 375 377 378
f 378 377 379 380
f 380 379 381 382
f 382 381 383 384
f 384 383 330 385
f 385 330 328 386
f 386 328 327 387
f 383 334 331 330
f 383 381 388 334
f 388 339 335 334
f 388 381 379 389
f 388 389 390 339
f 390 342 340 339
f 390 389 391 392
f 390 392 344 342
f 392 391 393 394
f 392 394 346 344
f 394 393 395 396
f 394 396 348 346
f 396 395 397 398
f 396 398 350 348
f 398 397 399 400
f 398 400 352 350
f 400 399 363 360
f 400 360 354 352
f 399 397 371 369
f 399 369 365 363
f 397 395 373 371
f 395 393 375 373
f 393 391 377 375
f 391 389 379 377
f 338 320 319 333
f 318 401 402 313
f 402 403 314 313
f 402 401 404 405
f 402 405 406 403
f 406 407 408 403
f 406 405 409 410
f 406 410 411 407
f 411 412 413 407
f 411 410 414 415
f 411 415 416 412
f 416 417 418 412
f 416 415 419 420
f 416 420 421 417
f 421 422 423 417
f 421 420 424 425
f 421 425 426 422
f 426 427 428 422
f 426 425 255 254
f 426 254 429 427
f 429 430 431 427
f 429 254 34 253
f 429 253 432 430
f 432 433 434 430
f 432 253 252 435
f 432 435 436 433
f 436 437 438 433
f 436 435 439 440
f 436 440 441 437
f 441 442 443 437
f 441 440 444 445
f 441 445 446 442
f 446 447 448 442
f 446 445 449 450
f 446 450 451 447
f 451 452 453 447
f 451 450 454 455
f 451 455 456 452
f 456 457 458 452
f 456 455 459 460
f 456 460 461 457
f 461 462 463 457
f 461 460 464 465
f 461 465 466 462
f 466 467 468 462
f 466 465 469 470
f 466 470 471 467
f 471 472 473 467
f 471 470 474 475
f 471 475 476 472
f 476 477 478 472
f 476 475 479 480
f 476 480 481 477
f 481 482 483 477
f 481 480 484 485
f 481 485 486 482
f 486 487 488 482
f 486 485 489 490
f 486 490 491 487
f 491 492 493 487
f 491 490 494 495
f 491 495 496 492
f 496 497 498 492
f 496 495 499 500
f 496 500 501 497
f 501 502 503 497
f 501 500 504 505
f 501 505 506 502
f 506 507 508 502
f 506 505 509 510
f 506 510 511 507
f 511 512 513 507
f 511 510 221 220
f 511 220 219 512
f 513 514 515 516
f 513 516 508 507
f 513 512 517 514
f 517 518 519 514
f 517 512 219 227
f 517 227 224 518
f 519 520 521 522
f 519 522 515 514
f 519 518 523 520
f 523 524 525 520
f 523 518 224 223
f 523 223 526 524
f 526 527 528 524
f 526 223 222 529
f 526 529 530 527
f 530 531 532 527
f 530 529 533 534
f 530 534 535 531
f 535 195 194 531
f 535 534 536 537
f 535 537 196 195
f 537 536 538 539
f 537 539 540 196
f 540 539 541 542
f 540 542 192 189
f 540 189 188 196
f 542 541 543 544
f 542 544 545 192
f 545 544 546 547
f 545 547 548 549
f 545 549 190 192
f 549 548 550 551
f 549 551 191 190
f 551 550 552 553
f 551 553 554 191
f 554 553 555 556
f 554 556 194 193
f 554 193 187 191
f 556 555 557 532
f 556 532 531 194
f 557 555 558 559
f 557 559 560 528
f 557 528 527 532
f 560 559 561 562
f 560 562 563 525
f 560 525 524 528
f 563 562 564 565
f 563 565 566 521
f 563 521 520 525
f 566 565 567 568
f 566 568 569 570
f 566 570 522 521
f 570 569 571 572
f 570 572 515 522
f 572 571 573 574
f 572 574 516 515
f 574 573 575 576
f 574 576 508 516
f 576 575 577 503
f 576 503 502 508
f 577 575 578 579
f 577 579 580 498
f 577 498 497 503
f 580 579 581 582
f 580 582 583 493
f 580 493 492 498
f 583 582 584 585
f 583 585 586 488
f 583 488 487 493
f 586 585 587 588
f 586 588 589 483
f 586 483 482 488
f 589 588 590 591
f 589 591 592 478
f 589 478 477 483
f 592 591 593 594
f 592 594 595 473
f 592 473 472 478
f 595 594 596 597
f 595 597 598 468
f 595 468 467 473
f 598 597 599 600
f 598 600 601 463
f 598 463 462 468
f 601 600 602 603
f 601 603 604 458
f 601 458 457 463
f 604 603 605 606
f 604 606 607 453
f 604 453 452 458
f 607 606 608 609
f 607 609 610 448
f 607 448 447 453
f 610 609 180 183
f 610 183 611 443
f 610 443 442 448
f 611 183 182 612
f 611 612 613 438
f 611 438 437 443
f 613 612 614 615
f 613 615 616 434
f 613 434 433 438
f 616 615 617 618
f 616 618 619 431
f 616 431 430 434
f 619 618 620 621
f 619 621 622 428
f 619 428 427 431
f 622 621 623 624
f 622 624 625 423
f 622 423 422 428
f 625 624 626 627
f 625 627 628 418
f 625 418 417 423
f 628 627 629 630
f 628 630 631 413
f 628 413 412 418
f 631 630 632 633
f 631 633 634 408
f 631 408 407 413
f 634 633 635 636
f 634 636 315 314
f 634 314 403 408
f 636 635 637 638
f 636 638 316 315
f 637 635 639 640
f 640 639 641 642
f 642 641 643 644
f 644 643 645 646
f 646 645 647 648
f 648 647 649 650
f 650 649 312 651
f 651 312 307 652
f 653 306 654 655
f 655 654 656 657
f 657 656 658 659
f 659 658 660 661
f 661 660 662 663
f 663 662 664 665
f 665 664 666 667
f 667 666 668 669
f 669 668 670 671
f 671 670 672 673
f 673 672 674 675
f 672 670 676 677
f 672 677 678 674
f 678 161 160 674
f 678 677 679 680
f 678 680 681 161
f 681 169 19 161
f 681 680 682 683
f 681 683 684 169
f 684 685 136 169
f 684 683 686 687
f 684 687 688 685
f 688 689 122 685
f 688 687 690 691
f 688 691 692 689
f 692 693 694 689
f 692 691 695 696
f 692 696 697 693
f 697 698 699 693
f 697 696 700 701
f 697 701 92 698
f 701 700 702 703
f 701 703 93 92
f 703 702 704 705
f 703 705 706 93
f 706 707 87 93
f 706 705 708 709
f 706 709 710 707
f 710 711 712 707
f 710 709 713 714
f 710 714 715 711
f 715 63 60 711
f 713 709 708 716
f 716 708 717 718
f 718 717 719 720
f 720 719 721 722
f 722 721 723 724
f 724 723 725 726
f 726 725 126 727
f 727 126 125 728
f 728 125 129 729
f 729 129 730 731
f 731 730 732 733
f 733 732 734 735
f 735 734 736 737
f 737 736 738 739
f 739 738 740 741
f 741 740 742 743
f 743 742 744 745
f 745 744 746 747
f 747 746 748 749
f 749 748 750 751
f 751 750 752 753
f 753 752 754 755
f 755 754 756 757
f 757 756 758 759
f 759 758 760 761
f 761 760 762 763
f 763 762 764 765
f 765 764 766 767
f 767 766 138 146
f 766 764 768 769
f 766 769 139 138
f 769 768 770 771
f 769 771 772 139
f 772 771 773 774
f 772 774 185 775
f 772 775 140 139
f 775 185 171 776
f 775 776 141 140
f 776 171 170 777
f 776 777 778 141
f 778 777 779 780
f 778 780 111 781
f 778 781 142 141
f 781 111 110 782
f 781 782 147 142
f 782 110 109 783
f 782 783 784 147
f 784 783 785 786
f 784 786 787 788
f 784 788 143 147
f 788 787 789 790
f 788 790 144 143
f 789 787 791 792
f 792 791 793 794
f 794 793 795 796
f 796 795 797 798
f 798 797 799 800
f 800 799 801 802
f 802 801 803 804
f 804 803 302 304
f 803 801 805 806
f 803 806 303 302
f 806 805 807 808
f 806 808 809 303
f 809 808 810 811
f 809 811 812 285
f 809 285 284 303
f 812 811 813 814
f 812 814 815 816
f 812 816 286 285
f 816 815 817 818
f 816 818 819 286
f 819 820 287 286
f 819 818 821 822
f 819 822 823 820
f 823 824 825 820
f 823 822 826 827
f 823 827 828 824
f 828 829 830 824
f 828 827 831 832
f 828 832 833 829
f 833 834 835 829
f 833 832 836 837
f 833 837 838 834
f 838 172 174 834
f 838 837 839 840
f 838 840 173 172
f 840 839 841 842
f 840 842 779 173
f 842 841 843 844
f 842 844 780 779
f 844 843 107 106
f 844 106 111 780
f 843 841 845 846
f 843 846 847 107
f 847 846 848 849
f 847 849 850 851
f 847 851 108 107
f 851 850 852 853
f 851 853 109 108
f 853 852 854 785
f 853 785 783 109
f 854 852 112 118
f 854 118 855 856
f 854 856 786 785
f 856 855 793 791
f 856 791 787 786
f 855 118 117 857
f 855 857 795 793
f 857 117 116 858
f 857 858 797 795
f 858 116 859 860
f 858 860 799 797
f 860 859 807 805
f 860 805 801 799
f 859 116 115 861
f 859 861 862 807
f 862 861 863 864
f 862 864 865 810
f 862 810 808 807
f 865 864 866 867
f 865 867 868 813
f 865 813 811 810
f 868 867 869 870
f 868 870 871 872
f 868 872 814 813
f 872 871 873 874
f 872 874 815 814
f 874 873 875 876
f 874 876 817 815
f 876 875 877 878
f 876 878 879 817
f 879 821 818 817
f 879 878 880 881
f 879 881 882 821
f 882 826 822 821
f 882 881 883 884
f 882 884 885 826
f 885 831 827 826
f 885 884 886 887
f 885 887 888 831
f 888 836 832 831
f 888 887 889 890
f 888 890 891 836
f 891 839 837 836
f 891 890 892 845
f 891 845 841 839
f 892 890 889 893
f 892 893 894 848
f 892 848 846 845
f 894 893 895 896
f 894 896 897 898
f 894 898 849 848
f 898 897 114 113
f 898 113 850 849
f 897 896 899 900
f 897 900 901 114
f 901 900 902 903
f 901 903 904 905
f 901 905 10 114
f 905 904 906 907
f 905 907 115 10
f 907 906 908 863
f 907 863 861 115
f 908 906 909 910
f 908 910 911 866
f 908 866 864 863
f 911 910 912 913
f 911 913 914 869
f 911 869 867 866
f 914 913 915 916
f 914 916 917 918
f 914 918 870 869
f 918 917 919 920
f 918 920 871 870
f 920 919 921 922
f 920 922 873 871
f 922 921 923 924
f 922 924 875 873
f 924 923 925 926
f 924 926 877 875
f 926 925 927 928
f 926 928 929 877
f 929 880 878 877
f 929 928 930 931
f 929 931 932 880
f 932 883 881 880
f 932 931 933 934
f 932 934 935 883
f 935 886 884 883
f 935 934 936 937
f 935 937 938 886
f 938 889 887 886
f 938 937 939 895
f 938 895 893 889
f 939 937 936 940
f 939 940 941 899
f 939 899 896 895
f 941 940 942 943
f 941 943 944 902
f 941 902 900 899
f 944 943 945 946
f 944 946 947 948
f 944 948 903 902
f 948 947 949 950
f 948 950 904 903
f 950 949 951 909
f 950 909 906 904
f 951 949 952 953
f 951 953 954 912
f 951 912 910 909
f 954 953 955 956
f 954 956 957 915
f 954 915 913 912
f 957 956 958 959
f 957 959 960 961
f 957 961 916 915
f 961 960 962 963
f 961 963 917 916
f 963 962 964 965
f 963 965 919 917
f 965 964 966 967
f 965 967 921 919
f 967 966 968 969
f 967 969 923 921
f 969 968 970 971
f 969 971 925 923
f 971 970 972 973
f 971 973 927 925
f 973 972 974 975
f 973 975 976 927
f 976 930 928 927
f 976 975 977 978
f 976 978 979 930
f 979 933 931 930
f 979 978 980 981
f 979 981 982 933
f 982 936 934 933
f 982 981 983 942
f 982 942 940 936
f 983 981 980 984
f 983 984 985 945
f 983 945 943 942
f 985 984 986 987
f 985 987 988 989
f 985 989 946 945
f 989 988 990 991
f 989 991 947 946
f 991 990 992 952
f 991 952 949 947
f 992 990 993 994
f 992 994 995 955
f 992 955 953 952
f 995 994 996 997
f 995 997 998 958
f 995 958 956 955
f 998 997 999 1000
f 998 1000 1001 1002
f 998 1002 959 958
f 1002 1001 1003 1004
f 1002 1004 960 959
f 1004 1003 1005 1006
f 1004 1006 962 960
f 1006 1005 1007 1008
f 1006 1008 964 962
f 1008 1007 1009 1010
f 1008 1010 966 964
f 1010 1009 1011 1012
f 1010 1012 968 966
f 1012 1011 1013 1014
f 1012 1014 970 968
f 1014 1013 1015 1016
f 1014 1016 972 970
f 1016 1015 1017 1018
f 1016 1018 974 972
f 1018 1017 1019 1020
f 1018 1020 1021 974
f 1021 977 975 974
f 1021 1020 1022 1023
f 1021 1023 1024 977
f 1024 980 978 977
f 1024 1023 1025 986
f 1024 986 984 980
f 1025 1023 1022 1026
f 1025 1026 1027 1028
f 1025 1028 987 986
f 1028 1027 1029 1030
f 1028 1030 988 987
f 1030 1029 1031 993
f 1030 993 990 988
f 1031 1029 1032 1033
f 1031 1033 1034 996
f 1031 996 994 993
f 1034 1033 1035 1036
f 1034 1036 1037 999
f 1034 999 997 996
f 1037 1036 1038 1039
f 1037 1039 1040 1041
f 1037 1041 1000 999
f 1041 1040 1042 1043
f 1041 1043 1001 1000
f 1043 1042 1044 1045
f 1043 1045 1003 1001
f 1045 1044 1046 1047
f 1045 1047 1005 1003
f 1047 1046 1048 1049
f 1047 1049 1007 1005
f 1049 1048 1050 1051
f 1049 1051 1009 1007
f 1051 1050 1052 1053
f 1051 1053 1011 1009
f 1053 1052 1054 1055
f 1053 1055 1013 1011
f 1055 1054 1056 1057
f 1055 1057 1015 1013
f 1057 1056 1058 1059
f 1057 1059 1017 1015
f 1059 1058 1060 1061
f 1059 1061 1019 1017
f 1061 1060 1062 1063
f 1061 1063 1064 1019
f 1064 1022 1020 1019
f 1064 1063 1065 1066
f 1064 1066 1026 1022
f 1066 1065 1067 1068
f 1066 1068 1027 1026
f 1068 1067 1069 1032
f 1068 1032 1029 1027
f 1069 1067 1070 1071
f 1069 1071 1072 1035
f 1069 1035 1033 1032
f 1072 1071 1073 1074
f 1072 1074 1075 1038
f 1072 1038 1036 1035
f 1075 1074 1076 1077
f 1075 1077 1078 1079
f 1075 1079 1039 1038
f 1079 1078 1080 1081
f 1079 1081 1040 1039
f 1081 1080 1082 1083
f 1081 1083 1042 1040
f 1083 1082 1084 1085
f 1083 1085 1044 1042
f 1085 1084 1086 1087
f 1085 1087 1046 1044
f 1087 1086 1088 1089
f 1087 1089 1048 1046
f 1089 1088 1090 1091
f 1089 1091 1050 1048
f 1091 1090 1092 1093
f 1091 1093 1052 1050
f 1093 1092 1094 1095
f 1093 1095 1054 1052
f 1095 1094 1096 1097
f 1095 1097 1056 1054
f 1097 1096 1098 1099
f 1097 1099 1058 1056
f 1099 1098 1100 1101
f 1099 1101 1060 1058
f 1101 1100 1102 1103
f 1101 1103 1062 1060
f 1103 1102 1104 1105
f 1103 1105 1106 1062
f 1106 1065 1063 1062
f 1106 1105 1107 1070
f 1106 1070 1067 1065
f 1107 1105 1104 1108
f 1107 1108 1109 1073
f 1107 1073 1071 1070
f 1109 1108 1110 1111
f 1109 1111 1112 1076
f 1109 1076 1074 1073
f 1112 1111 1113 1114
f 1112 1114 1115 1116
f 1112 1116 1077 1076
f 1116 1115 201 1117
f 1116 1117 1078 1077
f 1117 201 25 1118
f 1117 1118 1080 1078
f 1118 25 198 1119
f 1118 1119 1082 1080
f 1119 198 215 1120
f 1119 1120 1084 1082
f 1120 215 1121 1122
f 1120 1122 1086 1084
f 1122 1121 1123 1124
f 1122 1124 1088 1086
f 1124 1123 207 206
f 1124 206 1090 1088
f 1123 1121 1125 1126
f 1123 1126 212 207
f 1126 1125 1127 1128
f 1126 1128 1129 212
f 1129 1128 1130 1131
f 1129 1131 1132 1133
f 1129 1133 208 212
f 1133 1132 151 150
f 1133 150 209 208
f 1132 1131 1134 101
f 1132 101 100 151
f 1134 1131 1130 1135
f 1134 1135 1136 1137
f 1134 1137 102 101
f 1137 1136 1138 1139
f 1137 1139 105 102
f 1139 1138 1140 1141
f 1139 1141 1142 105
f 1142 1143 103 105
f 1142 1141 1144 1145
f 1142 1145 1146 1143
f 1146 1147 148 1143
f 1146 1145 1148 1149
f 1146 1149 1150 1147
f 1150 1151 1152 1147
f 1150 1149 1153 1154
f 1150 1154 1155 1151
f 1155 211 210 1151
f 1155 1154 1156 1157
f 1155 1157 1158 211
f 1158 1159 203 211
f 1158 1157 1160 1161
f 1158 1161 1162 1159
f 1162 1163 1164 1159
f 1162 1161 1165 1166
f 1162 1166 1167 1163
f 1167 1100 1098 1163
f 1167 1166 1168 1169
f 1167 1169 1102 1100
f 1169 1168 1170 1171
f 1169 1171 1104 1102
f 1171 1170 1172 1110
f 1171 1110 1108 1104
f 1172 1170 1173 1174
f 1172 1174 1175 1113
f 1172 1113 1111 1110
f 1175 1174 1176 1177
f 1175 1177 1178 1179
f 1175 1179 1114 1113
f 1179 1178 1180 1181
f 1179 1181 1115 1114
f 1181 1180 1182 202
f 1181 202 201 1115
f 1182 1180 1183 1184
f 1182 1184 1185 1186
f 1182 1186 199 202
f 1186 1185 1187 1188
f 1186 1188 200 199
f 1188 1187 1189 1190
f 1188 1190 1191 200
f 1191 213 197 200
f 1191 1190 1192 1193
f 1191 1193 1127 213
f 1193 1192 1135 1130
f 1193 1130 1128 1127
f 1192 1190 1189 1194
f 1192 1194 1136 1135
f 1194 1189 1195 1196
f 1194 1196 1138 1136
f 1196 1195 1197 1198
f 1196 1198 1140 1138
f 1198 1197 73 70
f 1198 70 69 1140
f 1197 1195 1199 1200
f 1197 1200 1201 73
f 1201 1200 1202 67
f 1201 67 66 1203
f 1201 1203 71 73
f 1203 1204 72 71
f 1203 66 1205 1204
f 1205 1206 1207 1204
f 1205 66 65 1208
f 1205 1208 1209 1206
f 1209 1210 98 1211
f 1209 1211 1212 1206
f 1209 1208 1213 1210
f 1213 1214 1215 1210
f 1213 1208 65 1216
f 1213 1216 1217 1214
f 1217 1183 1218 1214
f 1217 1216 1219 1220
f 1217 1220 1184 1183
f 1220 1219 1202 1221
f 1220 1221 1185 1184
f 1221 1202 1200 1199
f 1221 1199 1187 1185
f 1219 1216 65 64
f 1219 64 67 1202
f 1218 1178 1177 1222
f 1218 1222 1215 1214
f 1218 1183 1180 1178
f 1222 1177 1176 95
f 1222 95 94 1215
f 1215 94 98 1210
f 1212 1223 1224 1225
f 1212 1225 1207 1206
f 1212 1211 1226 1223
f 1226 1227 1228 1223
f 1226 1211 98 97
f 1226 97 99 1227
f 1228 1160 1157 1156
f 1228 1156 1224 1223
f 1228 1227 1229 1160
f 1229 1165 1161 1160
f 1229 1227 99 1230
f 1229 1230 1231 1165
f 1231 1168 1166 1165
f 1231 1230 1232 1173
f 1231 1173 1170 1168
f 1232 1230 99 96
f 1232 96 95 1176
f 1232 1176 1174 1173
f 1225 1224 1153 1233
f 1225 1233 1234 1207
f 1234 1233 1148 1235
f 1234 1235 68 72
f 1234 72 1204 1207
f 1235 1148 1145 1144
f 1235 1144 69 68
f 1233 1153 1149 1148
f 1224 1156 1154 1153
f 1199 1195 1189 1187
f 1164 1096 1094 204
f 1164 204 203 1159
f 1164 1163 1098 1096
f 1152 209 150 149
f 1152 149 148 1147
f 1152 1151 210 209
f 1144 1141 1140 69
f 1143 148 104 103
f 1127 1125 214 213
f 1125 1121 215 214
f 1094 1092 205 204
f 1092 1090 206 205
f 852 850 113 112
f 835 1236 1237 1238
f 835 1238 830 829
f 835 834 174 1236
f 1238 1237 1239 1240
f 1238 1240 1241 830
f 1241 1240 1242 1243
f 1241 1243 1244 825
f 1241 825 824 830
f 1244 1243 1245 1246
f 1244 1246 282 287
f 1244 287 820 825
f 1246 1245 1247 1248
f 1246 1248 283 282
f 1248 1247 1249 1250
f 1248 1250 297 283
f 1247 1251 1252 1249
f 1247 1245 1253 1251
f 1253 1254 1255 1251
f 1253 1245 1243 1242
f 1253 1242 1256 1254
f 1256 1257 1258 1254
f 1256 1242 1240 1239
f 1256 1239 1259 1257
f 1259 1260 1261 1257
f 1259 1239 1237 1262
f 1259 1262 1263 1260
f 1263 1264 1265 1260
f 1263 1262 1266 1267
f 1263 1267 1268 1264
f 1268 1269 1270 1264
f 1268 1267 186 1271
f 1268 1271 1272 1269
f 1272 1273 1274 1269
f 1272 1271 774 773
f 1272 773 1275 1273
f 1275 1276 1277 1273
f 1275 773 771 770
f 1275 770 1278 1276
f 1278 1279 1280 1276
f 1278 770 768 1281
f 1278 1281 1282 1279
f 1282 1283 1284 1279
f 1282 1281 762 760
f 1282 760 758 1283
f 1284 1285 1286 1287
f 1284 1287 1280 1279
f 1284 1283 1288 1285
f 1288 1289 1290 1285
f 1288 1283 758 756
f 1288 756 754 1289
f 1290 1291 1292 1293
f 1290 1293 1286 1285
f 1290 1289 1294 1291
f 1294 1295 1296 1291
f 1294 1289 754 752
f 1294 752 750 1295
f 1296 1297 1298 1299
f 1296 1299 1292 1291
f 1296 1295 1300 1297
f 1300 83 82 1297
f 1300 1295 750 748
f 1300 748 746 83
f 1299 1298 1301 1302
f 1299 1302 1303 1292
f 1303 1302 1304 1305
f 1303 1305 162 166
f 1303 166 1293 1292
f 1305 1304 156 155
f 1305 155 163 162
f 1304 1302 1301 1306
f 1304 1306 1307 156
f 1307 1306 1308 1309
f 1307 1309 1310 1311
f 1307 1311 157 156
f 1311 1310 1312 1313
f 1311 1313 1314 157
f 1314 1313 1315 1316
f 1314 1316 1317 1318
f 1314 1318 152 157
f 1318 1317 1319 1320
f 1318 1320 153 152
f 1320 1319 605 1321
f 1320 1321 1322 153
f 1322 1323 154 153
f 1322 1321 602 1324
f 1322 1324 1325 1323
f 1325 1326 1327 1323
f 1325 1324 599 1328
f 1325 1328 1329 1326
f 1329 1330 1331 1326
f 1329 1328 596 1332
f 1329 1332 1333 1330
f 1333 1334 1335 1330
f 1333 1332 593 1336
f 1333 1336 1337 1334
f 1337 1338 1339 1334
f 1337 1336 590 1340
f 1337 1340 1341 1338
f 1341 1342 1343 1338
f 1341 1340 587 1344
f 1341 1344 1345 1342
f 1345 1346 1347 1342
f 1345 1344 584 1348
f 1345 1348 1349 1346
f 1349 1350 1351 1346
f 1349 1348 581 1352
f 1349 1352 1353 1350
f 1353 1354 1355 1350
f 1353 1352 578 1356
f 1353 1356 1357 1354
f 1357 1358 1359 1354
f 1357 1356 573 571
f 1357 571 569 1358
f 1359 1360 1361 1362
f 1359 1362 1355 1354
f 1359 1358 1363 1360
f 1363 1364 1365 1360
f 1363 1358 569 568
f 1363 568 567 1364
f 1365 1366 1367 1368
f 1365 1368 1361 1360
f 1365 1364 1369 1366
f 1369 1370 1371 1366
f 1369 1364 567 1372
f 1369 1372 1373 1370
f 1373 1374 1375 1370
f 1373 1372 564 1376
f 1373 1376 1377 1374
f 1377 1378 1379 1374
f 1377 1376 561 1380
f 1377 1380 1381 1378
f 1381 1382 1383 1378
f 1381 1380 558 552
f 1381 552 550 1382
f 1383 1384 1385 1386
f 1383 1386 1379 1378
f 1383 1382 1387 1384
f 1387 1388 1389 1384
f 1387 1382 550 548
f 1387 548 547 1388
f 1389 494 490 489
f 1389 489 1385 1384
f 1389 1388 1390 494
f 1390 499 495 494
f 1390 1388 547 546
f 1390 546 1391 499
f 1391 504 500 499
f 1391 546 544 543
f 1391 543 1392 504
f 1392 509 505 504
f 1392 543 541 1393
f 1392 1393 1394 509
f 1394 221 510 509
f 1394 1393 538 1395
f 1394 1395 216 221
f 1395 538 536 1396
f 1395 1396 217 216
f 1396 536 534 533
f 1396 533 226 217
f 1393 541 539 538
f 1386 1385 484 1397
f 1386 1397 1398 1379
f 1398 1397 479 1399
f 1398 1399 1400 1375
f 1398 1375 1374 1379
f 1400 1399 474 1401
f 1400 1401 1402 1371
f 1400 1371 1370 1375
f 1402 1401 469 1403
f 1402 1403 1404 1367
f 1402 1367 1366 1371
f 1404 1403 464 1405
f 1404 1405 1406 1407
f 1404 1407 1368 1367
f 1407 1406 1408 1409
f 1407 1409 1361 1368
f 1409 1408 1410 1411
f 1409 1411 1362 1361
f 1411 1410 1412 1413
f 1411 1413 1355 1362
f 1413 1412 1414 1351
f 1413 1351 1350 1355
f 1414 1412 1415 1416
f 1414 1416 1417 1347
f 1414 1347 1346 1351
f 1417 1416 1418 1419
f 1417 1419 1420 1343
f 1417 1343 1342 1347
f 1420 1419 1421 1422
f 1420 1422 1423 1339
f 1420 1339 1338 1343
f 1423 1422 1424 1425
f 1423 1425 1426 1335
f 1423 1335 1334 1339
f 1426 1425 1427 1428
f 1426 1428 1429 1331
f 1426 1331 1330 1335
f 1429 1428 1430 1431
f 1429 1431 1432 1327
f 1429 1327 1326 1331
f 1432 1431 164 163
f 1432 163 155 154
f 1432 154 1323 1327
f 1431 1430 1433 164
f 1433 1430 1434 1435
f 1433 1435 1436 1437
f 1433 1437 18 164
f 1437 1436 1438 1439
f 1437 1439 167 18
f 1439 1438 1440 1441
f 1439 1441 1442 167
f 1442 1441 1443 1444
f 1442 1444 1277 1445
f 1442 1445 168 167
f 1445 1277 1276 1280
f 1445 1280 1287 168
f 1444 1443 1446 1274
f 1444 1274 1273 1277
f 1446 1443 1447 1448
f 1446 1448 1449 1270
f 1446 1270 1269 1274
f 1449 1448 1450 1451
f 1449 1451 1452 1265
f 1449 1265 1264 1270
f 1452 1451 1453 1454
f 1452 1454 1455 1261
f 1452 1261 1260 1265
f 1455 1454 1456 1457
f 1455 1457 1458 1258
f 1455 1258 1257 1261
f 1458 1457 1459 1460
f 1458 1460 1461 1255
f 1458 1255 1254 1258
f 1461 1460 1462 1463
f 1461 1463 1464 1252
f 1461 1252 1251 1255
f 1464 1465 1249 1252
f 1462 1460 1459 1466
f 1466 1459 1467 1468
f 1468 1467 1469 1470
f 1470 1469 296 1471
f 1471 296 292 1472
f 1472 292 291 1473
f 1473 291 1474 1475
f 1475 1474 1476 1477
f 1477 1476 409 1478
f 1478 409 405 404
f 1476 414 410 409
f 1476 1474 1479 414
f 1479 419 415 414
f 1479 1474 291 290
f 1479 290 289 419
f 1469 1467 1456 1480
f 1469 1480 293 296
f 1480 1456 1454 1453
f 1480 1453 294 293
f 1467 1459 1457 1456
f 1453 1451 1450 294
f 1450 1481 295 294
f 1450 1448 1447 1481
f 1481 1482 1483 295
f 1481 1447 1440 1482
f 1483 1484 1485 288
f 1483 288 41 295
f 1483 1482 1486 1484
f 1486 248 247 1484
f 1486 1482 1440 1438
f 1486 1438 1436 248
f 1485 255 425 424
f 1485 424 289 288
f 1485 1484 247 255
f 1447 1443 1441 1440
f 1436 1435 249 248
f 1435 1434 250 249
f 1434 1427 1487 250
f 1434 1430 1428 1427
f 1487 1488 251 250
f 1487 1427 1425 1424
f 1487 1424 1489 1488
f 1489 1490 1491 1488
f 1489 1424 1422 1421
f 1489 1421 1492 1490
f 1492 1493 1494 1490
f 1492 1421 1419 1418
f 1492 1418 1495 1493
f 1495 1496 1497 1493
f 1495 1418 1416 1415
f 1495 1415 1498 1496
f 1498 1499 1500 1496
f 1498 1415 1412 1410
f 1498 1410 1408 1499
f 1500 454 450 449
f 1500 449 1497 1496
f 1500 1499 1501 454
f 1501 459 455 454
f 1501 1499 1408 1406
f 1501 1406 1405 459
f 1497 449 445 444
f 1497 444 1494 1493
f 1494 444 440 439
f 1494 439 1491 1490
f 1491 439 435 252
f 1491 252 251 1488
f 1405 464 460 459
f 1403 469 465 464
f 1401 474 470 469
f 1399 479 475 474
f 1397 484 480 479
f 1385 489 485 484
f 1380 561 559 558
f 1376 564 562 561
f 1372 567 565 564
f 1356 578 575 573
f 1352 581 579 578
f 1348 584 582 581
f 1344 587 585 584
f 1340 590 588 587
f 1336 593 591 590
f 1332 596 594 593
f 1328 599 597 596
f 1324 602 600 599
f 1321 605 603 602
f 1319 1317 181 608
f 1319 608 606 605
f 1317 1316 178 181
f 1316 1315 179 178
f 1315 1313 1312 1502
f 1315 1502 1503 179
f 1503 1502 1504 131
f 1503 131 130 1505
f 1503 1505 175 179
f 1505 130 134 1506
f 1505 1506 176 175
f 1506 134 1507 1508
f 1506 1508 1509 176
f 1509 1508 1510 1511
f 1509 1511 1512 1513
f 1509 1513 177 176
f 1513 1512 1514 1515
f 1513 1515 184 177
f 1515 1514 1516 1517
f 1515 1517 614 184
f 1517 1516 1518 617
f 1517 617 615 614
f 1518 1516 1519 1520
f 1518 1520 1521 620
f 1518 620 618 617
f 1521 1520 1522 1523
f 1521 1523 1524 623
f 1521 623 621 620
f 1524 1523 1525 1526
f 1524 1526 1527 626
f 1524 626 624 623
f 1527 1526 1528 1529
f 1527 1529 1530 629
f 1527 629 627 626
f 1530 1529 643 641
f 1530 641 639 632
f 1530 632 630 629
f 1529 1528 645 643
f 1528 1531 647 645
f 1528 1526 1525 1531
f 1531 1532 649 647
f 1531 1525 1533 1532
f 1533 311 310 1532
f 1533 1525 1523 1522
f 1533 1522 1534 311
f 1534 1535 308 311
f 1534 1522 1520 1519
f 1534 1519 1536 1535
f 1536 1537 1538 1535
f 1536 1519 1516 1514
f 1536 1514 1512 1537
f 1538 1539 262 309
f 1538 309 308 1535
f 1538 1537 1540 1539
f 1540 237 236 1539
f 1540 1537 1512 1511
f 1540 1511 1510 237
f 1539 236 246 262
f 1532 310 312 649
f 1510 1541 31 237
f 1510 1508 1507 1541
f 1541 1542 231 31
f 1541 1507 1543 1542
f 1543 1544 1545 1542
f 1543 1507 134 133
f 1543 133 132 1544
f 1545 1546 1547 1548
f 1545 1548 231 1542
f 1545 1544 1549 1546
f 1549 1550 1551 1546
f 1549 1544 132 1552
f 1549 1552 1553 1550
f 1553 1554 1555 1550
f 1553 1552 1556 1557
f 1553 1557 1558 1554
f 1558 1559 1560 1554
f 1558 1557 723 721
f 1558 721 719 1559
f 1560 702 700 1561
f 1560 1561 1555 1554
f 1560 1559 704 702
f 1561 700 696 695
f 1561 695 1562 1555
f 1562 695 691 690
f 1562 690 1563 1551
f 1562 1551 1550 1555
f 1563 690 687 686
f 1563 686 1564 1547
f 1563 1547 1546 1551
f 1564 686 683 682
f 1564 682 1565 1566
f 1564 1566 1548 1547
f 1566 1565 1567 232
f 1566 232 231 1548
f 1567 1565 679 1568
f 1567 1568 1569 1570
f 1567 1570 233 232
f 1570 1569 1571 1572
f 1570 1572 234 233
f 1572 1571 1573 230
f 1572 230 229 234
f 1571 1569 1574 1575
f 1571 1575 1576 1573
f 1576 1575 666 664
f 1576 664 662 1577
f 1576 1577 242 1573
f 1577 662 660 1578
f 1577 1578 243 242
f 1578 660 658 1579
f 1578 1579 1580 243
f 1580 1579 1581 1582
f 1580 1582 1583 1584
f 1580 1584 238 243
f 1584 1583 279 1585
f 1584 1585 239 238
f 1585 279 265 264
f 1585 264 268 239
f 1583 1582 1586 1587
f 1583 1587 280 279
f 1587 1586 277 276
f 1587 276 275 280
f 1586 1582 1581 1588
f 1586 1588 305 277
f 1588 1581 656 654
f 1588 654 306 305
f 1581 1579 658 656
f 1575 1574 668 666
f 1574 676 670 668
f 1574 1569 1568 676
f 1568 679 677 676
f 1565 682 680 679
f 1559 719 717 704
f 1557 1556 725 723
f 1556 1552 132 127
f 1556 127 126 725
f 1504 1589 1590 1591
f 1504 1591 128 131
f 1504 1502 1312 1589
f 1591 1590 732 730
f 1591 730 129 128
f 1590 1592 734 732
f 1590 1589 1593 1592
f 1593 1594 1595 1592
f 1593 1589 1312 1310
f 1593 1310 1309 1594
f 1595 1596 738 736
f 1595 736 734 1592
f 1595 1594 1597 1596
f 1597 1598 1599 1596
f 1597 1594 1309 1308
f 1597 1308 1600 1598
f 1600 81 80 1598
f 1600 1308 1306 1301
f 1600 1301 1298 81
f 1599 79 742 740
f 1599 740 738 1596
f 1599 1598 80 79
f 1298 1297 82 81
f 1293 166 165 1286
f 1287 1286 165 168
f 1281 768 764 762
f 1271 186 185 774
f 1267 1266 22 186
f 1266 1262 1237 1236
f 1266 1236 174 22
f 779 777 170 173
f 746 744 78 83
f 744 742 79 78
f 717 708 705 704
f 712 59 1601 88
f 712 88 87 707
f 712 711 60 59
f 1601 1602 1603 1604
f 1601 1604 84 88
f 1601 59 58 1602
f 1604 1603 52 56
f 1604 56 85 84
f 1603 1605 53 52
f 1603 1602 1606 1605
f 1606 1602 58 62
f 699 1607 1608 1609
f 699 1609 694 693
f 699 698 91 1607
f 1609 1608 1610 124
f 1609 124 123 694
f 1610 1611 1612 1613
f 1610 1613 119 124
f 1610 1608 1614 1611
f 1614 1615 1616 1611
f 1614 1608 1607 1617
f 1614 1617 1618 1615
f 1618 1619 1620 1615
f 1618 1617 90 1621
f 1618 1621 1622 1619
f 1622 1621 1623 1624
f 1624 1623 75 1625
f 1625 75 74 1626
f 1626 74 77 1627
f 1627 77 1628 1629
f 1629 1628 1630 1631
f 1631 1630 55 57
f 1630 1628 86 85
f 1630 85 56 55
f 1628 77 76 86
f 1623 1621 90 89
f 1623 89 76 75
f 1620 1632 1616 1615
f 1632 1633 1634 1616
f 1634 1633 47 46
f 1634 46 51 1612
f 1634 1612 1611 1616
f 1617 1607 91 90
f 1613 1612 51 1635
f 1613 1635 120 119
f 1635 51 50 1636
f 1635 1636 137 120
f 1636 50 49 1637
f 1636 1637 1638 137
f 1638 158 135 137
f 698 92 6 91
f 694 123 122 689
f 685 122 121 136
f 639 635 633 632
f 614 612 182 184
f 609 608 181 180
f 558 555 553 552
f 533 529 222 226
f 424 420 419 289
f 1250 362 298 297
f 309 262 38 278
f 281 275 274 1639
f 281 1639 269 266
f 1639 274 271 270
f 1639 270 273 269
f 273 272 259 258
f 273 258 267 269
f 272 263 260 259
f 272 271 261 263
f 268 257 240 239
f 268 267 258 257
f 263 245 1640 260
f 1640 228 30 1641
f 1640 1641 256 260
f 1640 245 33 228
f 256 1641 241 240
f 246 236 235 244
f 244 235 234 229
f 241 1641 30 230
f 241 230 1573 242
f 227 219 218 225
f 226 225 218 217
f 652 307 306 653
f 387 327 326 325
f 675 160 17 159
f 675 674 160
f 359 358 1249 1465
f 358 362 1250 1249
f 1642 48 47 1687
f 1642 1688 49 48
f 1642 1687 1689 1688
f 1643 54 53 1690
f 1643 1690 1692 1691
f 1643 1691 57 54
f 1644 1695 1694 1693
f 1644 1693 62 61
f 1644 61 63 1695
f 1696 1699 1698 1697
f 1645 1702 1701 1700
f 1645 1700 1704 1703
f 1645 1703 1705 1702
f 1706 1709 1708 1707
f 1646 1712 1711 1710
f 1646 1714 1713 1712
f 1646 1710 1715 1714
f 1647 1718 1717 1716
f 1647 1716 1720 1719
f 1647 1721 1708 1718
f 1647 1723 1722 1721
f 1647 1719 1725 1724
f 1648 1728 1727 1726
f 1648 1726 1730 1729
f 1648 1729 1731 1728
f 1649 1734 1733 1732
f 1649 1732 1736 1735
f 1649 1735 1737 1734
f 1650 1740 1739 1738
f 1650 1742 1741 1740
f 1650 1738 1743 1742
f 1651 1746 1745 1744
f 1651 1749 1748 1747
f 1651 1744 1750 1749
f 1652 1753 1752 1751
f 1652 1755 1754 1753
f 1652 1751 1756 1755
f 1653 1759 1758 1757
f 1653 1757 1761 1760
f 1653 1760 1763 1762
f 1653 1765 1764 1759
f 1653 1762 1766 1765
f 1654 1768 1658 1767
f 1752 1654 1767 1769
f 1654 1752 1753 1768
f 1655 1772 1771 1770
f 1655 1774 1773 1772
f 1655 145 144 1775
f 1655 1770 146 145
f 1655 1775 1776 1774
f 1656 1778 1777 1736
f 1656 1780 1779 1778
f 1656 1736 1732 1780
f 1657 1783 1782 1781
f 1785 1657 1781 1786
f 1657 1785 1784 1783
f 1658 159 158 1767
f 1658 1660 1788 1787
f 1659 1791 1790 1789
f 1659 1789 1793 1792
f 1659 1792 1795 1794
f 1660 1658 1768 1796
f 1661 1663 1798 1797
f 1661 1797 1800 1799
f 1661 1799 1801 1663
f 1662 1804 1803 1802
f 1662 1802 1806 1805
f 1662 1805 1808 1807
f 1662 1807 1810 1809
f 1662 1809 1811 1804
f 1663 1813 1812 1798
f 1664 1816 1815 1814
f 1664 1814 1818 1817
f 1664 1817 1819 1816
f 1665 1822 1821 1820
f 1665 1815 1823 1822
f 1665 1820 1814 1815
f 1666 1825 1668 1824
f 1666 1824 1827 1826
f 1666 1826 1829 1828
f 1667 1832 1831 1830
f 1667 1834 1833 1832
f 1667 1837 1836 1835
f 1667 1830 1838 1837
f 1667 1835 1839 1834
f 1668 1841 1840 1824
f 1668 1825 1842 1841
f 1669 1845 1844 1843
f 1669 1847 1846 1845
f 1669 1843 1848 1847
f 1670 1851 1850 1849
f 1670 1849 1853 1852
f 1670 1852 1854 1851
f 1671 1857 1856 1855
f 1672 1860 1859 1858
f 1672 1862 1861 1860
f 1672 1864 1863 1862
f 1673 1867 1866 1865
f 1869 1673 1865 1870
f 1673 1869 1868 1867
f 1674 1855 1856 1871
f 1674 1871 1873 1872
f 1675 1876 1875 1874
f 1675 1878 1877 1876
f 1675 1880 1879 1878
f 1675 1874 1882 1881
f 1676 1884 1867 1883
f 1676 1886 1885 1884
f 1676 1883 1887 1886
f 1677 1889 1679 1888
f 1872 1677 1888 1890
f 1677 1872 1873 1889
f 1678 1893 1892 1891
f 1678 1891 1895 1894
f 1678 1894 1896 1893
f 1897 1900 1899 1898
f 1679 1903 1902 1901
f 1679 1905 1904 1903
f 1679 1901 1898 1888
f 1680 1907 1906 1892
f 1680 1908 1902 1907
f 1680 1892 1893 1908
f 1681 1911 1910 1909
f 1913 1681 1909 1914
f 1681 1913 1912 1911
f 1682 1917 1916 1915
f 1682 1919 1918 1917
f 1682 1922 1921 1920
f 1682 1920 1923 1919
f 1683 1926 1925 1924
f 1683 1924 1910 1911
f 1683 301 300 1926
f 1683 1911 1928 1927
f 1683 1927 304 301
f 1684 1931 1930 1929
f 1684 1929 1904 1905
f 1684 1905 1933 1932
f 1684 1932 1935 1934
f 1684 1934 1936 1931
f 1685 1939 1938 1937
f 1685 317 316 1939
f 1685 1937 318 317
f 1686 321 320 1940
f 1686 1941 322 321
f 1686 1940 1942 1941
f 325 322 1941 1943
f 1943 1946 1945 1944
f 1943 1941 1942 1946
f 1946 1948 1947 1945
f 1946 1942 1949 1948
f 1949 1942 1940 1950
f 1949 1952 1951 1948
f 1949 1950 1953 1952
f 1953 1950 338 337
f 1953 1955 1954 1952
f 1953 337 341 1955
f 341 343 1956 1955
f 343 345 1957 1956
f 345 347 1958 1957
f 347 349 1959 1958
f 349 351 1960 1959
f 351 353 1961 1960
f 353 355 1962 1961
f 355 357 1963 1962
f 357 359 1964 1963
f 1963 1966 1965 1962
f 1963 1964 1967 1966
f 1966 1969 1968 1965
f 1966 1967 1925 1969
f 1969 1971 1970 1968
f 1969 1925 1926 1971
f 1971 368 367 1970
f 1971 1926 300 368
f 367 370 1972 1970
f 370 372 1973 1972
f 372 374 1974 1973
f 374 376 1975 1974
f 376 378 1976 1975
f 378 380 1977 1976
f 380 382 1978 1977
f 382 384 1979 1978
f 384 385 1947 1979
f 385 386 1945 1947
f 386 387 1944 1945
f 1979 1947 1948 1951
f 1979 1951 1980 1978
f 1980 1951 1952 1954
f 1980 1981 1977 1978
f 1980 1954 1982 1981
f 1982 1954 1955 1956
f 1982 1984 1983 1981
f 1982 1956 1957 1984
f 1984 1986 1985 1983
f 1984 1957 1958 1986
f 1986 1988 1987 1985
f 1986 1958 1959 1988
f 1988 1990 1989 1987
f 1988 1959 1960 1990
f 1990 1992 1991 1989
f 1990 1960 1961 1992
f 1992 1965 1968 1991
f 1992 1961 1962 1965
f 1991 1972 1973 1989
f 1991 1968 1970 1972
f 1989 1973 1974 1987
f 1987 1974 1975 1985
f 1985 1975 1976 1983
f 1983 1976 1977 1981
f 338 1950 1940 320
f 318 1937 1993 401
f 1993 1937 1938 1994
f 1993 1995 404 401
f 1993 1994 1996 1995
f 1996 1994 1998 1997
f 1996 2000 1999 1995
f 1996 1997 2001 2000
f 2001 1997 2003 2002
f 2001 2005 2004 2000
f 2001 2002 2006 2005
f 2006 2002 2008 2007
f 2006 2010 2009 2005
f 2006 2007 2011 2010
f 2011 2007 2013 2012
f 2011 2015 2014 2010
f 2011 2012 2016 2015
f 2016 2012 2018 2017
f 2016 1881 1882 2015
f 2016 2017 2019 1881
f 2019 2017 2021 2020
f 2019 1880 1675 1881
f 2019 2020 2022 1880
f 2022 2020 2024 2023
f 2022 2025 1879 1880
f 2022 2023 2026 2025
f 2026 2023 2028 2027
f 2026 2030 2029 2025
f 2026 2027 2031 2030
f 2031 2027 2033 2032
f 2031 2035 2034 2030
f 2031 2032 2036 2035
f 2036 2032 2038 2037
f 2036 2040 2039 2035
f 2036 2037 2041 2040
f 2041 2037 2043 2042
f 2041 2045 2044 2040
f 2041 2042 2046 2045
f 2046 2042 2048 2047
f 2046 2050 2049 2045
f 2046 2047 2051 2050
f 2051 2047 2053 2052
f 2051 2055 2054 2050
f 2051 2052 2056 2055
f 2056 2052 2058 2057
f 2056 2060 2059 2055
f 2056 2057 2061 2060
f 2061 2057 2063 2062
f 2061 2065 2064 2060
f 2061 2062 2066 2065
f 2066 2062 2068 2067
f 2066 2070 2069 2065
f 2066 2067 2071 2070
f 2071 2067 2073 2072
f 2071 2075 2074 2070
f 2071 2072 2076 2075
f 2076 2072 2078 2077
f 2076 2080 2079 2075
f 2076 2077 2081 2080
f 2081 2077 2083 2082
f 2081 2085 2084 2080
f 2081 2082 2086 2085
f 2086 2082 2088 2087
f 2086 2090 2089 2085
f 2086 2087 2091 2090
f 2091 2087 2093 2092
f 2091 2095 2094 2090
f 2091 2092 2096 2095
f 2096 2092 2098 2097
f 2096 2100 2099 2095
f 2096 2097 2101 2100
f 2101 2097 2103 2102
f 2101 1847 1848 2100
f 2101 2102 1846 1847
f 2103 2106 2105 2104
f 2103 2097 2098 2106
f 2103 2104 2107 2102
f 2107 2104 2109 2108
f 2107 1854 1846 2102
f 2107 2108 1851 1854
f 2109 2112 2111 2110
f 2109 2104 2105 2112
f 2109 2110 2113 2108
f 2113 2110 2115 2114
f 2113 1850 1851 2108
f 2113 2114 2116 1850
f 2116 2114 2118 2117
f 2116 2119 1849 1850
f 2116 2117 2120 2119
f 2120 2117 2122 2121
f 2120 2124 2123 2119
f 2120 2121 2125 2124
f 2125 2121 1821 1822
f 2125 2127 2126 2124
f 2125 1822 1823 2127
f 2127 2129 2128 2126
f 2127 1823 2130 2129
f 2130 2132 2131 2129
f 2130 1816 1819 2132
f 2130 1823 1815 1816
f 2132 2134 2133 2131
f 2132 1819 2135 2134
f 2135 2137 2136 2134
f 2135 2139 2138 2137
f 2135 1819 1817 2139
f 2139 2141 2140 2138
f 2139 1817 1818 2141
f 2141 2143 2142 2140
f 2141 1818 2144 2143
f 2144 2146 2145 2143
f 2144 1820 1821 2146
f 2144 1818 1814 1820
f 2146 2122 2147 2145
f 2146 1821 2121 2122
f 2147 2149 2148 2145
f 2147 2118 2150 2149
f 2147 2122 2117 2118
f 2150 2152 2151 2149
f 2150 2115 2153 2152
f 2150 2118 2114 2115
f 2153 2155 2154 2152
f 2153 2111 2156 2155
f 2153 2115 2110 2111
f 2156 2158 2157 2155
f 2156 2160 2159 2158
f 2156 2111 2112 2160
f 2160 2162 2161 2159
f 2160 2112 2105 2162
f 2162 2164 2163 2161
f 2162 2105 2106 2164
f 2164 2166 2165 2163
f 2164 2106 2098 2166
f 2166 2093 2167 2165
f 2166 2098 2092 2093
f 2167 2169 2168 2165
f 2167 2088 2170 2169
f 2167 2093 2087 2088
f 2170 2172 2171 2169
f 2170 2083 2173 2172
f 2170 2088 2082 2083
f 2173 2175 2174 2172
f 2173 2078 2176 2175
f 2173 2083 2077 2078
f 2176 2178 2177 2175
f 2176 2073 2179 2178
f 2176 2078 2072 2073
f 2179 2181 2180 2178
f 2179 2068 2182 2181
f 2179 2073 2067 2068
f 2182 2184 2183 2181
f 2182 2063 2185 2184
f 2182 2068 2062 2063
f 2185 2187 2186 2184
f 2185 2058 2188 2187
f 2185 2063 2057 2058
f 2188 2190 2189 2187
f 2188 2053 2191 2190
f 2188 2058 2052 2053
f 2191 2193 2192 2190
f 2191 2048 2194 2193
f 2191 2053 2047 2048
f 2194 2196 2195 2193
f 2194 2043 2197 2196
f 2194 2048 2042 2043
f 2197 2199 2198 2196
f 2197 2038 2200 2199
f 2197 2043 2037 2038
f 2200 1810 1807 2199
f 2200 2033 2201 1810
f 2200 2038 2032 2033
f 2201 2202 1809 1810
f 2201 2028 2203 2202
f 2201 2033 2027 2028
f 2203 2205 2204 2202
f 2203 2024 2206 2205
f 2203 2028 2023 2024
f 2206 2208 2207 2205
f 2206 2021 2209 2208
f 2206 2024 2020 2021
f 2209 2211 2210 2208
f 2209 2018 2212 2211
f 2209 2021 2017 2018
f 2212 2214 2213 2211
f 2212 2013 2215 2214
f 2212 2018 2012 2013
f 2215 2217 2216 2214
f 2215 2008 2218 2217
f 2215 2013 2007 2008
f 2218 2220 2219 2217
f 2218 2003 2221 2220
f 2218 2008 2002 2003
f 2221 2223 2222 2220
f 2221 1998 2224 2223
f 2221 2003 1997 1998
f 2224 2226 2225 2223
f 2224 1938 1939 2226
f 2224 1998 1994 1938
f 2226 638 637 2225
f 2226 1939 316 638
f 637 640 2227 2225
f 640 642 2228 2227
f 642 644 2229 2228
f 644 646 2230 2229
f 646 648 2231 2230
f 648 650 2232 2231
f 650 651 1936 2232
f 651 652 1931 1936
f 653 655 2233 1930
f 655 657 2234 2233
f 657 659 2235 2234
f 659 661 2236 2235
f 661 663 2237 2236
f 663 665 2238 2237
f 665 667 2239 2238
f 667 669 2240 2239
f 669 671 2241 2240
f 671 673 2242 2241
f 673 675 2243 2242
f 2242 2245 2244 2241
f 2242 2243 2246 2245
f 2246 2243 1787 1788
f 2246 2248 2247 2245
f 2246 1788 2249 2248
f 2249 1788 1660 1796
f 2249 2251 2250 2248
f 2249 1796 2252 2251
f 2252 1796 1768 2253
f 2252 2255 2254 2251
f 2252 2253 2256 2255
f 2256 2253 1754 2257
f 2256 2259 2258 2255
f 2256 2257 2260 2259
f 2260 2257 2262 2261
f 2260 2264 2263 2259
f 2260 2261 2265 2264
f 2265 2261 2267 2266
f 2265 2269 2268 2264
f 2265 2266 1724 2269
f 2269 2271 2270 2268
f 2269 1724 1725 2271
f 2271 2273 2272 2270
f 2271 1725 2274 2273
f 2274 1725 1719 2275
f 2274 2277 2276 2273
f 2274 2275 2278 2277
f 2278 2275 2280 2279
f 2278 714 713 2277
f 2278 2279 715 714
f 715 2279 1695 63
f 713 716 2276 2277
f 716 718 2281 2276
f 718 720 2282 2281
f 720 722 2283 2282
f 722 724 2284 2283
f 724 726 2285 2284
f 726 727 1758 2285
f 727 728 1757 1758
f 728 729 1761 1757
f 729 731 2286 1761
f 731 733 2287 2286
f 733 735 2288 2287
f 735 737 2289 2288
f 737 739 2290 2289
f 739 741 2291 2290
f 741 743 2292 2291
f 743 745 2293 2292
f 745 747 2294 2293
f 747 749 2295 2294
f 749 751 2296 2295
f 751 753 2297 2296
f 753 755 2298 2297
f 755 757 2299 2298
f 757 759 2300 2299
f 759 761 2301 2300
f 761 763 2302 2301
f 763 765 2303 2302
f 765 767 2304 2303
f 767 146 1770 2304
f 2304 2306 2305 2303
f 2304 1770 1771 2306
f 2306 2308 2307 2305
f 2306 1771 2309 2308
f 2309 2311 2310 2308
f 2309 2312 1812 2311
f 2309 1771 1772 2312
f 2312 2313 1798 1812
f 2312 1772 1773 2313
f 2313 2314 1797 1798
f 2313 1773 2315 2314
f 2315 2317 2316 2314
f 2315 2318 1743 2317
f 2315 1773 1774 2318
f 2318 2319 1742 1743
f 2318 1774 1776 2319
f 2319 2320 1741 1742
f 2319 1776 2321 2320
f 2321 2323 2322 2320
f 2321 2325 2324 2323
f 2321 1776 1775 2325
f 2325 790 789 2324
f 2325 1775 144 790
f 789 792 2326 2324
f 792 794 2327 2326
f 794 796 2328 2327
f 796 798 2329 2328
f 798 800 2330 2329
f 800 802 2331 2330
f 802 804 2332 2331
f 804 304 1927 2332
f 2332 2334 2333 2331
f 2332 1927 1928 2334
f 2334 2336 2335 2333
f 2334 1928 2337 2336
f 2337 2339 2338 2336
f 2337 1912 2340 2339
f 2337 1928 1911 1912
f 2340 2342 2341 2339
f 2340 2344 2343 2342
f 2340 1912 1913 2344
f 2344 2346 2345 2343
f 2344 1913 2347 2346
f 2347 1913 1914 2348
f 2347 2350 2349 2346
f 2347 2348 2351 2350
f 2351 2348 2353 2352
f 2351 2355 2354 2350
f 2351 2352 2356 2355
f 2356 2352 2358 2357
f 2356 2360 2359 2355
f 2356 2357 2361 2360
f 2361 2357 2363 2362
f 2361 2365 2364 2360
f 2361 2362 2366 2365
f 2366 2362 1801 1799
f 2366 2368 2367 2365
f 2366 1799 1800 2368
f 2368 2370 2369 2367
f 2368 1800 2316 2370
f 2370 2372 2371 2369
f 2370 2316 2317 2372
f 2372 1738 1739 2371
f 2372 2317 1743 1738
f 2371 2374 2373 2369
f 2371 1739 2375 2374
f 2375 2377 2376 2374
f 2375 2379 2378 2377
f 2375 1739 1740 2379
f 2379 2381 2380 2378
f 2379 1740 1741 2381
f 2381 2322 2382 2380
f 2381 1741 2320 2322
f 2382 1750 1744 2380
f 2382 2384 2383 1750
f 2382 2322 2323 2384
f 2384 2326 2327 2383
f 2384 2323 2324 2326
f 2383 2385 1749 1750
f 2383 2327 2328 2385
f 2385 2386 1748 1749
f 2385 2328 2329 2386
f 2386 2388 2387 1748
f 2386 2329 2330 2388
f 2388 2333 2335 2387
f 2388 2330 2331 2333
f 2387 2389 1747 1748
f 2387 2335 2390 2389
f 2390 2392 2391 2389
f 2390 2338 2393 2392
f 2390 2335 2336 2338
f 2393 2395 2394 2392
f 2393 2341 2396 2395
f 2393 2338 2339 2341
f 2396 2398 2397 2395
f 2396 2400 2399 2398
f 2396 2341 2342 2400
f 2400 2402 2401 2399
f 2400 2342 2343 2402
f 2402 2404 2403 2401
f 2402 2343 2345 2404
f 2404 2406 2405 2403
f 2404 2345 2407 2406
f 2407 2345 2346 2349
f 2407 2409 2408 2406
f 2407 2349 2410 2409
f 2410 2349 2350 2354
f 2410 2412 2411 2409
f 2410 2354 2413 2412
f 2413 2354 2355 2359
f 2413 2415 2414 2412
f 2413 2359 2416 2415
f 2416 2359 2360 2364
f 2416 2418 2417 2415
f 2416 2364 2419 2418
f 2419 2364 2365 2367
f 2419 2373 2420 2418
f 2419 2367 2369 2373
f 2420 2421 2417 2418
f 2420 2376 2422 2421
f 2420 2373 2374 2376
f 2422 2424 2423 2421
f 2422 2426 2425 2424
f 2422 2376 2377 2426
f 2426 1745 1746 2425
f 2426 2377 2378 1745
f 2425 2428 2427 2424
f 2425 1746 2429 2428
f 2429 2431 2430 2428
f 2429 2433 2432 2431
f 2429 1746 1651 2433
f 2433 2435 2434 2432
f 2433 1651 1747 2435
f 2435 2391 2436 2434
f 2435 1747 2389 2391
f 2436 2438 2437 2434
f 2436 2394 2439 2438
f 2436 2391 2392 2394
f 2439 2441 2440 2438
f 2439 2397 2442 2441
f 2439 2394 2395 2397
f 2442 2444 2443 2441
f 2442 2446 2445 2444
f 2442 2397 2398 2446
f 2446 2448 2447 2445
f 2446 2398 2399 2448
f 2448 2450 2449 2447
f 2448 2399 2401 2450
f 2450 2452 2451 2449
f 2450 2401 2403 2452
f 2452 2454 2453 2451
f 2452 2403 2405 2454
f 2454 2456 2455 2453
f 2454 2405 2457 2456
f 2457 2405 2406 2408
f 2457 2459 2458 2456
f 2457 2408 2460 2459
f 2460 2408 2409 2411
f 2460 2462 2461 2459
f 2460 2411 2463 2462
f 2463 2411 2412 2414
f 2463 2465 2464 2462
f 2463 2414 2466 2465
f 2466 2414 2415 2417
f 2466 2423 2467 2465
f 2466 2417 2421 2423
f 2467 2468 2464 2465
f 2467 2427 2469 2468
f 2467 2423 2424 2427
f 2469 2471 2470 2468
f 2469 2430 2472 2471
f 2469 2427 2428 2430
f 2472 2474 2473 2471
f 2472 2476 2475 2474
f 2472 2430 2431 2476
f 2476 2478 2477 2475
f 2476 2431 2432 2478
f 2478 2437 2479 2477
f 2478 2432 2434 2437
f 2479 2481 2480 2477
f 2479 2440 2482 2481
f 2479 2437 2438 2440
f 2482 2484 2483 2481
f 2482 2443 2485 2484
f 2482 2440 2441 2443
f 2485 2487 2486 2484
f 2485 2489 2488 2487
f 2485 2443 2444 2489
f 2489 2491 2490 2488
f 2489 2444 2445 2491
f 2491 2493 2492 2490
f 2491 2445 2447 2493
f 2493 2495 2494 2492
f 2493 2447 2449 2495
f 2495 2497 2496 2494
f 2495 2449 2451 2497
f 2497 2499 2498 2496
f 2497 2451 2453 2499
f 2499 2501 2500 2498
f 2499 2453 2455 2501
f 2501 2503 2502 2500
f 2501 2455 2504 2503
f 2504 2455 2456 2458
f 2504 2506 2505 2503
f 2504 2458 2507 2506
f 2507 2458 2459 2461
f 2507 2509 2508 2506
f 2507 2461 2510 2509
f 2510 2461 2462 2464
f 2510 2470 2511 2509
f 2510 2464 2468 2470
f 2511 2512 2508 2509
f 2511 2473 2513 2512
f 2511 2470 2471 2473
f 2513 2515 2514 2512
f 2513 2517 2516 2515
f 2513 2473 2474 2517
f 2517 2519 2518 2516
f 2517 2474 2475 2519
f 2519 2480 2520 2518
f 2519 2475 2477 2480
f 2520 2522 2521 2518
f 2520 2483 2523 2522
f 2520 2480 2481 2483
f 2523 2525 2524 2522
f 2523 2486 2526 2525
f 2523 2483 2484 2486
f 2526 2528 2527 2525
f 2526 2530 2529 2528
f 2526 2486 2487 2530
f 2530 2532 2531 2529
f 2530 2487 2488 2532
f 2532 2534 2533 2531
f 2532 2488 2490 2534
f 2534 2536 2535 2533
f 2534 2490 2492 2536
f 2536 2538 2537 2535
f 2536 2492 2494 2538
f 2538 2540 2539 2537
f 2538 2494 2496 2540
f 2540 2542 2541 2539
f 2540 2496 2498 2542
f 2542 2544 2543 2541
f 2542 2498 2500 2544
f 2544 2546 2545 2543
f 2544 2500 2502 2546
f 2546 2548 2547 2545
f 2546 2502 2549 2548
f 2549 2502 2503 2505
f 2549 2551 2550 2548
f 2549 2505 2552 2551
f 2552 2505 2506 2508
f 2552 2514 2553 2551
f 2552 2508 2512 2514
f 2553 2554 2550 2551
f 2553 2556 2555 2554
f 2553 2514 2515 2556
f 2556 2558 2557 2555
f 2556 2515 2516 2558
f 2558 2521 2559 2557
f 2558 2516 2518 2521
f 2559 2561 2560 2557
f 2559 2524 2562 2561
f 2559 2521 2522 2524
f 2562 2564 2563 2561
f 2562 2527 2565 2564
f 2562 2524 2525 2527
f 2565 2567 2566 2564
f 2565 2569 2568 2567
f 2565 2527 2528 2569
f 2569 2571 2570 2568
f 2569 2528 2529 2571
f 2571 2573 2572 2570
f 2571 2529 2531 2573
f 2573 2575 2574 2572
f 2573 2531 2533 2575
f 2575 2577 2576 2574
f 2575 2533 2535 2577
f 2577 2579 2578 2576
f 2577 2535 2537 2579
f 2579 2581 2580 2578
f 2579 2537 2539 2581
f 2581 2583 2582 2580
f 2581 2539 2541 2583
f 2583 2585 2584 2582
f 2583 2541 2543 2585
f 2585 2587 2586 2584
f 2585 2543 2545 2587
f 2587 2589 2588 2586
f 2587 2545 2547 2589
f 2589 2591 2590 2588
f 2589 2547 2592 2591
f 2592 2547 2548 2550
f 2592 2594 2593 2591
f 2592 2550 2554 2594
f 2594 2596 2595 2593
f 2594 2554 2555 2596
f 2596 2560 2597 2595
f 2596 2555 2557 2560
f 2597 2599 2598 2595
f 2597 2563 2600 2599
f 2597 2560 2561 2563
f 2600 2602 2601 2599
f 2600 2566 2603 2602
f 2600 2563 2564 2566
f 2603 2605 2604 2602
f 2603 2607 2606 2605
f 2603 2566 2567 2607
f 2607 2609 2608 2606
f 2607 2567 2568 2609
f 2609 2611 2610 2608
f 2609 2568 2570 2611
f 2611 2613 2612 2610
f 2611 2570 2572 2613
f 2613 2615 2614 2612
f 2613 2572 2574 2615
f 2615 2617 2616 2614
f 2615 2574 2576 2617
f 2617 2619 2618 2616
f 2617 2576 2578 2619
f 2619 2621 2620 2618
f 2619 2578 2580 2621
f 2621 2623 2622 2620
f 2621 2580 2582 2623
f 2623 2625 2624 2622
f 2623 2582 2584 2625
f 2625 2627 2626 2624
f 2625 2584 2586 2627
f 2627 2629 2628 2626
f 2627 2586 2588 2629
f 2629 2631 2630 2628
f 2629 2588 2590 2631
f 2631 2633 2632 2630
f 2631 2590 2634 2633
f 2634 2590 2591 2593
f 2634 2598 2635 2633
f 2634 2593 2595 2598
f 2635 2636 2632 2633
f 2635 2601 2637 2636
f 2635 2598 2599 2601
f 2637 2639 2638 2636
f 2637 2604 2640 2639
f 2637 2601 2602 2604
f 2640 2642 2641 2639
f 2640 2644 2643 2642
f 2640 2604 2605 2644
f 2644 2645 1828 2643
f 2644 2605 2606 2645
f 2645 2646 1666 1828
f 2645 2606 2608 2646
f 2646 2647 1825 1666
f 2646 2608 2610 2647
f 2647 2648 1842 1825
f 2647 2610 2612 2648
f 2648 2650 2649 1842
f 2648 2612 2614 2650
f 2650 2652 2651 2649
f 2650 2614 2616 2652
f 2652 1833 1834 2651
f 2652 2616 2618 1833
f 2651 2654 2653 2649
f 2651 1834 1839 2654
f 2654 2656 2655 2653
f 2654 1839 2657 2656
f 2657 2659 2658 2656
f 2657 2661 2660 2659
f 2657 1839 1835 2661
f 2661 1779 1780 2660
f 2661 1835 1836 1779
f 2660 1733 2662 2659
f 2660 1780 1732 1733
f 2662 2663 2658 2659
f 2662 2665 2664 2663
f 2662 1733 1734 2665
f 2665 2667 2666 2664
f 2665 1734 1737 2667
f 2667 2669 2668 2666
f 2667 1737 2670 2669
f 2670 1737 1735 2671
f 2670 2673 2672 2669
f 2670 2671 2674 2673
f 2674 2671 1777 2675
f 2674 2677 2676 2673
f 2674 2675 2678 2677
f 2678 2675 2680 2679
f 2678 2682 2681 2677
f 2678 2679 2683 2682
f 2683 2679 1837 1838
f 2683 2685 2684 2682
f 2683 1838 2686 2685
f 2686 1838 1830 2687
f 2686 2689 2688 2685
f 2686 2687 2690 2689
f 2690 2687 2692 2691
f 2690 2694 2693 2689
f 2690 2691 2695 2694
f 2695 2691 2626 2628
f 2695 2697 2696 2694
f 2695 2628 2630 2697
f 2697 2699 2698 2696
f 2697 2630 2632 2699
f 2699 2638 2700 2698
f 2699 2632 2636 2638
f 2700 2702 2701 2698
f 2700 2641 2703 2702
f 2700 2638 2639 2641
f 2703 2705 2704 2702
f 2703 2707 2706 2705
f 2703 2641 2642 2707
f 2707 2709 2708 2706
f 2707 2642 2643 2709
f 2709 1829 2710 2708
f 2709 2643 1828 1829
f 2710 2712 2711 2708
f 2710 2714 2713 2712
f 2710 1829 1826 2714
f 2714 2716 2715 2713
f 2714 1826 1827 2716
f 2716 2718 2717 2715
f 2716 1827 2719 2718
f 2719 1827 1824 1840
f 2719 2721 2720 2718
f 2719 1840 2655 2721
f 2721 2658 2663 2720
f 2721 2655 2656 2658
f 2720 2722 2717 2718
f 2720 2663 2664 2722
f 2722 2724 2723 2717
f 2722 2664 2666 2724
f 2724 2726 2725 2723
f 2724 2666 2668 2726
f 2726 1702 1705 2725
f 2726 2668 1701 1702
f 2725 2728 2727 2723
f 2725 1705 2729 2728
f 2729 1699 2730 2728
f 2729 2731 1698 1699
f 2729 1705 1703 2731
f 2731 1703 1704 2732
f 2731 2732 2733 1698
f 2733 2732 2735 2734
f 2733 2736 1697 1698
f 2733 2734 2737 2736
f 2737 2739 1730 2738
f 2737 2734 2740 2739
f 2737 2738 2741 2736
f 2741 2738 2743 2742
f 2741 2744 1697 2736
f 2741 2742 2745 2744
f 2745 2742 2746 2711
f 2745 2748 2747 2744
f 2745 2711 2712 2748
f 2748 2749 2730 2747
f 2748 2712 2713 2749
f 2749 2727 2728 2730
f 2749 2713 2715 2727
f 2747 1696 1697 2744
f 2747 2730 1699 1696
f 2746 2750 2705 2706
f 2746 2742 2743 2750
f 2746 2706 2708 2711
f 2750 1727 2704 2705
f 2750 2743 1726 1727
f 2743 2738 1730 1726
f 2740 2753 2752 2751
f 2740 2734 2735 2753
f 2740 2751 2754 2739
f 2754 2751 2756 2755
f 2754 1729 1730 2739
f 2754 2755 1731 1729
f 2756 2684 2685 2688
f 2756 2751 2752 2684
f 2756 2688 2757 2755
f 2757 2688 2689 2693
f 2757 2758 1731 2755
f 2757 2693 2759 2758
f 2759 2693 2694 2696
f 2759 2701 2760 2758
f 2759 2696 2698 2701
f 2760 1728 1731 2758
f 2760 2704 1727 1728
f 2760 2701 2702 2704
f 2753 2761 2681 2752
f 2753 2735 2762 2761
f 2762 2763 2676 2761
f 2762 1704 1700 2763
f 2762 2735 2732 1704
f 2763 2672 2673 2676
f 2763 1700 1701 2672
f 2761 2676 2677 2681
f 2752 2681 2682 2684
f 2727 2715 2717 2723
f 2692 1831 2622 2624
f 2692 2687 1830 1831
f 2692 2624 2626 2691
f 2680 1778 1779 1836
f 2680 2675 1777 1778
f 2680 1836 1837 2679
f 2672 1701 2668 2669
f 2671 1735 1736 1777
f 2655 1840 1841 2653
f 2653 1841 1842 2649
f 2622 1831 1832 2620
f 2620 1832 1833 2618
f 2380 1744 1745 2378
f 2363 2766 2765 2764
f 2363 2357 2358 2766
f 2363 2764 1801 2362
f 2766 2768 2767 2765
f 2766 2358 2769 2768
f 2769 2771 2770 2768
f 2769 2353 2772 2771
f 2769 2358 2352 2353
f 2772 2774 2773 2771
f 2772 1914 1909 2774
f 2772 2353 2348 1914
f 2774 2776 2775 2773
f 2774 1909 1910 2776
f 2776 2778 2777 2775
f 2776 1910 1924 2778
f 2775 2777 2780 2779
f 2775 2779 2781 2773
f 2781 2779 2783 2782
f 2781 2770 2771 2773
f 2781 2782 2784 2770
f 2784 2782 2786 2785
f 2784 2767 2768 2770
f 2784 2785 2787 2767
f 2787 2785 2789 2788
f 2787 2790 2765 2767
f 2787 2788 2791 2790
f 2791 2788 2793 2792
f 2791 2795 2794 2790
f 2791 2792 2796 2795
f 2796 2792 2798 2797
f 2796 2799 1813 2795
f 2796 2797 2800 2799
f 2800 2797 2802 2801
f 2800 2310 2311 2799
f 2800 2801 2803 2310
f 2803 2801 2805 2804
f 2803 2307 2308 2310
f 2803 2804 2806 2307
f 2806 2804 2808 2807
f 2806 2809 2305 2307
f 2806 2807 2810 2809
f 2810 2807 2812 2811
f 2810 2301 2302 2809
f 2810 2811 2300 2301
f 2812 2815 2814 2813
f 2812 2807 2808 2815
f 2812 2813 2816 2811
f 2816 2813 2818 2817
f 2816 2299 2300 2811
f 2816 2817 2298 2299
f 2818 2821 2820 2819
f 2818 2813 2814 2821
f 2818 2819 2822 2817
f 2822 2819 2824 2823
f 2822 2297 2298 2817
f 2822 2823 2296 2297
f 2824 2827 2826 2825
f 2824 2819 2820 2827
f 2824 2825 2828 2823
f 2828 2825 1714 1715
f 2828 2295 2296 2823
f 2828 1715 2294 2295
f 2827 2830 2829 2826
f 2827 2820 2831 2830
f 2831 2833 2832 2830
f 2831 1793 1789 2833
f 2831 2820 2821 1793
f 2833 1784 1785 2832
f 2833 1789 1790 1784
f 2832 2834 2829 2830
f 2832 1785 2835 2834
f 2835 2837 2836 2834
f 2835 2839 2838 2837
f 2835 1785 1786 2839
f 2839 2841 2840 2838
f 2839 1786 2842 2841
f 2842 2844 2843 2841
f 2842 2846 2845 2844
f 2842 1786 1781 2846
f 2846 2848 2847 2845
f 2846 1781 1782 2848
f 2848 2849 2195 2847
f 2848 1782 2850 2849
f 2850 1782 1783 2851
f 2850 2852 2192 2849
f 2850 2851 2853 2852
f 2853 2851 2855 2854
f 2853 2856 2189 2852
f 2853 2854 2857 2856
f 2857 2854 2859 2858
f 2857 2860 2186 2856
f 2857 2858 2861 2860
f 2861 2858 2863 2862
f 2861 2864 2183 2860
f 2861 2862 2865 2864
f 2865 2862 2867 2866
f 2865 2868 2180 2864
f 2865 2866 2869 2868
f 2869 2866 2871 2870
f 2869 2872 2177 2868
f 2869 2870 2873 2872
f 2873 2870 2875 2874
f 2873 2876 2174 2872
f 2873 2874 2877 2876
f 2877 2874 2879 2878
f 2877 2880 2171 2876
f 2877 2878 2881 2880
f 2881 2878 2883 2882
f 2881 2884 2168 2880
f 2881 2882 2885 2884
f 2885 2882 2887 2886
f 2885 2161 2163 2884
f 2885 2886 2159 2161
f 2887 2890 2889 2888
f 2887 2882 2883 2890
f 2887 2888 2891 2886
f 2891 2888 2893 2892
f 2891 2158 2159 2886
f 2891 2892 2157 2158
f 2893 2896 2895 2894
f 2893 2888 2889 2896
f 2893 2894 2897 2892
f 2897 2894 2899 2898
f 2897 2900 2157 2892
f 2897 2898 2901 2900
f 2901 2898 2903 2902
f 2901 2904 2154 2900
f 2901 2902 2905 2904
f 2905 2902 2907 2906
f 2905 2908 2151 2904
f 2905 2906 2909 2908
f 2909 2906 2911 2910
f 2909 2142 2148 2908
f 2909 2910 2140 2142
f 2911 2914 2913 2912
f 2911 2906 2907 2914
f 2911 2912 2915 2910
f 2915 2912 2917 2916
f 2915 2138 2140 2910
f 2915 2916 2137 2138
f 2917 2079 2080 2084
f 2917 2912 2913 2079
f 2917 2084 2918 2916
f 2918 2084 2085 2089
f 2918 2136 2137 2916
f 2918 2089 2919 2136
f 2919 2089 2090 2094
f 2919 2133 2134 2136
f 2919 2094 2920 2133
f 2920 2094 2095 2099
f 2920 2921 2131 2133
f 2920 2099 2922 2921
f 2922 2099 2100 1848
f 2922 2923 2128 2921
f 2922 1848 1843 2923
f 2923 2924 2126 2128
f 2923 1843 1844 2924
f 2924 2123 2124 2126
f 2924 1844 1853 2123
f 2921 2128 2129 2131
f 2914 2925 2074 2913
f 2914 2907 2926 2925
f 2926 2927 2069 2925
f 2926 2903 2928 2927
f 2926 2907 2902 2903
f 2928 2929 2064 2927
f 2928 2899 2930 2929
f 2928 2903 2898 2899
f 2930 2931 2059 2929
f 2930 2895 2932 2931
f 2930 2899 2894 2895
f 2932 2933 2054 2931
f 2932 2935 2934 2933
f 2932 2895 2896 2935
f 2935 2937 2936 2934
f 2935 2896 2889 2937
f 2937 2939 2938 2936
f 2937 2889 2890 2939
f 2939 2941 2940 2938
f 2939 2890 2883 2941
f 2941 2879 2942 2940
f 2941 2883 2878 2879
f 2942 2944 2943 2940
f 2942 2875 2945 2944
f 2942 2879 2874 2875
f 2945 2947 2946 2944
f 2945 2871 2948 2947
f 2945 2875 2870 2871
f 2948 2950 2949 2947
f 2948 2867 2951 2950
f 2948 2871 2866 2867
f 2951 2953 2952 2950
f 2951 2863 2954 2953
f 2951 2867 2862 2863
f 2954 2956 2955 2953
f 2954 2859 2957 2956
f 2954 2863 2858 2859
f 2957 2959 2958 2956
f 2957 2855 2960 2959
f 2957 2859 2854 2855
f 2960 1790 1791 2959
f 2960 1783 1784 1790
f 2960 2855 2851 1783
f 2959 1791 2961 2958
f 2961 2963 2962 2958
f 2961 2965 2964 2963
f 2961 1791 1659 2965
f 2965 2967 2966 2964
f 2965 1659 1794 2967
f 2967 2969 2968 2966
f 2967 1794 2970 2969
f 2970 2972 2971 2969
f 2970 2973 2805 2972
f 2970 1794 1795 2973
f 2973 2808 2804 2805
f 2973 1795 2815 2808
f 2972 2802 2974 2971
f 2972 2805 2801 2802
f 2974 2976 2975 2971
f 2974 2798 2977 2976
f 2974 2802 2797 2798
f 2977 2979 2978 2976
f 2977 2793 2980 2979
f 2977 2798 2792 2793
f 2980 2982 2981 2979
f 2980 2789 2983 2982
f 2980 2793 2788 2789
f 2983 2985 2984 2982
f 2983 2786 2986 2985
f 2983 2789 2785 2786
f 2986 2988 2987 2985
f 2986 2783 2989 2988
f 2986 2786 2782 2783
f 2989 1463 1462 2988
f 2989 2780 1464 1463
f 2989 2783 2779 2780
f 1464 2780 2777 1465
f 1462 1466 2987 2988
f 1466 1468 2990 2987
f 1468 1470 2991 2990
f 1470 1471 1923 2991
f 1471 1472 1919 1923
f 1472 1473 1918 1919
f 1473 1475 2992 1918
f 1475 1477 2993 2992
f 1477 1478 1999 2993
f 1478 404 1995 1999
f 2993 1999 2000 2004
f 2993 2004 2994 2992
f 2994 2004 2005 2009
f 2994 1917 1918 2992
f 2994 2009 1916 1917
f 2991 2995 2984 2990
f 2991 1923 1920 2995
f 2995 2981 2982 2984
f 2995 1920 1921 2981
f 2990 2984 2985 2987
f 2981 1921 2978 2979
f 2978 1921 1922 2996
f 2978 2996 2975 2976
f 2996 1922 2998 2997
f 2996 2997 2968 2975
f 2998 1915 3000 2999
f 2998 1922 1682 1915
f 2998 2999 3001 2997
f 3001 2999 1874 1875
f 3001 2966 2968 2997
f 3001 1875 2964 2966
f 3000 2014 2015 1882
f 3000 1915 1916 2014
f 3000 1882 1874 2999
f 2975 2968 2969 2971
f 2964 1875 1876 2963
f 2963 1876 1877 2962
f 2962 1877 3002 2955
f 2962 2955 2956 2958
f 3002 1877 1878 3003
f 3002 2952 2953 2955
f 3002 3003 3004 2952
f 3004 3003 3006 3005
f 3004 2949 2950 2952
f 3004 3005 3007 2949
f 3007 3005 3009 3008
f 3007 2946 2947 2949
f 3007 3008 3010 2946
f 3010 3008 3012 3011
f 3010 2943 2944 2946
f 3010 3011 3013 2943
f 3013 3011 3015 3014
f 3013 2938 2940 2943
f 3013 3014 2936 2938
f 3015 2039 2040 2044
f 3015 3011 3012 2039
f 3015 2044 3016 3014
f 3016 2044 2045 2049
f 3016 2934 2936 3014
f 3016 2049 2933 2934
f 3012 2034 2035 2039
f 3012 3008 3009 2034
f 3009 2029 2030 2034
f 3009 3005 3006 2029
f 3006 1879 2025 2029
f 3006 3003 1878 1879
f 2933 2049 2050 2054
f 2931 2054 2055 2059
f 2929 2059 2060 2064
f 2927 2064 2065 2069
f 2925 2069 2070 2074
f 2913 2074 2075 2079
f 2908 2148 2149 2151
f 2904 2151 2152 2154
f 2900 2154 2155 2157
f 2884 2163 2165 2168
f 2880 2168 2169 2171
f 2876 2171 2172 2174
f 2872 2174 2175 2177
f 2868 2177 2178 2180
f 2864 2180 2181 2183
f 2860 2183 2184 2186
f 2856 2186 2187 2189
f 2852 2189 2190 2192
f 2849 2192 2193 2195
f 2847 2198 1808 2845
f 2847 2195 2196 2198
f 2845 1808 1805 2844
f 2844 1805 1806 2843
f 2843 3017 2840 2841
f 2843 1806 3018 3017
f 3018 1763 3019 3017
f 3018 3020 1762 1763
f 3018 1806 1802 3020
f 3020 3021 1766 1762
f 3020 1802 1803 3021
f 3021 3023 3022 1766
f 3021 1803 3024 3023
f 3024 3026 3025 3023
f 3024 3028 3027 3026
f 3024 1803 1804 3028
f 3028 3030 3029 3027
f 3028 1804 1811 3030
f 3030 3032 3031 3029
f 3030 1811 2204 3032
f 3032 2207 3033 3031
f 3032 2204 2205 2207
f 3033 3035 3034 3031
f 3033 2210 3036 3035
f 3033 2207 2208 2210
f 3036 3038 3037 3035
f 3036 2213 3039 3038
f 3036 2210 2211 2213
f 3039 3041 3040 3038
f 3039 2216 3042 3041
f 3039 2213 2214 2216
f 3042 3044 3043 3041
f 3042 2219 3045 3044
f 3042 2216 2217 2219
f 3045 2228 2229 3044
f 3045 2222 2227 2228
f 3045 2219 2220 2222
f 3044 2229 2230 3043
f 3043 2230 2231 3046
f 3043 3046 3040 3041
f 3046 2231 2232 3047
f 3046 3047 3048 3040
f 3048 3047 1934 1935
f 3048 3037 3038 3040
f 3048 1935 3049 3037
f 3049 1935 1932 3050
f 3049 3034 3035 3037
f 3049 3050 3051 3034
f 3051 3050 3053 3052
f 3051 3029 3031 3034
f 3051 3052 3027 3029
f 3053 1933 1889 3054
f 3053 3050 1932 1933
f 3053 3054 3055 3052
f 3055 3054 1863 1864
f 3055 3026 3027 3052
f 3055 1864 3025 3026
f 3054 1889 1873 1863
f 3047 2232 1936 1934
f 3025 1864 1672 3056
f 3025 3056 3022 3023
f 3056 1672 1858 3057
f 3056 3057 3058 3022
f 3058 3057 3060 3059
f 3058 1765 1766 3022
f 3058 3059 1764 1765
f 3060 3063 3062 3061
f 3060 3057 1858 3063
f 3060 3061 3064 3059
f 3064 3061 3066 3065
f 3064 3067 1764 3059
f 3064 3065 3068 3067
f 3068 3065 3070 3069
f 3068 3072 3071 3067
f 3068 3069 3073 3072
f 3073 3069 3075 3074
f 3073 2283 2284 3072
f 3073 3074 2282 2283
f 3075 3076 2268 2270
f 3075 3069 3070 3076
f 3075 2270 2272 3074
f 3076 2263 2264 2268
f 3076 3070 3077 2263
f 3077 2258 2259 2263
f 3077 3066 3078 2258
f 3077 3070 3065 3066
f 3078 2254 2255 2258
f 3078 3062 3079 2254
f 3078 3066 3061 3062
f 3079 2250 2251 2254
f 3079 3081 3080 2250
f 3079 3062 3063 3081
f 3081 1859 3082 3080
f 3081 3063 1858 1859
f 3082 3083 2247 3080
f 3082 3085 3084 3083
f 3082 1859 1860 3085
f 3085 3087 3086 3084
f 3085 1860 1861 3087
f 3087 1857 3088 3086
f 3087 1861 1856 1857
f 3086 3090 3089 3084
f 3086 3088 3091 3090
f 3091 2238 2239 3090
f 3091 3092 2237 2238
f 3091 3088 1869 3092
f 3092 3093 2236 2237
f 3092 1869 1870 3093
f 3093 3094 2235 2236
f 3093 1870 3095 3094
f 3095 3097 3096 3094
f 3095 3099 3098 3097
f 3095 1870 1865 3099
f 3099 3100 1906 3098
f 3099 1865 1866 3100
f 3100 1891 1892 1906
f 3100 1866 1895 1891
f 3098 3102 3101 3097
f 3098 1906 1907 3102
f 3102 1903 1904 3101
f 3102 1907 1902 1903
f 3101 3103 3096 3097
f 3101 1904 1929 3103
f 3103 2233 2234 3096
f 3103 1929 1930 2233
f 3096 2234 2235 3094
f 3090 2239 2240 3089
f 3089 2240 2241 2244
f 3089 2244 3083 3084
f 3083 2244 2245 2247
f 3080 2247 2248 2250
f 3074 2272 2281 2282
f 3072 2284 2285 3071
f 3071 1759 1764 3067
f 3071 2285 1758 1759
f 3019 3106 3105 3104
f 3019 1763 1760 3106
f 3019 3104 2840 3017
f 3106 2286 2287 3105
f 3106 1760 1761 2286
f 3105 2287 2288 3107
f 3105 3107 3108 3104
f 3108 3107 3110 3109
f 3108 2838 2840 3104
f 3108 3109 2837 2838
f 3110 2289 2290 3111
f 3110 3107 2288 2289
f 3110 3111 3112 3109
f 3112 3111 3114 3113
f 3112 2836 2837 3109
f 3112 3113 3115 2836
f 3115 3113 1712 1713
f 3115 2829 2834 2836
f 3115 1713 2826 2829
f 3114 2291 2292 1711
f 3114 3111 2290 2291
f 3114 1711 1712 3113
f 2826 1713 1714 2825
f 2821 2814 1792 1793
f 2815 1795 1792 2814
f 2809 2302 2303 2305
f 2799 2311 1812 1813
f 2795 1813 1663 2794
f 2794 2764 2765 2790
f 2794 1663 1801 2764
f 2316 1800 1797 2314
f 2294 1715 1710 2293
f 2293 1710 1711 2292
f 2281 2272 2273 2276
f 2280 1720 3116 1694
f 2280 2275 1719 1720
f 2280 1694 1695 2279
f 3116 3119 3118 3117
f 3116 1720 1716 3119
f 3116 3117 1693 1694
f 3119 1692 1690 3118
f 3119 1716 1717 1692
f 3118 1690 53 1605
f 3118 1605 1606 3117
f 1606 62 1693 3117
f 2267 3122 3121 3120
f 2267 2261 2262 3122
f 2267 3120 1723 2266
f 3122 1756 3123 3121
f 3122 2262 1755 1756
f 3123 3126 3125 3124
f 3123 1756 1751 3126
f 3123 3124 3127 3121
f 3127 3124 3129 3128
f 3127 3130 3120 3121
f 3127 3128 3131 3130
f 3131 3128 1620 1619
f 3131 3132 1722 3130
f 3131 1619 1622 3132
f 1622 1624 3133 3132
f 1624 1625 1707 3133
f 1625 1626 1706 1707
f 1626 1627 1709 1706
f 1627 1629 3134 1709
f 1629 1631 3135 3134
f 1631 57 1691 3135
f 3135 1717 1718 3134
f 3135 1691 1692 1717
f 3134 1718 1708 1709
f 3133 1721 1722 3132
f 3133 1707 1708 1721
f 1620 3128 3129 1632
f 1632 3129 3136 1633
f 3136 1687 47 1633
f 3136 3125 1689 1687
f 3136 3129 3124 3125
f 3130 1722 1723 3120
f 3126 3137 1689 3125
f 3126 1751 1752 3137
f 3137 3138 1688 1689
f 3137 1752 1769 3138
f 3138 1637 49 1688
f 3138 1769 1638 1637
f 1638 1769 1767 158
f 2266 1723 1647 1724
f 2262 2257 1754 1755
f 2253 1768 1753 1754
f 2227 2222 2223 2225
f 2204 1811 1809 2202
f 2199 1807 1808 2198
f 2148 2142 2143 2145
f 2123 1853 1849 2119
f 2014 1916 2009 2010
f 2778 1924 1925 1967
f 1933 1905 1679 1889
f 1908 3139 1901 1902
f 1908 1893 1896 3139
f 3139 1897 1898 1901
f 3139 1896 1900 1897
f 1900 1885 1886 1899
f 1900 1896 1894 1885
f 1899 1886 1887 1890
f 1899 1890 1888 1898
f 1895 1866 1867 1884
f 1895 1884 1885 1894
f 1890 1887 3140 1872
f 3140 3141 1671 1855
f 3140 1887 1883 3141
f 3140 1855 1674 1872
f 1883 1867 1868 3141
f 1873 1871 1862 1863
f 1871 1856 1861 1862
f 1868 1857 1671 3141
f 1868 1869 3088 1857
f 1854 1852 1845 1846
f 1853 1844 1845 1852
f 652 653 1930 1931
f 387 325 1943 1944
f 675 159 1658 1787
f 1787 2243 675
f 359 1465 2777 1964
f 1964 2777 2778 1967
g Group22015
f 3142 3146 3147 3148
f 3142 3148 3149 3150
f 3142 3150 3151 3152
f 3143 3147 3153 3154
f 3143 3155 3148 3147
f 3143 3154 3156 3155
f 3144 3157 3158 3159
f 3144 3160 3161 3157
f 3144 3159 3162 3160
f 3145 3163 3159 3158
f 3145 3164 3165 3166
f 3145 3166 3167 3163
f 3145 3168 3169 3164
f 3169 3170 3171 3172
f 3169 3172 3173 3164
f 3169 3168 3174 3170
f 3174 3175 3176 3170
f 3174 3168 3177 3178
f 3174 3178 3179 3175
f 3179 3180 3181 3175
f 3179 3178 3182 3183
f 3179 3183 3184 3180
f 3184 3185 3186 3180
f 3184 3183 3187 3188
f 3184 3188 3189 3185
f 3189 3190 3191 3185
f 3189 3188 3192 3193
f 3189 3193 3194 3190
f 3194 3195 3196 3190
f 3194 3193 3197 3198
f 3194 3198 3199 3195
f 3199 3200 3201 3195
f 3199 3198 3202 3203
f 3199 3203 3204 3200
f 3204 3205 3206 3200
f 3204 3203 3207 3208
f 3204 3208 3209 3205
f 3209 3208 3210 3211
f 3211 3210 3212 3213
f 3213 3212 3214 3215
f 3215 3214 3216 3217
f 3217 3216 3218 3219
f 3219 3218 3220 3221
f 3221 3220 3222 3223
f 3223 3222 3224 3225
f 3225 3224 3226 3227
f 3227 3226 3228 3229
f 3229 3228 3230 3231
f 3231 3230 3232 3233
f 3233 3232 3234 3235
f 3235 3234 3236 3237
f 3237 3236 3201 3238
f 3238 3201 3200 3206
f 3236 3234 3239 3196
f 3236 3196 3195 3201
f 3239 3234 3232 3240
f 3239 3240 3241 3191
f 3239 3191 3190 3196
f 3241 3240 3242 3243
f 3241 3243 3244 3186
f 3241 3186 3185 3191
f 3244 3243 3245 3246
f 3244 3246 3247 3181
f 3244 3181 3180 3186
f 3247 3246 3248 3249
f 3247 3249 3250 3176
f 3247 3176 3175 3181
f 3250 3249 3251 3252
f 3250 3252 3253 3171
f 3250 3171 3170 3176
f 3253 3252 3254 3255
f 3253 3255 3256 3257
f 3253 3257 3172 3171
f 3257 3256 3258 3259
f 3257 3259 3173 3172
f 3259 3258 3260 3261
f 3259 3261 3262 3173
f 3262 3261 3263 3264
f 3262 3264 3265 3165
f 3262 3165 3164 3173
f 3265 3266 3166 3165
f 3266 3267 3167 3166
f 3267 3268 3269 3167
f 3269 3270 3163 3167
f 3269 3268 3271 3272
f 3269 3272 3273 3270
f 3273 3274 3162 3270
f 3273 3272 3275 3276
f 3273 3276 3277 3274
f 3277 3278 3279 3274
f 3277 3276 3280 3156
f 3277 3156 3154 3278
f 3280 3276 3275 3281
f 3280 3281 3282 3283
f 3280 3283 3155 3156
f 3283 3282 3284 3149
f 3283 3149 3148 3155
f 3284 3282 3285 3286
f 3284 3286 3287 3288
f 3284 3288 3150 3149
f 3288 3287 3289 3290
f 3288 3290 3151 3150
f 3290 3289 3291 3292
f 3290 3292 3293 3151
f 3293 3294 3152 3151
f 3293 3292 3295 3296
f 3293 3296 3297 3294
f 3297 3298 3299 3294
f 3297 3296 3300 3301
f 3297 3301 3302 3298
f 3302 3303 3304 3298
f 3302 3301 3305 3306
f 3302 3306 3307 3303
f 3307 3308 3309 3303
f 3307 3306 3255 3254
f 3307 3254 3310 3308
f 3310 3311 3312 3308
f 3310 3254 3252 3251
f 3310 3251 3313 3311
f 3313 3314 3315 3311
f 3313 3251 3249 3248
f 3313 3248 3316 3314
f 3316 3317 3318 3314
f 3316 3248 3246 3245
f 3316 3245 3319 3317
f 3319 3228 3226 3317
f 3319 3245 3243 3242
f 3319 3242 3230 3228
f 3318 3224 3222 3320
f 3318 3320 3315 3314
f 3318 3317 3226 3224
f 3320 3222 3220 3321
f 3320 3321 3322 3315
f 3322 3321 3323 3324
f 3322 3324 3325 3312
f 3322 3312 3311 3315
f 3325 3324 3326 3327
f 3325 3327 3328 3309
f 3325 3309 3308 3312
f 3328 3327 3329 3330
f 3328 3330 3331 3304
f 3328 3304 3303 3309
f 3331 3330 3332 3333
f 3331 3333 3334 3299
f 3331 3299 3298 3304
f 3334 3333 3335 3336
f 3334 3336 3142 3152
f 3334 3152 3294 3299
f 3336 3335 3337 3338
f 3336 3338 3146 3142
f 3338 3337 3339 3340
f 3338 3340 3341 3146
f 3341 3340 3342 3343
f 3341 3343 3344 3153
f 3341 3153 3147 3146
f 3344 3343 3345 3346
f 3344 3346 3279 3278
f 3344 3278 3154 3153
f 3346 3345 3347 3161
f 3346 3161 3160 3279
f 3347 3348 3182 3349
f 3347 3349 3157 3161
f 3347 3345 3350 3348
f 3350 3351 3187 3348
f 3350 3345 3343 3342
f 3350 3342 3352 3351
f 3352 3353 3192 3351
f 3352 3342 3340 3339
f 3352 3339 3354 3353
f 3354 3355 3197 3353
f 3354 3339 3337 3356
f 3354 3356 3357 3355
f 3357 3358 3202 3355
f 3357 3356 3359 3360
f 3357 3360 3361 3358
f 3361 3362 3207 3358
f 3361 3360 3363 3364
f 3361 3364 3365 3362
f 3365 3212 3210 3362
f 3365 3364 3366 3367
f 3365 3367 3214 3212
f 3367 3366 3326 3368
f 3367 3368 3216 3214
f 3368 3326 3324 3323
f 3368 3323 3218 3216
f 3366 3364 3363 3329
f 3366 3329 3327 3326
f 3363 3360 3359 3332
f 3363 3332 3330 3329
f 3362 3210 3208 3207
f 3359 3356 3337 3335
f 3359 3335 3333 3332
f 3358 3207 3203 3202
f 3355 3202 3198 3197
f 3353 3197 3193 3192
f 3351 3192 3188 3187
f 3349 3182 3178 3177
f 3349 3177 3158 3157
f 3348 3187 3183 3182
f 3323 3321 3220 3218
f 3306 3305 3256 3255
f 3305 3301 3300 3369
f 3305 3369 3258 3256
f 3369 3300 3370 3371
f 3369 3371 3260 3258
f 3371 3370 3372 3373
f 3371 3373 3374 3260
f 3374 3263 3261 3260
f 3372 3370 3295 3375
f 3375 3295 3292 3291
f 3370 3300 3296 3295
f 3285 3282 3281 3376
f 3376 3281 3275 3377
f 3377 3275 3272 3271
f 3279 3160 3162 3274
f 3270 3162 3159 3163
f 3242 3240 3232 3230
f 3177 3168 3145 3158
f 3378 3382 3383 3384
f 3378 3384 3385 3386
f 3378 3386 3387 3382
f 3379 3388 3389 3390
f 3379 3391 3392 3388
f 3379 3393 3394 3391
f 3379 3390 3395 3396
f 3379 3396 3397 3393
f 3380 3398 3399 3400
f 3380 3400 3401 3402
f 3380 3402 3403 3398
f 3381 3404 3405 3406
f 3381 3407 3408 3404
f 3381 3409 3410 3407
f 3410 3411 3412 3413
f 3410 3413 3414 3407
f 3410 3409 3415 3411
f 3415 3416 3417 3411
f 3415 3409 3418 3419
f 3415 3419 3420 3416
f 3420 3421 3422 3416
f 3420 3419 3423 3424
f 3420 3424 3425 3421
f 3425 3426 3427 3421
f 3425 3424 3428 3429
f 3425 3429 3430 3426
f 3430 3431 3432 3426
f 3430 3429 3433 3434
f 3430 3434 3435 3431
f 3435 3436 3437 3431
f 3435 3434 3438 3439
f 3435 3439 3440 3436
f 3440 3441 3442 3436
f 3440 3439 3443 3444
f 3440 3444 3445 3441
f 3445 3446 3447 3441
f 3445 3444 3448 3449
f 3445 3449 3450 3446
f 3450 3451 3452 3446
f 3450 3449 3453 3454
f 3450 3454 3455 3451
f 3455 3456 3457 3451
f 3457 3458 3459 3460
f 3457 3460 3452 3451
f 3457 3456 3461 3458
f 3461 3462 3463 3458
f 3463 3464 3465 3466
f 3463 3466 3459 3458
f 3463 3462 3467 3464
f 3467 3468 3469 3464
f 3469 3470 3471 3472
f 3469 3472 3465 3464
f 3469 3468 3473 3470
f 3473 3474 3475 3470
f 3475 3476 3477 3478
f 3475 3478 3471 3470
f 3475 3474 3479 3476
f 3479 3480 3481 3476
f 3481 3482 3483 3484
f 3481 3484 3477 3476
f 3481 3480 3485 3482
f 3485 3486 3487 3482
f 3487 3488 3489 3490
f 3487 3490 3483 3482
f 3487 3486 3491 3488
f 3491 3492 3493 3488
f 3493 3494 3495 3496
f 3493 3496 3489 3488
f 3493 3492 3497 3494
f 3497 3498 3499 3494
f 3499 3448 3444 3443
f 3499 3443 3495 3494
f 3499 3498 3500 3448
f 3500 3453 3449 3448
f 3496 3495 3438 3501
f 3496 3501 3502 3489
f 3502 3501 3433 3503
f 3502 3503 3504 3505
f 3502 3505 3490 3489
f 3505 3504 3506 3507
f 3505 3507 3483 3490
f 3507 3506 3508 3509
f 3507 3509 3484 3483
f 3509 3508 3510 3511
f 3509 3511 3477 3484
f 3511 3510 3512 3513
f 3511 3513 3478 3477
f 3513 3512 3514 3515
f 3513 3515 3471 3478
f 3515 3514 3516 3517
f 3515 3517 3472 3471
f 3517 3516 3518 3519
f 3517 3519 3465 3472
f 3519 3518 3520 3521
f 3519 3521 3466 3465
f 3521 3520 3522 3523
f 3521 3523 3459 3466
f 3523 3522 3524 3525
f 3523 3525 3460 3459
f 3525 3524 3526 3527
f 3525 3527 3452 3460
f 3527 3526 3528 3447
f 3527 3447 3446 3452
f 3528 3526 3529 3530
f 3528 3530 3531 3442
f 3528 3442 3441 3447
f 3531 3530 3532 3533
f 3531 3533 3534 3437
f 3531 3437 3436 3442
f 3534 3533 3535 3536
f 3534 3536 3537 3432
f 3534 3432 3431 3437
f 3537 3536 3538 3539
f 3537 3539 3540 3427
f 3537 3427 3426 3432
f 3540 3539 3541 3542
f 3540 3542 3543 3422
f 3540 3422 3421 3427
f 3543 3542 3544 3545
f 3543 3545 3546 3417
f 3543 3417 3416 3422
f 3546 3412 3411 3417
f 3544 3542 3541 3547
f 3547 3541 3548 3549
f 3549 3548 3550 3551
f 3551 3550 3388 3392
f 3550 3548 3538 3552
f 3550 3552 3389 3388
f 3552 3538 3536 3535
f 3552 3535 3553 3389
f 3553 3554 3390 3389
f 3553 3535 3533 3532
f 3553 3532 3555 3554
f 3555 3556 3557 3554
f 3555 3532 3530 3529
f 3555 3529 3558 3556
f 3558 3559 3560 3556
f 3558 3529 3526 3524
f 3558 3524 3522 3559
f 3560 3561 3562 3563
f 3560 3563 3557 3556
f 3560 3559 3564 3561
f 3564 3565 3566 3561
f 3564 3559 3522 3520
f 3564 3520 3518 3565
f 3566 3567 3568 3569
f 3566 3569 3562 3561
f 3566 3565 3570 3567
f 3570 3571 3572 3567
f 3570 3565 3518 3516
f 3570 3516 3514 3571
f 3572 3573 3574 3575
f 3572 3575 3568 3567
f 3572 3571 3576 3573
f 3576 3577 3578 3573
f 3576 3571 3514 3512
f 3576 3512 3510 3577
f 3578 3579 3580 3581
f 3578 3581 3574 3573
f 3578 3577 3582 3579
f 3582 3583 3584 3579
f 3582 3577 3510 3508
f 3582 3508 3506 3583
f 3584 3423 3419 3418
f 3584 3418 3580 3579
f 3584 3583 3585 3423
f 3585 3428 3424 3423
f 3585 3583 3506 3504
f 3585 3504 3503 3428
f 3581 3580 3381 3406
f 3581 3406 3586 3574
f 3586 3406 3405 3587
f 3586 3587 3588 3589
f 3586 3589 3575 3574
f 3589 3588 3590 3591
f 3589 3591 3568 3575
f 3591 3590 3592 3593
f 3591 3593 3569 3568
f 3593 3592 3594 3595
f 3593 3595 3562 3569
f 3595 3594 3596 3597
f 3595 3597 3563 3562
f 3597 3596 3396 3395
f 3597 3395 3557 3563
f 3596 3594 3386 3385
f 3596 3385 3397 3396
f 3594 3592 3387 3386
f 3592 3590 3598 3387
f 3598 3399 3398 3599
f 3598 3599 3382 3387
f 3598 3590 3588 3399
f 3599 3398 3403 3600
f 3599 3600 3383 3382
f 3600 3403 3601 3602
f 3600 3602 3603 3383
f 3603 3602 3604 3605
f 3603 3605 3606 3607
f 3603 3607 3384 3383
f 3607 3606 3393 3397
f 3607 3397 3385 3384
f 3606 3605 3608 3609
f 3606 3609 3394 3393
f 3608 3605 3604 3610
f 3610 3604 3611 3612
f 3612 3611 3613 3614
f 3614 3613 3615 3616
f 3616 3615 3408 3617
f 3617 3408 3407 3414
f 3615 3618 3404 3408
f 3615 3613 3619 3618
f 3619 3402 3401 3618
f 3619 3613 3611 3601
f 3619 3601 3403 3402
f 3618 3401 3405 3404
f 3611 3604 3602 3601
f 3588 3587 3400 3399
f 3587 3405 3401 3400
f 3580 3418 3409 3381
f 3557 3395 3390 3554
f 3548 3541 3539 3538
f 3503 3433 3429 3428
f 3501 3438 3434 3433
f 3495 3443 3439 3438
f 3620 3626 3625 3624
f 3620 3628 3627 3626
f 3620 3630 3629 3628
f 3621 3632 3631 3625
f 3621 3625 3626 3633
f 3621 3633 3634 3632
f 3622 3637 3636 3635
f 3622 3635 3639 3638
f 3622 3638 3640 3637
f 3623 3636 3637 3641
f 3623 3644 3643 3642
f 3623 3641 3645 3644
f 3623 3642 3647 3646
f 3647 3650 3649 3648
f 3647 3642 3651 3650
f 3647 3648 3652 3646
f 3652 3648 3654 3653
f 3652 3656 3655 3646
f 3652 3653 3657 3656
f 3657 3653 3659 3658
f 3657 3661 3660 3656
f 3657 3658 3662 3661
f 3662 3658 3664 3663
f 3662 3666 3665 3661
f 3662 3663 3667 3666
f 3667 3663 3669 3668
f 3667 3671 3670 3666
f 3667 3668 3672 3671
f 3672 3668 3674 3673
f 3672 3676 3675 3671
f 3672 3673 3677 3676
f 3677 3673 3679 3678
f 3677 3681 3680 3676
f 3677 3678 3682 3681
f 3682 3678 3206 3205
f 3682 3684 3683 3681
f 3682 3205 3209 3684
f 3209 3211 3685 3684
f 3211 3213 3686 3685
f 3213 3215 3687 3686
f 3215 3217 3688 3687
f 3217 3219 3689 3688
f 3219 3221 3690 3689
f 3221 3223 3691 3690
f 3223 3225 3692 3691
f 3225 3227 3693 3692
f 3227 3229 3694 3693
f 3229 3231 3695 3694
f 3231 3233 3696 3695
f 3233 3235 3697 3696
f 3235 3237 3698 3697
f 3237 3238 3679 3698
f 3238 3206 3678 3679
f 3698 3674 3699 3697
f 3698 3679 3673 3674
f 3699 3700 3696 3697
f 3699 3669 3701 3700
f 3699 3674 3668 3669
f 3701 3703 3702 3700
f 3701 3664 3704 3703
f 3701 3669 3663 3664
f 3704 3706 3705 3703
f 3704 3659 3707 3706
f 3704 3664 3658 3659
f 3707 3709 3708 3706
f 3707 3654 3710 3709
f 3707 3659 3653 3654
f 3710 3712 3711 3709
f 3710 3649 3713 3712
f 3710 3654 3648 3649
f 3713 3715 3714 3712
f 3713 3717 3716 3715
f 3713 3649 3650 3717
f 3717 3719 3718 3716
f 3717 3650 3651 3719
f 3719 3721 3720 3718
f 3719 3651 3722 3721
f 3722 3264 3263 3721
f 3722 3643 3265 3264
f 3722 3651 3642 3643
f 3265 3643 3644 3266
f 3266 3644 3645 3267
f 3267 3645 3723 3268
f 3723 3645 3641 3724
f 3723 3725 3271 3268
f 3723 3724 3726 3725
f 3726 3724 3640 3727
f 3726 3729 3728 3725
f 3726 3727 3730 3729
f 3730 3727 3732 3731
f 3730 3634 3733 3729
f 3730 3731 3632 3634
f 3733 3734 3728 3729
f 3733 3736 3735 3734
f 3733 3634 3633 3736
f 3736 3627 3737 3735
f 3736 3633 3626 3627
f 3737 3286 3285 3735
f 3737 3738 3287 3286
f 3737 3627 3628 3738
f 3738 3739 3289 3287
f 3738 3628 3629 3739
f 3739 3740 3291 3289
f 3739 3629 3741 3740
f 3741 3629 3630 3742
f 3741 3744 3743 3740
f 3741 3742 3745 3744
f 3745 3742 3747 3746
f 3745 3749 3748 3744
f 3745 3746 3750 3749
f 3750 3746 3752 3751
f 3750 3754 3753 3749
f 3750 3751 3755 3754
f 3755 3751 3757 3756
f 3755 3714 3715 3754
f 3755 3756 3758 3714
f 3758 3756 3760 3759
f 3758 3711 3712 3714
f 3758 3759 3761 3711
f 3761 3759 3763 3762
f 3761 3708 3709 3711
f 3761 3762 3764 3708
f 3764 3762 3766 3765
f 3764 3705 3706 3708
f 3764 3765 3767 3705
f 3767 3765 3693 3694
f 3767 3702 3703 3705
f 3767 3694 3695 3702
f 3766 3768 3691 3692
f 3766 3762 3763 3768
f 3766 3692 3693 3765
f 3768 3769 3690 3691
f 3768 3763 3770 3769
f 3770 3772 3771 3769
f 3770 3760 3773 3772
f 3770 3763 3759 3760
f 3773 3775 3774 3772
f 3773 3757 3776 3775
f 3773 3760 3756 3757
f 3776 3778 3777 3775
f 3776 3752 3779 3778
f 3776 3757 3751 3752
f 3779 3781 3780 3778
f 3779 3747 3782 3781
f 3779 3752 3746 3747
f 3782 3784 3783 3781
f 3782 3630 3620 3784
f 3782 3747 3742 3630
f 3784 3786 3785 3783
f 3784 3620 3624 3786
f 3786 3788 3787 3785
f 3786 3624 3789 3788
f 3789 3791 3790 3788
f 3789 3631 3792 3791
f 3789 3624 3625 3631
f 3792 3794 3793 3791
f 3792 3731 3732 3794
f 3792 3631 3632 3731
f 3794 3639 3795 3793
f 3794 3732 3638 3639
f 3795 3797 3660 3796
f 3795 3639 3635 3797
f 3795 3796 3798 3793
f 3798 3796 3665 3799
f 3798 3790 3791 3793
f 3798 3799 3800 3790
f 3800 3799 3670 3801
f 3800 3787 3788 3790
f 3800 3801 3802 3787
f 3802 3801 3675 3803
f 3802 3804 3785 3787
f 3802 3803 3805 3804
f 3805 3803 3680 3806
f 3805 3808 3807 3804
f 3805 3806 3809 3808
f 3809 3806 3683 3810
f 3809 3812 3811 3808
f 3809 3810 3813 3812
f 3813 3810 3685 3686
f 3813 3815 3814 3812
f 3813 3686 3687 3815
f 3815 3816 3774 3814
f 3815 3687 3688 3816
f 3816 3771 3772 3774
f 3816 3688 3689 3771
f 3814 3777 3811 3812
f 3814 3774 3775 3777
f 3811 3780 3807 3808
f 3811 3777 3778 3780
f 3810 3683 3684 3685
f 3807 3783 3785 3804
f 3807 3780 3781 3783
f 3806 3680 3681 3683
f 3803 3675 3676 3680
f 3801 3670 3671 3675
f 3799 3665 3666 3670
f 3797 3655 3656 3660
f 3797 3635 3636 3655
f 3796 3660 3661 3665
f 3771 3689 3690 3769
f 3754 3715 3716 3753
f 3753 3817 3748 3749
f 3753 3716 3718 3817
f 3817 3819 3818 3748
f 3817 3718 3720 3819
f 3819 3373 3372 3818
f 3819 3720 3374 3373
f 3374 3720 3721 3263
f 3372 3375 3743 3818
f 3375 3291 3740 3743
f 3818 3743 3744 3748
f 3285 3376 3734 3735
f 3376 3377 3728 3734
f 3377 3271 3725 3728
f 3732 3727 3640 3638
f 3724 3641 3637 3640
f 3702 3695 3696 3700
f 3655 3636 3623 3646
f 3820 3826 3825 3824
f 3820 3828 3827 3826
f 3820 3824 3829 3828
f 3821 3832 3831 3830
f 3821 3830 3392 3391
f 3821 3391 3394 3833
f 3821 3835 3834 3832
f 3821 3833 3836 3835
f 3822 3839 3838 3837
f 3822 3841 3840 3839
f 3822 3837 3842 3841
f 3823 3845 3844 3843
f 3823 3843 3847 3846
f 3823 3846 3849 3848
f 3849 3413 3412 3850
f 3849 3846 3414 3413
f 3849 3850 3851 3848
f 3851 3850 3853 3852
f 3851 3855 3854 3848
f 3851 3852 3856 3855
f 3856 3852 3858 3857
f 3856 3860 3859 3855
f 3856 3857 3861 3860
f 3861 3857 3863 3862
f 3861 3865 3864 3860
f 3861 3862 3866 3865
f 3866 3862 3868 3867
f 3866 3870 3869 3865
f 3866 3867 3871 3870
f 3871 3867 3873 3872
f 3871 3875 3874 3870
f 3871 3872 3876 3875
f 3876 3872 3878 3877
f 3876 3880 3879 3875
f 3876 3877 3881 3880
f 3881 3877 3883 3882
f 3881 3885 3884 3880
f 3881 3882 3886 3885
f 3886 3882 3888 3887
f 3886 3454 3453 3885
f 3886 3887 3455 3454
f 3455 3887 3889 3456
f 3889 3892 3891 3890
f 3889 3887 3888 3892
f 3889 3890 3461 3456
f 3461 3890 3893 3462
f 3893 3896 3895 3894
f 3893 3890 3891 3896
f 3893 3894 3467 3462
f 3467 3894 3897 3468
f 3897 3900 3899 3898
f 3897 3894 3895 3900
f 3897 3898 3473 3468
f 3473 3898 3901 3474
f 3901 3904 3903 3902
f 3901 3898 3899 3904
f 3901 3902 3479 3474
f 3479 3902 3905 3480
f 3905 3908 3907 3906
f 3905 3902 3903 3908
f 3905 3906 3485 3480
f 3485 3906 3909 3486
f 3909 3912 3911 3910
f 3909 3906 3907 3912
f 3909 3910 3491 3486
f 3491 3910 3913 3492
f 3913 3916 3915 3914
f 3913 3910 3911 3916
f 3913 3914 3497 3492
f 3497 3914 3917 3498
f 3917 3879 3880 3884
f 3917 3914 3915 3879
f 3917 3884 3500 3498
f 3500 3884 3885 3453
f 3916 3918 3874 3915
f 3916 3911 3919 3918
f 3919 3920 3869 3918
f 3919 3922 3921 3920
f 3919 3911 3912 3922
f 3922 3924 3923 3921
f 3922 3912 3907 3924
f 3924 3926 3925 3923
f 3924 3907 3908 3926
f 3926 3928 3927 3925
f 3926 3908 3903 3928
f 3928 3930 3929 3927
f 3928 3903 3904 3930
f 3930 3932 3931 3929
f 3930 3904 3899 3932
f 3932 3934 3933 3931
f 3932 3899 3900 3934
f 3934 3936 3935 3933
f 3934 3900 3895 3936
f 3936 3938 3937 3935
f 3936 3895 3896 3938
f 3938 3940 3939 3937
f 3938 3896 3891 3940
f 3940 3942 3941 3939
f 3940 3891 3892 3942
f 3942 3944 3943 3941
f 3942 3892 3888 3944
f 3944 3883 3945 3943
f 3944 3888 3882 3883
f 3945 3947 3946 3943
f 3945 3878 3948 3947
f 3945 3883 3877 3878
f 3948 3950 3949 3947
f 3948 3873 3951 3950
f 3948 3878 3872 3873
f 3951 3953 3952 3950
f 3951 3868 3954 3953
f 3951 3873 3867 3868
f 3954 3956 3955 3953
f 3954 3863 3957 3956
f 3954 3868 3862 3863
f 3957 3959 3958 3956
f 3957 3858 3960 3959
f 3957 3863 3857 3858
f 3960 3545 3544 3959
f 3960 3853 3546 3545
f 3960 3858 3852 3853
f 3546 3853 3850 3412
f 3544 3547 3958 3959
f 3547 3549 3961 3958
f 3549 3551 3962 3961
f 3551 3392 3830 3962
f 3962 3963 3955 3961
f 3962 3830 3831 3963
f 3963 3952 3953 3955
f 3963 3831 3964 3952
f 3964 3831 3832 3965
f 3964 3949 3950 3952
f 3964 3965 3966 3949
f 3966 3965 3968 3967
f 3966 3946 3947 3949
f 3966 3967 3969 3946
f 3969 3967 3971 3970
f 3969 3941 3943 3946
f 3969 3970 3939 3941
f 3971 3974 3973 3972
f 3971 3967 3968 3974
f 3971 3972 3975 3970
f 3975 3972 3977 3976
f 3975 3937 3939 3970
f 3975 3976 3935 3937
f 3977 3980 3979 3978
f 3977 3972 3973 3980
f 3977 3978 3981 3976
f 3981 3978 3983 3982
f 3981 3933 3935 3976
f 3981 3982 3931 3933
f 3983 3986 3985 3984
f 3983 3978 3979 3986
f 3983 3984 3987 3982
f 3987 3984 3989 3988
f 3987 3929 3931 3982
f 3987 3988 3927 3929
f 3989 3992 3991 3990
f 3989 3984 3985 3992
f 3989 3990 3993 3988
f 3993 3990 3995 3994
f 3993 3925 3927 3988
f 3993 3994 3923 3925
f 3995 3854 3855 3859
f 3995 3990 3991 3854
f 3995 3859 3996 3994
f 3996 3859 3860 3864
f 3996 3921 3923 3994
f 3996 3864 3920 3921
f 3992 3845 3823 3991
f 3992 3985 3997 3845
f 3997 3998 3844 3845
f 3997 4000 3999 3998
f 3997 3985 3986 4000
f 4000 4002 4001 3999
f 4000 3986 3979 4002
f 4002 4004 4003 4001
f 4002 3979 3980 4004
f 4004 4006 4005 4003
f 4004 3980 3973 4006
f 4006 4008 4007 4005
f 4006 3973 3974 4008
f 4008 3834 3835 4007
f 4008 3974 3968 3834
f 4007 3827 3828 4005
f 4007 3835 3836 3827
f 4005 3828 3829 4003
f 4003 3829 4009 4001
f 4009 4010 3837 3838
f 4009 3829 3824 4010
f 4009 3838 3999 4001
f 4010 4011 3842 3837
f 4010 3824 3825 4011
f 4011 4013 4012 3842
f 4011 3825 4014 4013
f 4014 4016 4015 4013
f 4014 4018 4017 4016
f 4014 3825 3826 4018
f 4018 3836 3833 4017
f 4018 3826 3827 3836
f 4017 3609 3608 4016
f 4017 3833 3394 3609
f 3608 3610 4015 4016
f 3610 3612 4019 4015
f 3612 3614 4020 4019
f 3614 3616 4021 4020
f 3616 3617 3847 4021
f 3617 3414 3846 3847
f 4021 3847 3843 4022
f 4021 4022 4023 4020
f 4023 4022 3840 3841
f 4023 4012 4019 4020
f 4023 3841 3842 4012
f 4022 3843 3844 3840
f 4019 4012 4013 4015
f 3999 3838 3839 3998
f 3998 3839 3840 3844
f 3991 3823 3848 3854
f 3968 3965 3832 3834
f 3961 3955 3956 3958
f 3920 3864 3865 3869
f 3918 3869 3870 3874
f 3915 3874 3875 3879
g Group56793
f 4024 4030 4031 4032
f 4024 4033 4034 4030
f 4024 4032 4035 4033
f 4025 4036 4037 4038
f 4025 4038 4039 4040
f 4025 4040 4041 4036
f 4042 4043 4044 4045
f 4046 4047 4048 4049
f 4026 4050 4051 4052
f 4026 4052 4053 4054
f 4026 4054 4055 4050
f 4027 4056 4057 4058
f 4027 4032 4031 4056
f 4027 4059 4035 4032
f 4027 4058 4060 4059
f 4028 4061 4062 4063
f 4028 4064 4065 4061
f 4028 4063 4066 4064
f 4067 4068 4069 4070
f 4029 4060 4058 4071
f 4029 4071 4072 4073
f 4073 4068 4074 4075
f 4073 4075 4060 4029
f 4073 4072 4069 4068
f 4075 4074 4076 4077
f 4075 4077 4059 4060
f 4077 4076 4078 4079
f 4077 4079 4035 4059
f 4079 4078 4080 4081
f 4079 4081 4033 4035
f 4081 4080 4082 4083
f 4081 4083 4034 4033
f 4083 4082 4084 4085
f 4083 4085 4086 4034
f 4086 4085 4087 4088
f 4086 4088 4045 4089
f 4086 4089 4030 4034
f 4089 4045 4044 4090
f 4089 4090 4031 4030
f 4090 4044 4091 4092
f 4090 4092 4056 4031
f 4092 4091 4093 4094
f 4092 4094 4057 4056
f 4094 4093 4095 4096
f 4094 4096 4097 4057
f 4097 4096 4098 4099
f 4097 4099 4072 4071
f 4097 4071 4058 4057
f 4099 4098 4100 4101
f 4099 4101 4069 4072
f 4101 4100 4102 4103
f 4101 4103 4070 4069
f 4103 4102 4104 4105
f 4103 4105 4106 4070
f 4106 4105 4107 4108
f 4106 4108 4109 4110
f 4106 4110 4067 4070
f 4110 4109 4076 4074
f 4110 4074 4068 4067
f 4109 4108 4048 4047
f 4109 4047 4078 4076
f 4108 4107 4111 4048
f 4111 4038 4037 4112
f 4111 4112 4049 4048
f 4111 4107 4039 4038
f 4112 4037 4113 4084
f 4112 4084 4082 4049
f 4113 4037 4036 4114
f 4113 4114 4115 4087
f 4113 4087 4085 4084
f 4115 4114 4116 4117
f 4115 4117 4118 4119
f 4115 4119 4088 4087
f 4119 4118 4043 4042
f 4119 4042 4045 4088
f 4118 4117 4051 4050
f 4118 4050 4055 4043
f 4117 4116 4120 4051
f 4120 4121 4061 4065
f 4120 4065 4052 4051
f 4120 4116 4041 4121
f 4121 4122 4062 4061
f 4121 4041 4040 4122
f 4122 4040 4039 4104
f 4122 4104 4102 4062
f 4116 4114 4036 4041
f 4107 4105 4104 4039
f 4102 4100 4063 4062
f 4100 4098 4066 4063
f 4098 4096 4095 4066
f 4095 4053 4064 4066
f 4095 4093 4054 4053
f 4093 4091 4055 4054
f 4091 4044 4043 4055
f 4082 4080 4046 4049
f 4080 4078 4047 4046
f 4065 4064 4053 4052
f 4123 4131 4130 4129
f 4123 4129 4133 4132
f 4123 4132 4134 4131
f 4124 4137 4136 4135
f 4124 4139 4138 4137
f 4124 4135 4140 4139
f 4141 4144 4143 4142
f 4145 4148 4147 4146
f 4125 4151 4150 4149
f 4125 4153 4152 4151
f 4125 4149 4154 4153
f 4126 4157 4156 4155
f 4126 4155 4130 4131
f 4126 4131 4134 4158
f 4126 4158 4159 4157
f 4127 4162 4161 4160
f 4127 4160 4164 4163
f 4127 4163 4165 4162
f 4166 4169 4168 4167
f 4128 4170 4157 4159
f 4128 4172 4171 4170
f 4172 4174 4173 4167
f 4172 4128 4159 4174
f 4172 4167 4168 4171
f 4174 4176 4175 4173
f 4174 4159 4158 4176
f 4176 4178 4177 4175
f 4176 4158 4134 4178
f 4178 4180 4179 4177
f 4178 4134 4132 4180
f 4180 4182 4181 4179
f 4180 4132 4133 4182
f 4182 4184 4183 4181
f 4182 4133 4185 4184
f 4185 4187 4186 4184
f 4185 4188 4144 4187
f 4185 4133 4129 4188
f 4188 4189 4143 4144
f 4188 4129 4130 4189
f 4189 4191 4190 4143
f 4189 4130 4155 4191
f 4191 4193 4192 4190
f 4191 4155 4156 4193
f 4193 4195 4194 4192
f 4193 4156 4196 4195
f 4196 4198 4197 4195
f 4196 4170 4171 4198
f 4196 4156 4157 4170
f 4198 4200 4199 4197
f 4198 4171 4168 4200
f 4200 4202 4201 4199
f 4200 4168 4169 4202
f 4202 4204 4203 4201
f 4202 4169 4205 4204
f 4205 4207 4206 4204
f 4205 4209 4208 4207
f 4205 4169 4166 4209
f 4209 4173 4175 4208
f 4209 4166 4167 4173
f 4208 4146 4147 4207
f 4208 4175 4177 4146
f 4207 4147 4210 4206
f 4210 4211 4136 4137
f 4210 4147 4148 4211
f 4210 4137 4138 4206
f 4211 4183 4212 4136
f 4211 4148 4181 4183
f 4212 4213 4135 4136
f 4212 4186 4214 4213
f 4212 4183 4184 4186
f 4214 4216 4215 4213
f 4214 4218 4217 4216
f 4214 4186 4187 4218
f 4218 4141 4142 4217
f 4218 4187 4144 4141
f 4217 4149 4150 4216
f 4217 4142 4154 4149
f 4216 4150 4219 4215
f 4219 4164 4160 4220
f 4219 4150 4151 4164
f 4219 4220 4140 4215
f 4220 4160 4161 4221
f 4220 4221 4139 4140
f 4221 4203 4138 4139
f 4221 4161 4201 4203
f 4215 4140 4135 4213
f 4206 4138 4203 4204
f 4201 4161 4162 4199
f 4199 4162 4165 4197
f 4197 4165 4194 4195
f 4194 4165 4163 4152
f 4194 4152 4153 4192
f 4192 4153 4154 4190
f 4190 4154 4142 4143
f 4181 4148 4145 4179
f 4179 4145 4146 4177
f 4164 4151 4152 4163

 