# File exported by ZBrush version 2024
# www.zbrush.com
#Vertex Count 2557
#Face Count 2553
#Auto scale x=1.000000 y=1.000000 z=1.000000
#Auto offset x=0.000000 y=0.000000 z=0.000000
v -0.07357228 1.37282002 0.79299587
v -0.03453643 1.10444784 0.73415595
v -0.00394396 1.10826075 0.72394901
v -0.04596871 1.10142338 0.6729815
v -0.0328958 1.00506877 0.68004852
v -0.06138722 0.86902153 0.6714999
v -0.05817843 1.68469893 0.47887742
v -0.41749975 -0.73889607 0.46337464
v -0.22777585 1.47367894 0.45152956
v -0.33394104 -1.72099816 0.43175888
v -0.33752054 -1.70190882 0.4283373
v -0.24764564 1.5261805 0.42899134
v -0.1454972 0.43521297 0.39261251
v -0.34762778 1.40958094 0.37503242
v -0.45318961 -1.78813123 0.33808991
v -0.23985765 -0.41831451 0.336019
v -0.4188202 1.00450491 0.3131659
v -0.26869425 0.87838548 0.32080182
v -0.52559876 1.27881109 0.32613608
v -0.38970291 1.63924908 0.29968759
v -0.46005779 1.51701355 0.30886685
v -0.36937487 0.66684716 0.25625726
v -0.21965107 -1.12597429 0.17822416
v -0.64881706 1.96371913 0.11449211
v -1.67091786 0.59284967 0.10447052
v -1.71336901 0.48342847 0.09795682
v -0.68877881 2.01758384 0.0871714
v -0.70065784 1.99437272 0.06170898
v -1.7170726 0.4770441 0.00047851
v -1.69284558 0.60518413 -0.0187071
v -0.50268375 1.47338712 -0.12603193
v -0.40286663 0.81802028 -0.19950714
v -0.0836351 -1.01541447 -0.30752679
v -0.41916114 -0.77613049 -0.42366761
v -0.23787257 0.57864034 -0.46630412
v -0.2705726 -0.45665824 -0.50603199
v -0.10288644 -1.58978676 -1.88794004
v -0.03647359 -1.34610831 -2.02137422
v 0 1.39132094 0.82721209
v 0 1.44114351 0.71175593
v -0.07586088 1.41647934 0.70741975
v -0.12882328 1.36630201 0.70102024
v -0.0910622 1.32145667 0.802993
v 0 1.10918843 0.74019843
v -0.04515354 1.11577212 0.76353025
v -0.08253537 1.09856689 0.68650591
v 0 1.00141358 0.68129456
v -0.04725077 1.00825405 0.71963709
v 0 1.0018717 0.73683959
v -0.08109355 0.898377 0.71711963
v -0.12050204 0.89481347 0.62594175
v -0.07353099 0.861916 0.60248023
v 0 0.86613839 0.68336731
v 0 0.90559309 0.75018084
v 0 0.84668481 0.59065645
v 0 1.69527995 0.49208903
v 0 1.75086188 0.42296233
v -0.10966359 1.74856412 0.38960886
v -0.16481684 1.67600166 0.4416702
v -0.08642897 1.59523773 0.52707022
v 0 1.6196053 0.54840415
v -0.47898566 -0.70249766 0.45595139
v -0.47895821 -0.84338998 0.47992849
v -0.396786 -0.83205765 0.46772217
v -0.30313628 -0.77257961 0.41257277
v -0.34606978 -0.65977978 0.41502237
v -0.29609727 1.520231 0.38906574
v -0.27780973 1.41419839 0.41775125
v -0.22814004 1.40143656 0.49198296
v -0.16963475 1.5072323 0.51064264
v -0.21358357 1.59940588 0.45156562
v -0.33532834 -1.71018767 0.43352344
v -0.35012435 -1.71400725 0.44148993
v -0.34546792 -1.72859656 0.43373417
v -0.32304114 -1.72697937 0.41305431
v -0.3185994 -1.71187305 0.41436463
v -0.33565777 -1.73882579 0.41090667
v -0.35064843 -1.70156693 0.43138834
v -0.32570087 -1.69835043 0.4101327
v -0.34101995 -1.69590199 0.40906342
v -0.32776159 1.60404276 0.37201842
v -0.10767889 0.58221846 0.36480981
v -0.23114728 0.62860113 0.31747695
v -0.26582315 0.54118549 0.3305543
v -0.32159692 0.46673733 0.29579943
v -0.24727208 0.37725228 0.33848947
v -0.21050435 0.25859499 0.33758485
v -0.11284121 0.26762652 0.37810698
v 0 0.2684277 0.39255881
v 0 0.42717778 0.41375085
v -0.38566261 1.47054314 0.35718292
v -0.3824788 1.31252682 0.41144347
v -0.33040672 1.29020249 0.46313941
v -0.44411763 1.35285806 0.36752015
v -0.45996204 -1.65044963 0.31479507
v -0.48198324 -1.67817592 0.32445359
v -0.44618704 -1.69854402 0.36672261
v -0.42604479 -1.65547633 0.33045876
v -0.46736714 -1.78010666 0.35929834
v -0.50099533 -1.78702831 0.29526579
v -0.47135055 -1.79677307 0.28603723
v -0.42085123 -1.78185939 0.35130155
v -0.42800405 -1.77046847 0.38502946
v -0.43214258 -1.79816627 0.27950182
v -0.11624062 -0.40956005 0.36622649
v -0.1116676 -0.30152973 0.33477249
v -0.2134916 -0.2887904 0.30116218
v -0.20258961 -0.57065355 0.37289741
v -0.11224821 -0.54797995 0.39352554
v -0.33486232 -0.50064909 0.34659662
v -0.27434423 -0.60773801 0.3715929
v -0.37385594 0.94268983 0.29527306
v -0.33253535 0.96371001 0.35827037
v -0.39431983 1.04943811 0.38614869
v -0.48287126 1.11774516 0.32399484
v -0.4841465 1.03987979 0.2488849
v -0.4117228 0.9336521 0.21114125
v -0.23526096 0.92280548 0.37800583
v -0.28104457 0.98637014 0.41262933
v -0.32909587 0.86839383 0.24608165
v -0.1772626 0.82851934 0.34994486
v -0.16533181 0.87236207 0.38068184
v -0.51277905 1.37613022 0.32043045
v -0.58294647 1.34904515 0.25499838
v -0.56555527 1.21883404 0.28757384
v -0.47419786 1.21394372 0.36467352
v -0.36073547 1.69025766 0.27794057
v -0.40434059 1.70437705 0.22196705
v -0.46314159 1.62230134 0.2347487
v -0.28262907 1.69275414 0.35738492
v -0.54920285 1.56307852 0.18797262
v -0.56210684 1.4684391 0.22637634
v -0.20357053 0.70300239 0.30721736
v -0.29636487 0.73554647 0.25240188
v -0.39122289 0.58576053 0.27561846
v -0.52628457 0.64528274 0.23909632
v -0.5311706 0.5864312 0.25329157
v -0.34354344 0.76831531 0.19816653
v -0.40716919 0.72331571 0.19720731
v -0.53092712 0.6925891 0.20520038
v -0.2762072 -1.15420532 0.26898038
v -0.30002918 -1.2690078 0.21036523
v -0.2541131 -1.25462389 0.13240782
v -0.20584355 -0.99026101 0.28315186
v -0.26015842 -1.02707207 0.33073073
v -0.22585633 -1.26499998 0.03777291
v -0.19510531 -1.16845858 0.05953571
v -0.14721688 -1.10320889 0.0743992
v -0.16025711 -1.06205272 0.17519459
v -0.60018712 1.9100219 0.13641162
v -0.5744701 1.93369972 0.13058002
v -0.64893537 1.99031579 0.1065015
v -0.67560315 1.97135305 0.10542456
v -0.62764561 1.88873744 0.1328722
v -0.67884135 2.00308084 0.09869776
v -1.62651348 0.60853874 0.10977256
v -1.63727521 0.64884471 0.09600565
v -1.69577503 0.61044597 0.09709912
v -1.678424 0.55698096 0.10648095
v -1.61994159 0.55683749 0.11680367
v -1.71941626 0.56438231 0.09697765
v -1.67683827 0.46941021 0.10547716
v -1.67806363 0.51060617 0.11098832
v -1.72402095 0.51689016 0.09920526
v -1.75240743 0.51619249 0.09084387
v -1.73086512 0.46820473 0.09201487
v -1.68007767 0.43905791 0.09558302
v -0.67349803 2.01802992 0.09116701
v -0.67307001 2.02515602 0.08006972
v -0.69253653 2.02068948 0.07977324
v -0.70138859 2.0035777 0.0864971
v -0.69291609 2.00270342 0.09295467
v -0.70495635 2.00235891 0.07066555
v -0.69368362 2.01556944 0.0667625
v -0.69301754 2.00362777 0.05912052
v -0.69724184 1.96063971 0.05339545
v -0.70604091 1.95828533 0.06710988
v -0.68644338 1.96712279 0.04597565
v -0.6426565 1.96660375 0.03452204
v -0.67269426 1.97251987 0.04123341
v -0.67968654 2.00611758 0.05371201
v -0.64621126 1.99413383 0.04419548
v -1.73601293 0.51515579 -0.002571
v -1.69473695 0.51592552 -0.02016931
v -1.68303859 0.4690184 -0.00815784
v -1.73050618 0.46118339 0.01607667
v -1.76196909 0.5123769 0.01411179
v -1.68101894 0.4360421 0.00973054
v -1.71762049 0.6225 -0.00472909
v -1.64965462 0.66081267 -0.01501834
v -1.64552044 0.62087416 -0.03329565
v -1.64707601 0.57221299 -0.04684054
v -1.70254921 0.56744045 -0.02324968
v -1.73980748 0.57053577 -0.0053865
v -0.51153338 1.3991146 -0.13731142
v -0.565669 1.38775694 -0.04745774
v -0.551701 1.50472474 -0.03806722
v -0.50015354 1.54729521 -0.09635242
v -0.42852693 1.51571023 -0.21170786
v -0.42374125 1.41258525 -0.2412751
v -0.41993683 0.83508247 -0.14929319
v -0.38220214 0.8810004 -0.14573994
v -0.33281564 0.8751499 -0.235815
v -0.35179698 0.79996871 -0.28029608
v -0.46753546 0.76660126 -0.21442468
v -0.48641595 0.79501009 -0.14618001
v 0 -0.99976801 -0.30346012
v 0 -1.0231533 -0.21628242
v -0.10718198 -1.04602801 -0.22571389
v -0.18332023 -1.03510439 -0.30783525
v -0.12262857 -0.99057763 -0.37546113
v 0 -0.97790157 -0.35777324
v -0.52151739 -0.72825348 -0.32663387
v -0.48049926 -0.63549584 -0.36852404
v -0.40468251 -0.66564202 -0.4421207
v -0.32090175 -0.68021518 -0.50004857
v -0.3185018 -0.76280391 -0.48711356
v -0.46320942 -0.88165372 -0.34438017
v -0.55306232 -0.83170896 -0.25786045
v -0.22503985 0.72061991 -0.42012137
v -0.11448535 0.72696822 -0.47695559
v -0.11166133 0.61100852 -0.52685898
v -0.36377209 0.62126797 -0.36586129
v -0.35418179 0.71489256 -0.3342061
v -0.10058481 0.43953311 -0.56925737
v -0.19722899 0.40720489 -0.52363389
v -0.37601512 -0.42561319 -0.4251129
v -0.32555013 -0.31432706 -0.44139787
v -0.2361724 -0.33426225 -0.51356124
v -0.12685097 -0.35142028 -0.57004833
v -0.13167707 -0.44001367 -0.56714081
v -0.35519206 -0.56666475 -0.46950468
v -0.43299901 -0.53453892 -0.40110302
v -0.12154337 -0.4878672 -0.56870287
v -0.22740031 -0.52752548 -0.53459775
v -0.2924101 -0.59924167 -0.51174038
v -0.12702736 -1.56037199 -1.92260885
v -0.06853631 -1.58386695 -1.9669907
v -0.054574 -1.60803043 -1.90327322
v -0.13453246 -1.57887899 -1.80509281
v -0.18029566 -1.53099119 -1.83083653
v -0.07322797 -1.61107301 -1.78580439
v -0.05627453 -1.30289924 -1.98410987
v 0 -1.28547167 -1.98356616
v 0 -1.34603428 -2.03041482
v -0.05613841 -1.38374185 -2.03503704
v -0.1095618 -1.34115648 -1.98697376
v 0 -1.39396786 -2.05253982
v 0 -1.44496035 -2.0641396
v -0.07982007 -1.43089425 -2.04013156
v 0 -1.50198483 -2.06045317
v -0.08860403 -1.48693716 -2.0292654
v -0.15418949 -1.45419371 -1.96666359
v -0.14235895 -1.39612448 -1.98091697
v -0.2075538 -1.40946555 -1.88318777
v -0.18859352 -1.34511101 -1.90329217
v -0.14661836 -1.2862972 -1.9156481
v -0.07897661 -1.23992252 -1.91842663
v -0.22162891 -1.29218912 -1.81816101
v -0.16991284 -1.22943961 -1.83294928
v -0.09121596 -1.18050503 -1.8365904
v 0 -1.15742993 -1.8351196
v 0 -1.21799016 -1.91738212
v -0.18488515 -1.17807006 -1.74469149
v -0.09822047 -1.12748408 -1.74833655
v 0 -1.10419523 -1.74661636
v -0.10070612 -1.08139491 -1.65695333
v 0 -1.0581305 -1.65556728
v -0.09811788 -1.04062664 -1.5656718
v 0 -1.01926028 -1.56584632
v -0.08737837 -0.99875694 -1.47808992
v 0 -0.98195213 -1.48149573
v -0.08437558 -0.95754289 -1.39426028
v 0 -0.94324231 -1.39911627
v -0.09515179 -0.91159451 -1.31198942
v 0 -0.89776855 -1.32071209
v -0.10285319 -0.85880017 -1.23089158
v 0 -0.84643125 -1.24392402
v -0.10307367 -0.79991155 -1.14720559
v 0 -0.78868854 -1.16155123
v -0.10029345 -0.73964792 -1.05736708
v 0 -0.72577595 -1.07000112
v -0.1011101 -0.68440491 -0.95971244
v 0 -0.66926407 -0.96761614
v -0.10785599 -0.63223123 -0.85976022
v 0 -0.61801552 -0.86389356
v -0.11512129 -0.58952158 -0.75774955
v 0 -0.57526403 -0.76095044
v -0.11473596 -0.55738467 -0.66263485
v 0 -0.54896956 -0.68217861
v -0.11207437 -0.54459059 -0.60727316
v 0 -0.53748309 -0.62674975
v -0.11191263 -0.53486543 -0.58418816
v 0 -0.53020668 -0.59620624
v -0.11557678 -0.51433253 -0.57187753
v 0 -0.50833618 -0.58501982
v 0 -0.47805225 -0.58783125
v 0 -0.42984703 -0.59172409
v 0 -0.35747122 -0.59589737
v -0.10849089 -0.21964548 -0.57802069
v 0 -0.22719439 -0.60122418
v -0.09683966 -0.07293749 -0.57957202
v 0 -0.07483301 -0.6001991
v -0.0947705 0.0837588 -0.57971072
v 0 0.08612456 -0.60031205
v -0.09580814 0.25416296 -0.58186209
v 0 0.26103699 -0.60181468
v 0 0.45267102 -0.58890622
v 0 0.62524139 -0.54524117
v 0 0.73273474 -0.4962449
v -0.11194462 0.8211044 -0.42621049
v 0 0.82395231 -0.44644546
v -0.10822767 0.90708214 -0.38042882
v 0 0.91126912 -0.40340629
v -0.11018907 0.99405664 -0.35669294
v 0 0.99886363 -0.37974268
v -0.11912878 1.08221983 -0.35852986
v 0 1.09053051 -0.38220036
v -0.1338187 1.17058515 -0.37901285
v 0 1.17887234 -0.40175819
v -0.14497232 1.25616908 -0.39847758
v 0 1.26680076 -0.41984012
v -0.15139091 1.34632778 -0.4094114
v 0 1.35466742 -0.43057557
v -0.15439875 1.43802881 -0.40907713
v 0 1.44578886 -0.43172952
v -0.15688514 1.53208148 -0.39139097
v 0 1.53653037 -0.41825592
v -0.14452095 1.62173962 -0.34976297
v 0 1.62214899 -0.37765076
v -0.12397642 1.70522952 -0.28468623
v 0 1.70242643 -0.30963414
v -0.09915547 1.77923286 -0.19859868
v 0 1.77684176 -0.21777799
v -0.07927446 1.8357445 -0.09128213
v 0 1.83799088 -0.10189589
v -0.06660445 1.85892522 0.03147822
v 0 1.86225664 0.02994587
v -0.06960081 1.84973239 0.15885019
v 0 1.85273385 0.16775569
v -0.08878453 1.81337976 0.28053498
v 0 1.81611955 0.30215713
v -0.14603331 1.84454286 0.13927219
v -0.17886197 1.81226599 0.23218254
v -0.22913871 1.75704264 0.30452939
v -0.25356403 1.80616438 0.18249112
v -0.30192673 1.75943231 0.23793551
v -0.32321408 1.82165694 0.15276247
v -0.3584094 1.77276265 0.19241422
v -0.39297884 1.8602215 0.1443212
v -0.42023113 1.81574869 0.17429937
v -0.46177765 1.75829052 0.19222094
v -0.49718448 1.87177658 0.15373231
v -0.53127867 1.83237063 0.16482572
v -0.57311624 1.79798579 0.16226156
v -0.52078747 1.70318901 0.19081714
v -0.61596566 1.77262711 0.14529781
v -0.57903754 1.66287517 0.16676129
v -0.64639163 1.7569586 0.11862266
v -0.6172809 1.6405636 0.1295422
v -0.59259516 1.5322237 0.13685457
v -0.60304713 1.43041586 0.16021607
v -0.63449108 1.62965548 0.08647503
v -0.60868918 1.51273667 0.08561221
v -0.61376422 1.40469002 0.09657625
v -0.60531848 1.38906347 0.03101795
v -0.60856741 1.27281868 0.04335609
v -0.62589144 1.28324651 0.12202335
v -0.61873507 1.31026041 0.19129629
v -0.5985974 1.5016731 0.03464445
v -0.62849348 1.62763452 0.04249699
v -0.59711933 1.63408494 0.00088571
v -0.65758043 1.74825608 0.05098196
v -0.63697016 1.75601065 0.02046292
v -0.60091525 1.77284944 -0.00331609
v -0.55157989 1.65607357 -0.02837214
v -0.55331105 1.80097973 -0.01544114
v -0.48950681 1.71169769 -0.04380094
v -0.43117672 1.65177512 -0.10114552
v -0.37348234 1.6271888 -0.19938229
v -0.4389657 1.7801907 -0.03551732
v -0.37522438 1.73343026 -0.07065393
v -0.31368643 1.7204976 -0.15857456
v -0.23087124 1.71027982 -0.23216025
v -0.27086925 1.62024569 -0.28828844
v -0.33669358 1.79240214 -0.0342645
v -0.26446116 1.78373515 -0.09621229
v -0.18842767 1.78104376 -0.15707716
v -0.23219963 1.82459473 -0.02478335
v -0.15641243 1.83200943 -0.06394693
v -0.2206815 1.8372029 0.04939614
v -0.14040629 1.85220992 0.03891481
v -0.22655004 1.83140373 0.11823725
v -0.29914918 1.85197639 0.05910481
v -0.30301985 1.84900927 0.10660585
v -0.37443548 1.88981187 0.06133136
v -0.37699037 1.88682758 0.10507313
v -0.45667699 1.93081808 0.06330166
v -0.45900726 1.92819309 0.10008366
v -0.47311544 1.90703046 0.13113781
v -0.54640382 1.97161161 0.09301092
v -0.55688047 1.95610737 0.1161357
v -0.63249808 2.01235532 0.08441867
v -0.63906079 2.00333094 0.09855783
v -0.54462021 1.97345113 0.0654749
v -0.63270783 2.01321578 0.06792488
v -0.6742295 2.02426099 0.069751
v -0.63837587 2.00659561 0.05381754
v -0.67674452 2.01752376 0.06126733
v -0.69356876 2.01928329 0.07335414
v -0.70604813 2.00342631 0.07873136
v -0.70533436 1.95755827 0.08156003
v -0.69886142 1.95995724 0.0935554
v -0.67433834 1.86231732 0.10629223
v -0.65333217 1.87271082 0.12314362
v -0.68835282 1.9649713 0.10089539
v -0.68460512 1.85759019 0.08339439
v -0.66100955 1.74878907 0.08630357
v -0.6832602 1.85778188 0.05810873
v -0.66956234 1.86298787 0.03702826
v -0.6455847 1.874125 0.02225286
v -0.61734741 1.89222669 0.01471324
v -0.59011238 1.91498315 0.01512139
v -0.51447165 1.84374153 -0.01119249
v -0.56720089 1.9402641 0.02356415
v -0.48559573 1.88542008 0.00395731
v -0.40610492 1.83466565 -0.01322669
v -0.46587842 1.91607213 0.0290149
v -0.38459467 1.87196326 0.01864484
v -0.3111644 1.83193945 0.009461
v -0.55205774 1.96197807 0.04056206
v -0.29912698 1.52370297 -0.32265356
v -0.30306845 1.42562091 -0.33915773
v -0.29548749 1.33345437 -0.34270125
v -0.41316881 1.3196907 -0.25084191
v -0.28011122 1.24364399 -0.33603662
v -0.3917002 1.22820711 -0.24991864
v -0.4735243 1.20710802 -0.15049256
v -0.50076657 1.30103671 -0.14768123
v -0.53306049 1.17680382 -0.04827516
v -0.56106638 1.28219306 -0.0486536
v -0.57599157 1.14592969 0.05845432
v -0.48500669 1.08492124 -0.05589162
v -0.50677096 1.0393821 0.05220275
v -0.50456959 1.01613712 0.15959996
v -0.59295857 1.14188742 0.14989347
v -0.58894294 1.16614794 0.22583176
v -0.44257316 0.9689663 0.02946259
v -0.43282997 0.94550246 0.12432409
v -0.41023728 0.91763538 0.01469074
v -0.39844089 0.9015088 0.09715854
v -0.36727613 0.8777911 0.17409853
v -0.39621684 0.86016321 0.0796326
v -0.36361327 0.83665555 0.14994524
v -0.32071736 0.81359797 0.21255803
v -0.38769727 0.7985928 0.13996362
v -0.27096226 0.79239535 0.27031478
v -0.19007594 0.76171731 0.31548839
v -0.0975519 0.67605966 0.33381223
v -0.09623219 0.73650866 0.33415004
v -0.09590419 0.79580819 0.360504
v -0.09319294 0.8428781 0.38131985
v 0 0.72937911 0.33928558
v 0 0.79078966 0.356572
v 0 0.83698004 0.37053382
v 0 0.66361105 0.34444531
v 0 0.56556582 0.37793159
v -0.09035801 0.85297662 0.41869926
v -0.15854695 0.88291829 0.43184998
v -0.08404084 0.85594147 0.4957214
v -0.14444916 0.88767987 0.52482128
v -0.17521734 0.93388545 0.56107205
v -0.2106125 0.92797333 0.46059688
v -0.21108879 0.99634045 0.56299257
v -0.23871582 0.98748284 0.51526486
v -0.14173749 0.93764179 0.65409666
v -0.15091352 0.98264902 0.66532123
v -0.09126362 0.93816864 0.74698591
v -0.0845575 0.97522908 0.75315916
v -0.06784322 0.99982309 0.74099814
v -0.14263409 1.02203977 0.6589902
v -0.2231252 1.04954302 0.54379522
v -0.11573404 1.03122174 0.63317769
v -0.18113209 1.05444574 0.54075902
v -0.06833095 1.01034224 0.60528183
v -0.10632023 1.0479722 0.54556322
v 0 0.98860377 0.59275674
v 0 1.01680982 0.52086865
v 0 1.13790488 0.50770807
v -0.12075471 1.10912108 0.52510523
v -0.18042175 1.0897063 0.52484041
v 0 1.12874043 0.60933381
v -0.10354244 1.13860094 0.5746417
v -0.17612521 1.10008215 0.56490755
v 0 0.97302395 0.77187442
v 0 0.99342829 0.75580394
v 0 0.93852502 0.77211391
v 0 0.83883923 0.49393829
v 0 0.83749669 0.40942534
v -0.41844859 0.82382208 0.07128528
v -0.46786138 0.79328501 0.07004028
v -0.44104045 0.76280719 0.13869528
v -0.5597611 0.7787013 0.07737334
v -0.54316848 0.74100053 0.14880922
v -0.67809188 0.77446442 0.08669626
v -0.66981285 0.7345404 0.16183129
v -0.66635578 0.68649894 0.21430732
v -0.79119879 0.7295835 0.16244612
v -0.79200387 0.68295645 0.21566982
v -0.79404902 0.62992113 0.2470545
v -0.66571199 0.63520926 0.24583874
v -0.79632085 0.57232558 0.25884622
v -0.66784197 0.57880389 0.25854584
v -0.79856419 0.51320886 0.24827839
v -0.67210978 0.52070468 0.25076544
v -0.53966611 0.52632683 0.24228186
v -0.67881465 0.46211445 0.21868051
v -0.55223238 0.46307063 0.20724338
v -0.44735518 0.43962296 0.20643936
v -0.41232532 0.51105332 0.25672972
v -0.38616696 0.39881467 0.2250588
v -0.49186924 0.38257646 0.13795812
v -0.44236561 0.34744894 0.14205142
v -0.41041234 0.29601806 0.15262422
v -0.33633422 0.33260145 0.25278046
v -0.38775417 0.21700538 0.16031621
v -0.30763402 0.24694368 0.26234406
v -0.37231266 0.12686678 0.15702167
v -0.29690149 0.137122 0.24381533
v -0.20604303 0.1364316 0.30294519
v -0.10537663 0.13427235 0.33603775
v -0.29147046 0.03055131 0.22271847
v -0.20142908 0.02665433 0.27455747
v -0.10214605 0.0228064 0.30080792
v 0 0.02397914 0.30863305
v 0 0.13272208 0.34750458
v -0.19844892 -0.07852917 0.26435968
v -0.10105115 -0.08511721 0.29000404
v 0 -0.08651284 0.29621303
v -0.10435205 -0.1931453 0.3053981
v 0 -0.1973669 0.3137393
v 0 -0.30295741 0.34447988
v 0 -0.40064519 0.37644413
v 0 -0.53739398 0.40615469
v -0.10760188 -0.69552773 0.39020746
v 0 -0.68674701 0.40857234
v -0.1045676 -0.83699554 0.35262626
v 0 -0.83482641 0.37226685
v -0.10187029 -0.95710384 0.28348714
v 0 -0.95573025 0.29957166
v -0.09014128 -1.03157496 0.19240582
v 0 -1.02231299 0.20695938
v 0 -1.0505793 0.09540209
v -0.07978761 -1.06342566 0.08771704
v -0.07580107 -1.07267701 -0.02071877
v 0 -1.05248081 -0.0193839
v -0.08328148 -1.06349945 -0.11890644
v 0 -1.04045069 -0.12287677
v -0.14005126 -1.11912 -0.02556703
v -0.15400272 -1.11714708 -0.11387693
v -0.18670946 -1.10868477 -0.1873463
v -0.23971873 -1.10129296 -0.24550293
v -0.19581604 -1.19249725 -0.11766324
v -0.22615943 -1.18839812 -0.17936871
v -0.26952686 -1.18131613 -0.22471453
v -0.3241052 -1.17153573 -0.24752628
v -0.30689817 -1.09338951 -0.27503508
v -0.23953537 -1.28856468 -0.19198674
v -0.27908217 -1.28307855 -0.23907321
v -0.33255562 -1.27260756 -0.26515021
v -0.39682474 -1.257344 -0.26283118
v -0.38892003 -1.15597105 -0.24253512
v -0.29519808 -1.41060805 -0.22667229
v -0.34747353 -1.40891552 -0.25694564
v -0.4106265 -1.39639055 -0.26529562
v -0.48179563 -1.37589049 -0.24523924
v -0.47424092 -1.23650789 -0.22673972
v -0.35886645 -1.5443902 -0.190841
v -0.41962429 -1.5397067 -0.20406794
v -0.48273074 -1.52434921 -0.19742268
v -0.53732019 -1.50367486 -0.16780467
v -0.54530638 -1.35613322 -0.19484429
v -0.42772191 -1.6662476 -0.10719757
v -0.48780354 -1.65695416 -0.10515733
v -0.5379877 -1.6377511 -0.08603072
v -0.57186335 -1.61413383 -0.0548555
v -0.57461625 -1.48558485 -0.12546382
v -0.48235252 -1.75439286 0.019499
v -0.52948004 -1.73924052 0.03172896
v -0.5629763 -1.71468257 0.05240467
v -0.58234882 -1.68723511 0.07689239
v -0.59286803 -1.59096491 -0.01814678
v -0.50616401 -1.79257547 0.1663084
v -0.53822135 -1.77186358 0.17863461
v -0.55675274 -1.74753177 0.19251102
v -0.56326729 -1.71879994 0.20717679
v -0.58843904 -1.65872597 0.1019939
v -0.52144026 -1.76993143 0.30597424
v -0.52953779 -1.74840879 0.31483349
v -0.52058798 -1.72225081 0.31983193
v -0.55824071 -1.688555 0.22210015
v -0.48195835 -1.76975905 0.37465563
v -0.49064734 -1.75076913 0.3866285
v -0.48234602 -1.72905075 0.38349843
v -0.46431577 -1.71525895 0.37399938
v -0.50272476 -1.69920492 0.32193782
v -0.44063344 -1.7435472 0.41630658
v -0.43736541 -1.72451937 0.40983063
v -0.42737883 -1.71210956 0.39469343
v -0.39666616 -1.71689939 0.41962739
v -0.38865542 -1.70571279 0.40359625
v -0.37460064 -1.69240438 0.37359261
v -0.41299018 -1.69806408 0.37494242
v -0.35780152 -1.65739822 0.3197925
v -0.39371696 -1.65256834 0.33038705
v -0.34223461 -1.60784292 0.2564218
v -0.38257193 -1.5979433 0.26680398
v -0.42612403 -1.59857392 0.26901376
v -0.374778 -1.54887211 0.2027913
v -0.42173957 -1.54746913 0.20737795
v -0.46967041 -1.55570328 0.20161695
v -0.47003954 -1.60872495 0.26409316
v -0.51529467 -1.57234275 0.18463514
v -0.50945967 -1.62672436 0.25226134
v -0.5532459 -1.59753072 0.15847347
v -0.53995257 -1.65521609 0.23722358
v -0.57883387 -1.62697625 0.13006871
v -0.55073243 -1.52768647 0.10206782
v -0.58173596 -1.54680192 0.06166788
v -0.59757858 -1.56792211 0.02103765
v -0.58953684 -1.45360171 0.03425903
v -0.60526949 -1.46218109 -0.01853145
v -0.59939014 -1.47155487 -0.07538691
v -0.62452495 -1.3537147 -0.01593041
v -0.616903 -1.35064089 -0.07878983
v -0.59040737 -1.34894514 -0.13721889
v -0.64286828 -1.22523081 -0.03856296
v -0.61326003 -1.21854805 -0.10017386
v -0.5544058 -1.21820998 -0.16618521
v -0.62301725 -1.09668707 -0.06987537
v -0.55424225 -1.10811209 -0.14258179
v -0.4696874 -1.13239049 -0.20402696
v -0.5550614 -1.01365673 -0.15508176
v -0.47430717 -1.04370856 -0.2246045
v -0.3828907 -1.07444798 -0.26891553
v -0.47921511 -0.96188086 -0.27523085
v -0.37401881 -1.00843739 -0.32842835
v -0.28034076 -1.03161549 -0.34049049
v -0.35221719 -0.94301748 -0.39862641
v -0.24705453 -0.97545653 -0.41337925
v -0.30628353 -0.87969493 -0.46836635
v -0.20561119 -0.92788207 -0.46573299
v -0.10050551 -0.94567412 -0.44171932
v -0.18712818 -0.90391171 -0.48642703
v -0.09561989 -0.92680728 -0.46126508
v 0 -0.92749583 -0.45055824
v 0 -0.94751483 -0.41943046
v -0.0924486 -0.91412317 -0.47859352
v 0 -0.91502076 -0.4729695
v -0.09106256 -0.91082459 -0.49766144
v 0 -0.91686463 -0.4932219
v -0.09087645 -0.91880941 -0.51465243
v 0 -0.92908698 -0.50930821
v -0.09221395 -0.93385916 -0.53004133
v 0 -0.9456374 -0.52418857
v -0.09522222 -0.95958364 -0.55384761
v 0 -0.96957236 -0.54501181
v -0.10011363 -1.0145539 -0.60958105
v 0 -1.02346134 -0.59622216
v -0.10125079 -1.08818769 -0.68855071
v 0 -1.09930694 -0.67473369
v -0.10045773 -1.16259741 -0.77448487
v 0 -1.17652082 -0.76168471
v -0.1026868 -1.23292231 -0.86556643
v 0 -1.24882972 -0.85436546
v -0.10461198 -1.29735803 -0.9605332
v 0 -1.31591475 -0.95089507
v -0.11142629 -1.35431313 -1.05676877
v 0 -1.3752408 -1.04770326
v -0.11459774 -1.40876996 -1.15519177
v 0 -1.42877388 -1.14480531
v -0.11567428 -1.45792877 -1.2554996
v 0 -1.47799873 -1.24418211
v -0.11522535 -1.50233173 -1.35747528
v 0 -1.52100944 -1.34628307
v -0.1117512 -1.53998959 -1.46148753
v 0 -1.55749118 -1.44762766
v -0.1036052 -1.5715084 -1.56766605
v 0 -1.58785367 -1.55130112
v -0.09026884 -1.59664833 -1.6748873
v 0 -1.61167287 -1.66001808
v 0 -1.62489342 -1.77562308
v 0 -1.61858928 -1.90508294
v 0 -1.59436166 -1.98383235
v -0.08400939 -1.5408138 -2.00512886
v 0 -1.55591094 -2.03361225
v -0.14908392 -1.51081955 -1.94652974
v -0.20435173 -1.47288906 -1.85790455
v -0.21665081 -1.50225329 -1.73175394
v -0.24423956 -1.43563926 -1.76399254
v -0.24619127 -1.36377251 -1.7940036
v -0.2742007 -1.39595425 -1.66702032
v -0.27463001 -1.3188591 -1.70131146
v -0.24524967 -1.2432177 -1.7285757
v -0.29588034 -1.27340364 -1.60631048
v -0.26315239 -1.19628477 -1.63670349
v -0.19588795 -1.13050496 -1.65379691
v -0.27648377 -1.14927041 -1.54343092
v -0.20236939 -1.08610987 -1.56212413
v -0.28625562 -1.09971797 -1.44851827
v -0.20039372 -1.03738331 -1.47060978
v -0.2910456 -1.04699599 -1.35301721
v -0.20153154 -0.99026787 -1.38091445
v -0.29006141 -0.99249339 -1.25866544
v -0.20773944 -0.94102007 -1.29184806
v -0.28354027 -0.93566811 -1.16663348
v -0.20824486 -0.88668203 -1.2035532
v -0.27309718 -0.88078689 -1.07747757
v -0.20122385 -0.82961851 -1.1165198
v -0.26430243 -0.8285318 -0.99028825
v -0.19456364 -0.77373951 -1.02862954
v -0.25947988 -0.77754843 -0.9031322
v -0.19298543 -0.72159069 -0.9381842
v -0.25692206 -0.72650015 -0.81346517
v -0.1964266 -0.6712833 -0.84389245
v -0.25345501 -0.67895054 -0.71718305
v -0.19964376 -0.62653863 -0.74297863
v -0.24743482 -0.64212858 -0.61964047
v -0.19956779 -0.59321188 -0.64245063
v -0.24287752 -0.63082826 -0.56193167
v -0.19453454 -0.57981103 -0.5820924
v -0.24983978 -0.62318694 -0.53732383
v -0.19758935 -0.56873679 -0.55664223
v -0.26816627 -0.61124157 -0.52174979
v -0.21005073 -0.5499165 -0.54239881
v -0.2722114 -0.68825018 -0.52698755
v -0.28803122 -0.68553733 -0.51455712
v -0.26723799 -0.7608065 -0.52090102
v -0.2839958 -0.76208597 -0.50531607
v -0.23219925 -0.8355546 -0.51744794
v -0.24215418 -0.84098827 -0.50377762
v -0.25622129 -0.84978848 -0.49372589
v -0.17927601 -0.89425349 -0.49852535
v -0.17494964 -0.89032644 -0.51056796
v -0.22853228 -0.8351823 -0.53503698
v -0.17384637 -0.89126372 -0.5235089
v -0.23148247 -0.84074598 -0.55322909
v -0.17549517 -0.8991391 -0.5396198
v -0.24557738 -0.87160706 -0.60437357
v -0.18252773 -0.92661488 -0.57291841
v -0.25513976 -0.92966979 -0.68403023
v -0.19122219 -0.98409235 -0.64105951
v -0.25867283 -0.99381887 -0.76668953
v -0.19286938 -1.05251467 -0.72281682
v -0.26344019 -1.05509626 -0.85130363
v -0.19480001 -1.12106835 -0.80687451
v -0.27141097 -1.11413621 -0.93827521
v -0.20043464 -1.18652379 -0.89497333
v -0.28083193 -1.17098784 -1.02920901
v -0.20701269 -1.24683296 -0.9876433
v -0.28766223 -1.22607374 -1.12449908
v -0.2129307 -1.30344021 -1.08314812
v -0.29034429 -1.28085422 -1.22263062
v -0.21645224 -1.35714829 -1.1812576
v -0.28723976 -1.33386611 -1.32273531
v -0.21560645 -1.40747964 -1.28203415
v -0.27919879 -1.3841573 -1.42443895
v -0.21142613 -1.45436358 -1.38501918
v -0.26516428 -1.42915654 -1.52739131
v -0.20209273 -1.4949181 -1.49043607
v -0.24475392 -1.46857762 -1.63043451
v -0.18642605 -1.52887857 -1.59730064
v -0.1643989 -1.55870413 -1.70133221
v -0.29643559 -1.35275173 -1.56816029
v -0.31246238 -1.30534172 -1.46848917
v -0.31201529 -1.22552692 -1.51027977
v -0.32232898 -1.25371503 -1.36872613
v -0.32314571 -1.17362761 -1.41281521
v -0.32644212 -1.19924128 -1.26892626
v -0.32868805 -1.11874365 -1.31440663
v -0.32499834 -1.14314651 -1.17031061
v -0.32789933 -1.06232798 -1.21649348
v -0.31819647 -1.08737278 -1.07511448
v -0.32047319 -1.00577282 -1.12196242
v -0.30774024 -1.03247284 -0.98505014
v -0.3083074 -0.95166784 -1.03208661
v -0.29877802 -0.97821146 -0.89830088
v -0.29954162 -0.89941942 -0.94537222
v -0.29222708 -0.92233383 -0.81321698
v -0.29343375 -0.84680664 -0.85989779
v -0.28734001 -0.86368399 -0.72951042
v -0.28848457 -0.79300713 -0.77389508
v -0.27979183 -0.80413812 -0.64386171
v -0.28040933 -0.73888129 -0.68399047
v -0.26501011 -0.77077037 -0.57185095
v -0.26983532 -0.70077049 -0.59569197
v -0.25960406 -0.76182127 -0.54192614
v -0.26388406 -0.69202303 -0.5500071
v -0.56088066 -0.92186123 -0.1962075
v -0.62463617 -0.890109 -0.10194603
v -0.61908769 -0.79710477 -0.15422853
v -0.62312346 -0.98953968 -0.07159917
v -0.67034137 -0.98150295 0.01906357
v -0.67066872 -0.87292021 0.00555761
v -0.66271418 -1.09954297 0.00442957
v -0.67332661 -1.11154341 0.07802622
v -0.68714213 -0.99166649 0.11173362
v -0.65096902 -1.23317837 0.0268422
v -0.63565158 -1.24493372 0.09758518
v -0.65514946 -1.13218569 0.15875484
v -0.61103117 -1.35474634 0.04832496
v -0.57717609 -1.3589288 0.11430472
v -0.59551227 -1.26472485 0.17193086
v -0.55725944 -1.44458329 0.08671815
v -0.51476925 -1.43931686 0.13005043
v -0.52905315 -1.36728501 0.16719149
v -0.51036673 -1.51248323 0.13540671
v -0.46366205 -1.50203454 0.15388095
v -0.46619597 -1.43636143 0.15436682
v -0.4176487 -1.43434274 0.15891286
v -0.41417163 -1.3735007 0.20193859
v -0.47268652 -1.37347853 0.19667373
v -0.41763946 -1.4973694 0.15793952
v -0.37639629 -1.50018715 0.15196754
v -0.37282821 -1.43338334 0.14711706
v -0.32888945 -1.435014 0.12120776
v -0.31228178 -1.35971617 0.15354143
v -0.36021184 -1.36789238 0.18730668
v -0.33290728 -1.5071963 0.13407006
v -0.29248529 -1.52072632 0.10513535
v -0.28780922 -1.44213151 0.07938638
v -0.33219108 -1.55942547 0.18909668
v -0.2946237 -1.5812323 0.16737191
v -0.27226391 -1.60975444 0.14067167
v -0.26270613 -1.54295885 0.06785538
v -0.31112352 -1.62888944 0.23933762
v -0.2910251 -1.65727186 0.221616
v -0.28206563 -1.68425893 0.2072086
v -0.26525905 -1.64001882 0.11442881
v -0.33024126 -1.66814708 0.31027212
v -0.3072783 -1.68271279 0.30276432
v -0.29064068 -1.70324587 0.2953048
v -0.28984341 -1.72840714 0.28821128
v -0.28417533 -1.71275186 0.19262473
v -0.32425153 -1.6932106 0.36800286
v -0.30594241 -1.70277035 0.36903443
v -0.30109232 -1.72160208 0.36923426
v -0.31067785 -1.73978662 0.3665899
v -0.30531224 -1.75059533 0.28289046
v -0.32987079 -1.76817774 0.27861908
v -0.33267217 -1.76646637 0.16649425
v -0.30104574 -1.74139368 0.17882676
v -0.32854721 -1.75215411 0.36416202
v -0.3501569 -1.76168704 0.36251181
v -0.3592225 -1.78154194 0.27497085
v -0.35398551 -1.74929523 0.40643948
v -0.38499292 -1.75836443 0.39662641
v -0.38087138 -1.77146041 0.35800164
v -0.36310765 -1.73714101 0.42824477
v -0.39192184 -1.74647438 0.41623058
v -0.43573561 -1.76042985 0.40403819
v -0.36922302 -1.72208392 0.43808186
v -0.39700907 -1.73105359 0.42627388
v -0.36864551 -1.7064048 0.42870724
v -0.3600856 -1.6981095 0.40796834
v -0.34634751 -1.69082677 0.36970555
v -0.39262354 -1.79237222 0.27629235
v -0.46027874 -1.80121541 0.15937785
v -0.41453132 -1.79892671 0.15542702
v -0.37081968 -1.78587126 0.15769873
v -0.42763167 -1.7573297 0.01771906
v -0.37351265 -1.74763727 0.02699085
v -0.32645165 -1.72719574 0.04348505
v -0.3677366 -1.66299772 -0.09414566
v -0.31646275 -1.64757227 -0.07000202
v -0.28002417 -1.62485611 -0.03961152
v -0.29224559 -1.70102167 0.06557701
v -0.25791725 -1.5978012 -0.00544276
v -0.27159965 -1.66983103 0.08963556
v -0.24988305 -1.57051885 0.02897987
v -0.24845489 -1.49973273 -0.08343893
v -0.24173195 -1.47766125 -0.03494893
v -0.25650647 -1.45723533 0.02292444
v -0.22877383 -1.37792909 -0.06301877
v -0.24357461 -1.36278402 0.01693397
v -0.27249062 -1.35522604 0.09535426
v -0.21084199 -1.28107917 -0.05697947
v -0.2145833 -1.28806483 -0.13341422
v -0.18550562 -1.18892252 -0.03764548
v -0.23363558 -1.39293444 -0.12830148
v -0.25636726 -1.4032154 -0.18018309
v -0.2710444 -1.52067613 -0.12437398
v -0.30775526 -1.53664147 -0.16240535
v -0.34957841 -1.28845346 0.24942132
v -0.40888202 -1.29973673 0.2653906
v -0.33938807 -1.18521523 0.32487216
v -0.40598464 -1.20531964 0.34381374
v -0.47444835 -1.20894742 0.3362998
v -0.47373491 -1.30001485 0.2603074
v -0.54359018 -1.19559621 0.30266353
v -0.53814744 -1.28712797 0.22982659
v -0.60808414 -1.16554224 0.24042977
v -0.55491823 -1.08823943 0.37093102
v -0.61930841 -1.05913078 0.30266982
v -0.66690588 -1.0195527 0.20956207
v -0.63104182 -0.93852448 0.34010711
v -0.67515707 -0.90684413 0.2370135
v -0.69245529 -0.87962877 0.11953413
v -0.68227624 -0.77910244 0.23085111
v -0.69181239 -0.7681629 0.10063909
v -0.66591131 -0.77320659 -0.03195027
v -0.68047958 -0.65171492 0.04652082
v -0.65048736 -0.67208373 -0.09113869
v -0.59703463 -0.6979711 -0.21913345
v -0.61598056 -0.56951171 -0.15699841
v -0.55562454 -0.60055738 -0.27336734
v -0.56777322 -0.47046253 -0.2115633
v -0.50563305 -0.50303185 -0.31351035
v -0.51189756 -0.37143647 -0.2487156
v -0.45109561 -0.40026453 -0.34260824
v -0.45665657 -0.27140569 -0.26907247
v -0.39864549 -0.29353034 -0.35992246
v -0.416009 -0.17013996 -0.28037497
v -0.35926413 -0.18248474 -0.37179711
v -0.28863361 -0.19479186 -0.45432442
v -0.33951786 -0.06832751 -0.38206914
v -0.26938733 -0.06920067 -0.46402186
v -0.18780945 -0.07018963 -0.5318517
v -0.20441886 -0.2066991 -0.52559882
v -0.26436355 0.06510819 -0.4700225
v -0.18437027 0.07686927 -0.53443813
v -0.27026715 0.20471747 -0.4704957
v -0.18555903 0.23626378 -0.53737384
v -0.28977212 0.34014296 -0.45477521
v -0.36643824 0.27346316 -0.36669758
v -0.40144866 0.36048889 -0.33154222
v -0.32884755 0.4559634 -0.4136644
v -0.34572836 0.16747532 -0.38478291
v -0.40663006 0.13250294 -0.2866227
v -0.42524555 0.22068648 -0.26963624
v -0.33630657 0.04923643 -0.38785722
v -0.39676418 0.03446229 -0.29188269
v -0.43673819 0.02436407 -0.18429005
v -0.44685909 0.10905849 -0.17894838
v -0.39765071 -0.06741944 -0.2885091
v -0.43561944 -0.0659565 -0.18337562
v -0.44125959 -0.06347043 -0.070855
v -0.44205442 0.0218473 -0.06831205
v -0.45252803 -0.1582475 -0.1780661
v -0.45686808 -0.15021719 -0.06818045
v -0.42795801 -0.14855758 0.03880421
v -0.41394218 -0.06211749 0.03806659
v -0.49146914 -0.25015291 -0.16747757
v -0.49376076 -0.23457063 -0.05719068
v -0.4623447 -0.22956013 0.05091581
v -0.402821 -0.23867328 0.14739772
v -0.37344548 -0.15437707 0.13521513
v -0.54543471 -0.31715777 -0.03358306
v -0.51206433 -0.30437451 0.07621913
v -0.44888344 -0.31404769 0.17194707
v -0.35779038 -0.34948498 0.2565841
v -0.32059472 -0.2601619 0.2313307
v -0.56990504 -0.38532617 0.12569657
v -0.50862836 -0.38670706 0.2137966
v -0.42307132 -0.42409616 0.28853336
v -0.56756389 -0.49273735 0.29598677
v -0.49319171 -0.51708191 0.35523396
v -0.41575002 -0.57065457 0.39465767
v -0.53729289 -0.66658037 0.42952099
v -0.59723651 -0.64630967 0.37918081
v -0.59086185 -0.81661868 0.4210526
v -0.53584307 -0.83153921 0.46354666
v -0.57154387 -0.9628573 0.41560006
v -0.50666648 -0.97419691 0.45481461
v -0.4407241 -0.97479146 0.46706074
v -0.3592557 -0.95397961 0.44381371
v -0.48542133 -1.0992912 0.40756389
v -0.41336336 -1.09657192 0.41644737
v -0.33803775 -1.07544779 0.3903588
v -0.27217829 -0.89844024 0.38563245
v -0.21310676 -0.86014229 0.34781634
v -0.23724585 -0.73159652 0.37324857
v -0.18435914 -0.71039938 0.37009662
v -0.16969402 -0.84355104 0.33923393
v -0.16788642 -0.96803557 0.27458021
v -0.64372676 -0.79769617 0.3408764
v -0.64755672 -0.63899946 0.29555434
v -0.6787731 -0.64111852 0.18123203
v -0.62195259 -0.49452248 0.21193106
v -0.65164005 -0.51326882 0.10165987
v -0.65043205 -0.54033082 -0.02712396
v -0.60234856 -0.40726074 0.02037279
v -0.60135561 -0.43803039 -0.09555584
v -0.54442775 -0.34300622 -0.14404384
v -0.20293936 -0.18300117 0.27585056
v -0.29752096 -0.1670264 0.21658799
v -0.28847652 -0.07000377 0.21246103
v -0.36203566 -0.06392941 0.13511788
v -0.36398705 0.03018157 0.14443318
v -0.41615429 0.02540084 0.04458701
v -0.42608016 0.11049531 0.0524831
v -0.45254853 0.10196782 -0.06214276
v -0.4409646 0.19004926 0.05535263
v -0.46843045 0.17588281 -0.05454847
v -0.46326059 0.18649077 -0.16687144
v -0.49041122 0.24253416 -0.04601283
v -0.48738923 0.25479793 -0.14946861
v -0.4535076 0.29597145 -0.24211238
v -0.5228275 0.3105669 -0.12963511
v -0.49627411 0.35641607 -0.21030987
v -0.45797902 0.42382225 -0.28220558
v -0.5589776 0.39994326 -0.18088352
v -0.53418523 0.46801626 -0.23848491
v -0.51026076 0.54750192 -0.27714234
v -0.41053912 0.51449537 -0.34163987
v -0.49072119 0.6297996 -0.28870886
v -0.61288815 0.56367963 -0.24098444
v -0.60354185 0.63419747 -0.2435376
v -0.59645324 0.69207602 -0.22286102
v -0.48133871 0.70060807 -0.26529228
v -0.59181982 0.73762083 -0.19015349
v -0.70442289 0.6923694 -0.21016074
v -0.6999253 0.73584699 -0.18047168
v -0.69582873 0.77165526 -0.13791282
v -0.58760815 0.77446919 -0.14251394
v -0.69237053 0.7930774 -0.07751225
v -0.58262187 0.79714155 -0.07793983
v -0.48862341 0.81044262 -0.07675647
v -0.57432019 0.79878759 -0.00206325
v -0.48391699 0.81039226 -0.00352104
v -0.43159985 0.8417586 -0.00074059
v -0.43144217 0.84634822 -0.07453066
v -0.40899771 0.87627804 0.00493347
v -0.40419581 0.88239872 -0.07035218
v -0.40131154 0.92822188 -0.06600922
v -0.37143281 0.94382214 -0.14310962
v -0.31463038 0.96439009 -0.22622989
v -0.43171301 0.99820429 -0.06291609
v -0.39399024 1.02575445 -0.14709647
v -0.32868287 1.04948175 -0.22980544
v -0.23231762 1.0685091 -0.30347698
v -0.2172828 0.98256808 -0.30263745
v -0.43616789 1.12037944 -0.15039527
v -0.36290004 1.1422007 -0.24210083
v -0.25817224 1.15803241 -0.3216612
v -0.21828863 0.89730173 -0.32476148
v -0.22646905 0.81600999 -0.36816486
v -0.68668115 0.79507589 0.00029568
v -0.80305874 0.78466439 -0.07862794
v -0.79840737 0.7862336 -0.00110746
v -0.79349023 0.76663184 0.08622774
v -0.90566843 0.77146863 -0.00449833
v -0.90252983 0.75445348 0.07808081
v -0.90423345 0.72047174 0.14997232
v -1.00911092 0.74329727 0.06896307
v -1.01181578 0.71211302 0.1332419
v -1.01644814 0.66975826 0.17924404
v -0.90789377 0.67576837 0.19953975
v -1.02010977 0.62104165 0.20603662
v -0.91124928 0.62491524 0.22794817
v -1.02200758 0.56880611 0.21388442
v -0.91348379 0.57022827 0.23634973
v -1.02254867 0.51649844 0.2035384
v -0.91452175 0.51472389 0.22535941
v -1.0227915 0.4670833 0.17436614
v -0.91526496 0.46111193 0.19417788
v -0.80131071 0.4561479 0.21591426
v -0.91661262 0.41557341 0.14302378
v -0.80547463 0.4064458 0.16204111
v -0.69069576 0.40841445 0.16162517
v -0.81188362 0.37144288 0.08462441
v -0.70889681 0.36987388 0.08203901
v -0.61390274 0.36377039 0.06916987
v -0.58132523 0.40421438 0.14778649
v -0.53872239 0.34449887 0.05730508
v -0.63741016 0.35180366 -0.01507811
v -0.56913137 0.33181691 -0.02702023
v -0.52166569 0.29606714 -0.03741387
v -0.49218317 0.31164163 0.0527963
v -0.46150678 0.26026865 0.05399633
v -0.57440441 0.35124605 -0.11040993
v -0.64475101 0.37296858 -0.09643872
v -0.63795095 0.42286065 -0.16357597
v -0.72810494 0.37986159 -0.0874705
v -0.72550106 0.42943912 -0.15622694
v -0.71986466 0.49604558 -0.20374932
v -0.62502038 0.490341 -0.21275501
v -0.71450603 0.56802117 -0.22787129
v -0.815351 0.49324297 -0.19727055
v -0.81454891 0.56489932 -0.22076651
v -0.81285709 0.63380199 -0.22169493
v -0.7093057 0.63713365 -0.22825671
v -0.81054604 0.68980372 -0.20504808
v -0.9173721 0.62426185 -0.21404719
v -0.91795474 0.67970806 -0.19901208
v -0.91732001 0.72300988 -0.1712396
v -0.8084138 0.73363244 -0.17608533
v -0.9150443 0.75525867 -0.13068282
v -0.80624657 0.76736187 -0.13510261
v -0.91086804 0.76987338 -0.07686354
v -1.02193594 0.74042314 -0.12164349
v -1.01671481 0.75512594 -0.07016967
v -1.01146864 0.75802087 -0.00447365
v -1.12310624 0.74311739 -0.05949899
v -1.11733889 0.74679285 -0.00022211
v -1.11476981 0.73408269 0.06275053
v -1.22412502 0.7358635 0.0087116
v -1.2217468 0.72605145 0.06003174
v -1.2232685 0.70271468 0.10782912
v -1.11670947 0.70617812 0.11885123
v -1.22617054 0.66775172 0.14402754
v -1.12108588 0.66766709 0.16080577
v -1.2291938 0.62216109 0.16624641
v -1.12504446 0.6202591 0.1861401
v -1.23073554 0.57410246 0.1719751
v -1.12687206 0.57034963 0.19304879
v -1.22957098 0.5280177 0.1627808
v -1.12691795 0.52164691 0.18282425
v -1.22703051 0.48863875 0.13859397
v -1.12602126 0.47782427 0.1557696
v -1.22412347 0.4582268 0.09799416
v -1.12524414 0.44184663 0.10904641
v -1.02308189 0.42552527 0.12463015
v -1.12467944 0.41975814 0.04732916
v -1.02297306 0.39771667 0.0575593
v -0.91819071 0.38334623 0.07214503
v -1.02160656 0.38895762 -0.01811042
v -0.91784977 0.37270128 -0.00883136
v -0.81723862 0.36229369 -0.00188101
v -0.91517961 0.38957417 -0.0881005
v -0.81810951 0.38371422 -0.08399061
v -0.72299242 0.35922545 -0.00479077
v -0.9138143 0.43111094 -0.14919398
v -0.81647986 0.42993041 -0.1511387
v -0.91378092 0.48922562 -0.1901647
v -1.01917791 0.43475502 -0.14540951
v -1.01881671 0.48556929 -0.18163956
v -1.01987028 0.54737579 -0.20008248
v -0.91541522 0.55675113 -0.21236585
v -1.02286505 0.61099022 -0.20178635
v -1.12824404 0.54238611 -0.1812057
v -1.1303457 0.60055196 -0.18452537
v -1.13168942 0.65309232 -0.1720736
v -1.02489042 0.66528791 -0.18769913
v -1.13110685 0.69552451 -0.14635561
v -1.02473521 0.70840871 -0.16084431
v -1.12831378 0.72695994 -0.10879471
v -1.24020278 0.68581867 -0.12823063
v -1.23700559 0.71629405 -0.09408906
v -1.23050892 0.73265582 -0.04468742
v -1.34374928 0.70179784 -0.06709829
v -1.33599579 0.71813881 -0.02337945
v -1.33195626 0.72366654 0.02049981
v -1.43950462 0.71513831 -0.00131249
v -1.43581855 0.72400575 0.03194919
v -1.43640065 0.72072643 0.0635226
v -1.33042717 0.71847957 0.06190636
v -1.4408946 0.70280629 0.08974321
v -1.3318057 0.69978356 0.09988698
v -1.44597971 0.66893643 0.11418613
v -1.33464098 0.66703933 0.12922464
v -1.44967746 0.62165135 0.13212062
v -1.33729064 0.6227523 0.14845305
v -1.44730818 0.57034277 0.13995714
v -1.33669829 0.57516741 0.15464234
v -1.43722868 0.52143466 0.13654576
v -1.33252561 0.528939 0.1482993
v -1.42620158 0.48279875 0.12075717
v -1.32670521 0.49024334 0.12850125
v -1.4180144 0.45674383 0.09398779
v -1.32176661 0.46279588 0.09520883
v -1.41450333 0.44339123 0.05948815
v -1.32026469 0.44795537 0.049699
v -1.22286748 0.4403088 0.04439892
v -1.32338511 0.44427478 -0.00099294
v -1.22524917 0.43397626 -0.01484392
v -1.12536716 0.41307845 -0.02049991
v -1.2301979 0.44057467 -0.07063245
v -1.12670159 0.42247405 -0.08405296
v -1.0201348 0.40185308 -0.08973579
v -1.12770783 0.44601261 -0.13203044
v -1.2345035 0.45943737 -0.11279247
v -1.2368685 0.49317073 -0.14111949
v -1.12776517 0.48627883 -0.16369551
v -1.23827457 0.54232323 -0.1582776
v -1.34330356 0.49593135 -0.11609362
v -1.34723568 0.54007494 -0.13149917
v -1.35007345 0.58976602 -0.1349705
v -1.23980689 0.59610652 -0.16203644
v -1.35081136 0.6345877 -0.12520016
v -1.24111628 0.64490664 -0.15166254
v -1.34997582 0.67225247 -0.10405469
v -1.46158182 0.62723135 -0.09388335
v -1.45309782 0.66721546 -0.07056041
v -1.44428336 0.69632041 -0.0363497
v -1.55566108 0.67290192 -0.0366376
v -1.55238878 0.70441418 -0.00986031
v -1.54914832 0.72571277 0.01669602
v -1.65600431 0.69405329 0.00253438
v -1.66308116 0.71512615 0.02404084
v -1.66489982 0.72474747 0.05080757
v -1.54785764 0.7339341 0.0405639
v -1.65869641 0.7112661 0.07265771
v -1.54764425 0.72622638 0.06209974
v -1.6481347 0.68134951 0.08514906
v -1.54892146 0.70324391 0.08213704
v -1.54792916 0.66922384 0.10168463
v -1.54846763 0.6204341 0.11775669
v -1.54626917 0.56273323 0.12676349
v -1.61399054 0.50446313 0.12087038
v -1.53517913 0.50783401 0.12771531
v -1.60829794 0.45796975 0.11625068
v -1.52094793 0.46243515 0.11910716
v -1.60613012 0.42179945 0.10326398
v -1.51042389 0.43292 0.09763436
v -1.60446572 0.40497374 0.07962327
v -1.5063641 0.41790911 0.07032635
v -1.60522115 0.39732393 0.05226714
v -1.50939464 0.41619646 0.03749894
v -1.41796684 0.44173455 0.01810687
v -1.51720392 0.42476555 0.00356291
v -1.42439138 0.4461365 -0.0229423
v -1.3305943 0.44842824 -0.04931665
v -1.43680608 0.46013146 -0.06077121
v -1.33828043 0.46589338 -0.09040352
v -1.44946122 0.4900054 -0.08664313
v -1.52958512 0.44260186 -0.02833231
v -1.54609298 0.47670275 -0.05381328
v -1.56103384 0.52306193 -0.06849566
v -1.45819735 0.53216058 -0.10174889
v -1.56790566 0.57673436 -0.07160291
v -1.46272301 0.58199375 -0.10452504
v -1.56348335 0.62786257 -0.05975769
v -1.63801026 0.51709574 -0.04264874
v -1.62399971 0.46884211 -0.02793699
v -1.61436533 0.43369075 -0.00436756
v -1.60882532 0.40789672 0.02183842
v -1.68558871 0.41419851 0.03119208
v -1.68868434 0.40512731 0.05721765
v -1.75233018 0.44510185 0.05795713
v -1.74502408 0.44856551 0.03627996
v -1.79254794 0.50658702 0.05882759
v -1.7847203 0.50733208 0.03494871
v -1.79016113 0.58200359 0.05740466
v -1.78324961 0.57997494 0.03325429
v -1.7634902 0.57496058 0.01215402
v -1.74523711 0.6509872 0.03199537
v -1.73306405 0.63902145 0.01267539
v -1.75087893 0.65647018 0.05618931
v -1.77642595 0.57825779 0.07600238
v -1.73861193 0.64756959 0.07504034
v -1.75231027 0.57169586 0.08819653
v -1.71725606 0.62962907 0.08834834
v -1.7766751 0.5111131 0.0768582
v -1.74396264 0.45386111 0.07782474
v -1.68490755 0.41486471 0.08256963
v -0.40342304 1.17089855 0.41858521
v -0.31427806 1.04788792 0.45607227
v -0.33803102 1.14795517 0.47717198
v -0.26482483 1.05747759 0.50437259
v -0.27069923 1.1235373 0.53950762
v -0.27586266 1.25784111 0.52880001
v -0.22305926 1.13629174 0.61170798
v -0.21942408 1.22023594 0.62177401
v -0.20269434 1.33959782 0.59384113
v -0.15912805 1.19910049 0.71772354
v -0.16110731 1.28399968 0.70607245
v -0.13918061 1.43634116 0.60257589
v -0.07589777 1.48906493 0.61843401
v 0 1.51775991 0.62752819
v -0.08771309 1.19096565 0.7953695
v -0.09441421 1.25462758 0.79861539
v 0 1.19149541 0.84499716
v 0 1.25684571 0.86818617
v 0 1.33489286 0.87542772
v -0.06914993 1.13967132 0.78708434
v 0 1.13514375 0.81125044
v -0.13978289 1.13460969 0.71869152
v -0.11277236 1.09918522 0.70675569
v -0.22168982 1.092368 0.56013524
v 0.07357228 1.37282002 0.79299587
v 0.03453643 1.10444784 0.73415595
v 0.00394396 1.10826075 0.72394901
v 0.04596871 1.10142338 0.6729815
v 0.0328958 1.00506877 0.68004852
v 0.06138722 0.86902153 0.6714999
v 0.05817843 1.68469893 0.47887742
v 0.41749975 -0.73889607 0.46337464
v 0.22777585 1.47367894 0.45152956
v 0.33394104 -1.72099816 0.43175888
v 0.33752054 -1.70190882 0.4283373
v 0.24764564 1.5261805 0.42899134
v 0.1454972 0.43521297 0.39261251
v 0.34762778 1.40958094 0.37503242
v 0.45318961 -1.78813123 0.33808991
v 0.23985765 -0.41831451 0.336019
v 0.4188202 1.00450491 0.3131659
v 0.26869425 0.87838548 0.32080182
v 0.52559876 1.27881109 0.32613608
v 0.38970291 1.63924908 0.29968759
v 0.46005779 1.51701355 0.30886685
v 0.36937487 0.66684716 0.25625726
v 0.21965107 -1.12597429 0.17822416
v 0.64881706 1.96371913 0.11449211
v 1.67091786 0.59284967 0.10447052
v 1.71336901 0.48342847 0.09795682
v 0.68877881 2.01758384 0.0871714
v 0.70065784 1.99437272 0.06170898
v 1.7170726 0.4770441 0.00047851
v 1.69284558 0.60518413 -0.0187071
v 0.50268375 1.47338712 -0.12603193
v 0.40286663 0.81802028 -0.19950714
v 0.0836351 -1.01541447 -0.30752679
v 0.41916114 -0.77613049 -0.42366761
v 0.23787257 0.57864034 -0.46630412
v 0.2705726 -0.45665824 -0.50603199
v 0.10288644 -1.58978676 -1.88794004
v 0.03647359 -1.34610831 -2.02137422
v 0.07586088 1.41647934 0.70741975
v 0.12882328 1.36630201 0.70102024
v 0.0910622 1.32145667 0.802993
v 0.04515354 1.11577212 0.76353025
v 0.08253537 1.09856689 0.68650591
v 0.04725077 1.00825405 0.71963709
v 0.08109355 0.898377 0.71711963
v 0.12050204 0.89481347 0.62594175
v 0.07353099 0.861916 0.60248023
v 0.10966359 1.74856412 0.38960886
v 0.16481684 1.67600166 0.4416702
v 0.08642897 1.59523773 0.52707022
v 0.47898566 -0.70249766 0.45595139
v 0.47895821 -0.84338998 0.47992849
v 0.396786 -0.83205765 0.46772217
v 0.30313628 -0.77257961 0.41257277
v 0.34606978 -0.65977978 0.41502237
v 0.29609727 1.520231 0.38906574
v 0.27780973 1.41419839 0.41775125
v 0.22814004 1.40143656 0.49198296
v 0.16963475 1.5072323 0.51064264
v 0.21358357 1.59940588 0.45156562
v 0.33532834 -1.71018767 0.43352344
v 0.35012435 -1.71400725 0.44148993
v 0.34546792 -1.72859656 0.43373417
v 0.32304114 -1.72697937 0.41305431
v 0.3185994 -1.71187305 0.41436463
v 0.33565777 -1.73882579 0.41090667
v 0.35064843 -1.70156693 0.43138834
v 0.32570087 -1.69835043 0.4101327
v 0.34101995 -1.69590199 0.40906342
v 0.32776159 1.60404276 0.37201842
v 0.10767889 0.58221846 0.36480981
v 0.23114728 0.62860113 0.31747695
v 0.26582315 0.54118549 0.3305543
v 0.32159692 0.46673733 0.29579943
v 0.24727208 0.37725228 0.33848947
v 0.21050435 0.25859499 0.33758485
v 0.11284121 0.26762652 0.37810698
v 0.38566261 1.47054314 0.35718292
v 0.3824788 1.31252682 0.41144347
v 0.33040672 1.29020249 0.46313941
v 0.44411763 1.35285806 0.36752015
v 0.45996204 -1.65044963 0.31479507
v 0.48198324 -1.67817592 0.32445359
v 0.44618704 -1.69854402 0.36672261
v 0.42604479 -1.65547633 0.33045876
v 0.46736714 -1.78010666 0.35929834
v 0.50099533 -1.78702831 0.29526579
v 0.47135055 -1.79677307 0.28603723
v 0.42085123 -1.78185939 0.35130155
v 0.42800405 -1.77046847 0.38502946
v 0.43214258 -1.79816627 0.27950182
v 0.11624062 -0.40956005 0.36622649
v 0.1116676 -0.30152973 0.33477249
v 0.2134916 -0.2887904 0.30116218
v 0.20258961 -0.57065355 0.37289741
v 0.11224821 -0.54797995 0.39352554
v 0.33486232 -0.50064909 0.34659662
v 0.27434423 -0.60773801 0.3715929
v 0.37385594 0.94268983 0.29527306
v 0.33253535 0.96371001 0.35827037
v 0.39431983 1.04943811 0.38614869
v 0.48287132 1.11774516 0.32399484
v 0.48414653 1.03987991 0.24888488
v 0.4117228 0.9336521 0.21114125
v 0.23526096 0.92280548 0.37800583
v 0.28104457 0.98637014 0.41262933
v 0.32909587 0.86839383 0.24608165
v 0.1772626 0.82851934 0.34994486
v 0.16533181 0.87236207 0.38068184
v 0.51277905 1.37613022 0.32043045
v 0.58294647 1.34904515 0.25499838
v 0.56555527 1.21883404 0.28757384
v 0.47419786 1.21394372 0.36467352
v 0.36073547 1.69025766 0.27794057
v 0.40434059 1.70437705 0.22196705
v 0.46314159 1.62230134 0.2347487
v 0.28262907 1.69275414 0.35738492
v 0.54920285 1.56307852 0.18797262
v 0.56210684 1.4684391 0.22637634
v 0.20357053 0.70300239 0.30721736
v 0.29636487 0.73554647 0.25240188
v 0.39122289 0.58576053 0.27561846
v 0.52628457 0.64528274 0.23909632
v 0.5311706 0.5864312 0.25329157
v 0.34354344 0.76831531 0.19816653
v 0.40716919 0.72331571 0.19720731
v 0.53092712 0.6925891 0.20520038
v 0.2762072 -1.15420532 0.26898038
v 0.30002918 -1.2690078 0.21036523
v 0.2541131 -1.25462389 0.13240782
v 0.20584355 -0.99026101 0.28315186
v 0.26015842 -1.02707207 0.33073073
v 0.22585633 -1.26499998 0.03777291
v 0.19510531 -1.16845858 0.05953571
v 0.14721688 -1.10320889 0.0743992
v 0.16025711 -1.06205272 0.17519459
v 0.60018712 1.9100219 0.13641162
v 0.5744701 1.93369972 0.13058002
v 0.64893537 1.99031579 0.1065015
v 0.67560315 1.97135305 0.10542456
v 0.62764561 1.88873744 0.1328722
v 0.67884135 2.00308084 0.09869776
v 1.62651348 0.60853874 0.10977256
v 1.63727521 0.64884471 0.09600565
v 1.69577503 0.61044597 0.09709912
v 1.678424 0.55698096 0.10648095
v 1.61994159 0.55683749 0.11680367
v 1.71941626 0.56438231 0.09697765
v 1.67683827 0.46941021 0.10547716
v 1.67806363 0.51060617 0.11098832
v 1.72402095 0.51689016 0.09920526
v 1.75240743 0.51619249 0.09084387
v 1.73086512 0.46820473 0.09201487
v 1.68007767 0.43905791 0.09558302
v 0.67349803 2.01802992 0.09116701
v 0.67307001 2.02515602 0.08006972
v 0.69253653 2.02068948 0.07977324
v 0.70138859 2.0035777 0.0864971
v 0.69291609 2.00270342 0.09295467
v 0.70495635 2.00235891 0.07066555
v 0.69368362 2.01556944 0.0667625
v 0.69301754 2.00362777 0.05912052
v 0.69724184 1.96063971 0.05339545
v 0.70604091 1.95828533 0.06710988
v 0.68644338 1.96712279 0.04597565
v 0.6426565 1.96660375 0.03452204
v 0.67269426 1.97251987 0.04123341
v 0.67968654 2.00611758 0.05371201
v 0.64621126 1.99413383 0.04419548
v 1.73601293 0.51515579 -0.002571
v 1.69473695 0.51592552 -0.02016931
v 1.68303859 0.4690184 -0.00815784
v 1.73050618 0.46118339 0.01607667
v 1.76196909 0.5123769 0.01411179
v 1.68101894 0.4360421 0.00973054
v 1.71762049 0.6225 -0.00472909
v 1.64965462 0.66081267 -0.01501834
v 1.64552044 0.62087416 -0.03329565
v 1.64707601 0.57221299 -0.04684054
v 1.70254921 0.56744045 -0.02324968
v 1.73980748 0.57053577 -0.0053865
v 0.51153338 1.3991146 -0.13731142
v 0.565669 1.38775694 -0.04745774
v 0.551701 1.50472474 -0.03806722
v 0.50015354 1.54729521 -0.09635242
v 0.42852693 1.51571023 -0.21170786
v 0.42374125 1.41258525 -0.2412751
v 0.41993683 0.83508247 -0.14929319
v 0.38220214 0.8810004 -0.14573994
v 0.33281564 0.8751499 -0.235815
v 0.35179698 0.79996871 -0.28029608
v 0.46753546 0.76660126 -0.21442468
v 0.48641595 0.79501009 -0.14618001
v 0.10718198 -1.04602801 -0.22571389
v 0.18332023 -1.03510439 -0.30783525
v 0.12262857 -0.99057763 -0.37546113
v 0.52151739 -0.72825348 -0.32663387
v 0.48049926 -0.63549584 -0.36852404
v 0.40468251 -0.66564202 -0.4421207
v 0.32090175 -0.68021518 -0.50004857
v 0.3185018 -0.76280391 -0.48711356
v 0.46320942 -0.88165372 -0.34438017
v 0.55306232 -0.83170896 -0.25786045
v 0.22503985 0.72061991 -0.42012137
v 0.11448535 0.72696822 -0.47695559
v 0.11166133 0.61100852 -0.52685898
v 0.36377209 0.62126797 -0.36586129
v 0.35418179 0.71489256 -0.3342061
v 0.10058481 0.43953311 -0.56925737
v 0.19722899 0.40720489 -0.52363389
v 0.37601512 -0.42561319 -0.4251129
v 0.32555013 -0.31432706 -0.44139787
v 0.2361724 -0.33426225 -0.51356124
v 0.12685097 -0.35142028 -0.57004833
v 0.13167707 -0.44001367 -0.56714081
v 0.35519206 -0.56666475 -0.46950468
v 0.43299901 -0.53453892 -0.40110302
v 0.12154337 -0.4878672 -0.56870287
v 0.22740031 -0.52752548 -0.53459775
v 0.2924101 -0.59924167 -0.51174038
v 0.12702736 -1.56037199 -1.92260885
v 0.06853631 -1.58386695 -1.9669907
v 0.054574 -1.60803043 -1.90327322
v 0.13453246 -1.57887899 -1.80509281
v 0.18029566 -1.53099119 -1.83083653
v 0.07322797 -1.61107301 -1.78580439
v 0.05627453 -1.30289924 -1.98410987
v 0.05613841 -1.38374185 -2.03503704
v 0.1095618 -1.34115648 -1.98697376
v 0.07982007 -1.43089425 -2.04013156
v 0.08860403 -1.48693716 -2.0292654
v 0.15418949 -1.45419371 -1.96666359
v 0.14235895 -1.39612448 -1.98091697
v 0.2075538 -1.40946555 -1.88318777
v 0.18859352 -1.34511101 -1.90329217
v 0.14661836 -1.2862972 -1.9156481
v 0.07897661 -1.23992252 -1.91842663
v 0.22162891 -1.29218912 -1.81816101
v 0.16991284 -1.22943961 -1.83294928
v 0.09121596 -1.18050503 -1.8365904
v 0.18488515 -1.17807006 -1.74469149
v 0.09822047 -1.12748408 -1.74833655
v 0.10070612 -1.08139491 -1.65695333
v 0.09811788 -1.04062664 -1.5656718
v 0.08737837 -0.99875694 -1.47808992
v 0.08437558 -0.95754289 -1.39426028
v 0.09515179 -0.91159451 -1.31198942
v 0.10285319 -0.85880017 -1.23089158
v 0.10307367 -0.79991155 -1.14720559
v 0.10029345 -0.73964792 -1.05736708
v 0.1011101 -0.68440491 -0.95971244
v 0.10785599 -0.63223123 -0.85976022
v 0.11512129 -0.58952158 -0.75774955
v 0.11473596 -0.55738467 -0.66263485
v 0.11207437 -0.54459059 -0.60727316
v 0.11191263 -0.53486543 -0.58418816
v 0.11557678 -0.51433253 -0.57187753
v 0.10849089 -0.21964548 -0.57802069
v 0.09683966 -0.07293749 -0.57957202
v 0.0947705 0.0837588 -0.57971072
v 0.09580814 0.25416296 -0.58186209
v 0.11194462 0.8211044 -0.42621049
v 0.10822767 0.90708214 -0.38042882
v 0.11018907 0.99405664 -0.35669294
v 0.11912878 1.08221983 -0.35852986
v 0.1338187 1.17058515 -0.37901285
v 0.14497232 1.25616908 -0.39847758
v 0.15139091 1.34632778 -0.4094114
v 0.15439875 1.43802881 -0.40907713
v 0.15688514 1.53208148 -0.39139097
v 0.14452095 1.62173962 -0.34976297
v 0.12397642 1.70522952 -0.28468623
v 0.09915547 1.77923286 -0.19859868
v 0.07927446 1.8357445 -0.09128213
v 0.06660445 1.85892522 0.03147822
v 0.06960081 1.84973239 0.15885019
v 0.08878453 1.81337976 0.28053498
v 0.14603331 1.84454286 0.13927219
v 0.17886197 1.81226599 0.23218254
v 0.22913871 1.75704264 0.30452939
v 0.25356403 1.80616438 0.18249112
v 0.30192673 1.75943231 0.23793551
v 0.32321408 1.82165694 0.15276247
v 0.3584094 1.77276265 0.19241422
v 0.39297884 1.8602215 0.1443212
v 0.42023113 1.81574869 0.17429937
v 0.46177765 1.75829052 0.19222094
v 0.49718448 1.87177658 0.15373231
v 0.53127867 1.83237063 0.16482572
v 0.57311624 1.79798579 0.16226156
v 0.52078747 1.70318901 0.19081714
v 0.61596566 1.77262711 0.14529781
v 0.57903754 1.66287517 0.16676129
v 0.64639163 1.7569586 0.11862266
v 0.6172809 1.6405636 0.1295422
v 0.59259516 1.5322237 0.13685457
v 0.60304713 1.43041586 0.16021607
v 0.63449108 1.62965548 0.08647503
v 0.60868918 1.51273667 0.08561221
v 0.61376422 1.40469002 0.09657625
v 0.60531848 1.38906347 0.03101795
v 0.60856741 1.27281868 0.04335609
v 0.62589144 1.28324651 0.12202335
v 0.61873507 1.31026041 0.19129629
v 0.5985974 1.5016731 0.03464445
v 0.62849348 1.62763452 0.04249699
v 0.59711933 1.63408494 0.00088571
v 0.65758043 1.74825608 0.05098196
v 0.63697016 1.75601065 0.02046292
v 0.60091525 1.77284944 -0.00331609
v 0.55157989 1.65607357 -0.02837214
v 0.55331105 1.80097973 -0.01544114
v 0.48950681 1.71169769 -0.04380094
v 0.43117672 1.65177512 -0.10114552
v 0.37348234 1.6271888 -0.19938229
v 0.4389657 1.7801907 -0.03551732
v 0.37522438 1.73343026 -0.07065393
v 0.31368643 1.7204976 -0.15857456
v 0.23087124 1.71027982 -0.23216025
v 0.27086925 1.62024569 -0.28828844
v 0.33669358 1.79240214 -0.0342645
v 0.26446116 1.78373515 -0.09621229
v 0.18842767 1.78104376 -0.15707716
v 0.23219963 1.82459473 -0.02478335
v 0.15641243 1.83200943 -0.06394693
v 0.2206815 1.8372029 0.04939614
v 0.14040629 1.85220992 0.03891481
v 0.22655004 1.83140373 0.11823725
v 0.29914918 1.85197639 0.05910481
v 0.30301985 1.84900927 0.10660585
v 0.37443548 1.88981187 0.06133136
v 0.37699037 1.88682758 0.10507313
v 0.45667699 1.93081808 0.06330166
v 0.45900726 1.92819309 0.10008366
v 0.47311544 1.90703046 0.13113781
v 0.54640382 1.97161161 0.09301092
v 0.55688047 1.95610737 0.1161357
v 0.63249808 2.01235532 0.08441867
v 0.63906079 2.00333094 0.09855783
v 0.54462021 1.97345113 0.0654749
v 0.63270783 2.01321578 0.06792488
v 0.6742295 2.02426099 0.069751
v 0.63837587 2.00659561 0.05381754
v 0.67674452 2.01752376 0.06126733
v 0.69356876 2.01928329 0.07335414
v 0.70604813 2.00342631 0.07873136
v 0.70533436 1.95755827 0.08156003
v 0.69886142 1.95995724 0.0935554
v 0.67433834 1.86231732 0.10629223
v 0.65333217 1.87271082 0.12314362
v 0.68835282 1.9649713 0.10089539
v 0.68460512 1.85759019 0.08339439
v 0.66100955 1.74878907 0.08630357
v 0.6832602 1.85778188 0.05810873
v 0.66956234 1.86298787 0.03702826
v 0.6455847 1.874125 0.02225286
v 0.61734741 1.89222669 0.01471324
v 0.59011238 1.91498315 0.01512139
v 0.51447165 1.84374153 -0.01119249
v 0.56720089 1.9402641 0.02356415
v 0.48559573 1.88542008 0.00395731
v 0.40610492 1.83466565 -0.01322669
v 0.46587842 1.91607213 0.0290149
v 0.38459467 1.87196326 0.01864484
v 0.3111644 1.83193945 0.009461
v 0.55205774 1.96197807 0.04056206
v 0.29912698 1.52370297 -0.32265356
v 0.30306845 1.42562091 -0.33915773
v 0.29548749 1.33345437 -0.34270125
v 0.41316881 1.3196907 -0.25084191
v 0.28011122 1.24364399 -0.33603662
v 0.3917002 1.22820711 -0.24991864
v 0.4735243 1.20710802 -0.15049256
v 0.50076657 1.30103671 -0.14768123
v 0.53306049 1.17680382 -0.04827516
v 0.56106638 1.28219306 -0.0486536
v 0.57599157 1.14592969 0.05845432
v 0.48500669 1.08492124 -0.05589162
v 0.50677096 1.0393821 0.05220275
v 0.50456959 1.01613712 0.15959996
v 0.59295857 1.14188742 0.14989347
v 0.58894294 1.16614794 0.22583176
v 0.44257316 0.9689663 0.02946259
v 0.43282997 0.94550246 0.12432409
v 0.41023728 0.91763538 0.01469074
v 0.39844089 0.9015088 0.09715854
v 0.36727613 0.8777911 0.17409853
v 0.39621684 0.86016321 0.0796326
v 0.36361327 0.83665555 0.14994524
v 0.32071736 0.81359797 0.21255803
v 0.38769727 0.7985928 0.13996362
v 0.27096226 0.79239535 0.27031478
v 0.19007594 0.76171731 0.31548839
v 0.0975519 0.67605966 0.33381223
v 0.09623219 0.73650866 0.33415004
v 0.09590419 0.79580819 0.360504
v 0.09319294 0.8428781 0.38131985
v 0.09035801 0.85297662 0.41869926
v 0.15854695 0.88291829 0.43184998
v 0.08404084 0.85594147 0.4957214
v 0.14444916 0.88767987 0.52482128
v 0.17521734 0.93388545 0.56107205
v 0.2106125 0.92797333 0.46059688
v 0.21108879 0.99634045 0.56299257
v 0.23871582 0.98748284 0.51526486
v 0.14173749 0.93764179 0.65409666
v 0.15091352 0.98264902 0.66532123
v 0.09126362 0.93816864 0.74698591
v 0.0845575 0.97522908 0.75315916
v 0.06784322 0.99982309 0.74099814
v 0.14263409 1.02203977 0.6589902
v 0.2231252 1.04954302 0.54379522
v 0.11573404 1.03122174 0.63317769
v 0.18113209 1.05444574 0.54075902
v 0.06833095 1.01034224 0.60528183
v 0.10632023 1.0479722 0.54556322
v 0.12075471 1.10912108 0.52510523
v 0.18042175 1.0897063 0.52484041
v 0.10354244 1.13860094 0.5746417
v 0.17612521 1.10008215 0.56490755
v 0.41844859 0.82382208 0.07128528
v 0.46786138 0.79328501 0.07004028
v 0.44104045 0.76280719 0.13869528
v 0.5597611 0.7787013 0.07737334
v 0.54316848 0.74100053 0.14880922
v 0.67809188 0.77446442 0.08669626
v 0.66981285 0.7345404 0.16183129
v 0.66635578 0.68649894 0.21430732
v 0.79119879 0.7295835 0.16244612
v 0.79200387 0.68295645 0.21566982
v 0.79404902 0.62992113 0.2470545
v 0.66571199 0.63520926 0.24583874
v 0.79632085 0.57232558 0.25884622
v 0.66784197 0.57880389 0.25854584
v 0.79856419 0.51320886 0.24827839
v 0.67210978 0.52070468 0.25076544
v 0.53966611 0.52632683 0.24228186
v 0.67881465 0.46211445 0.21868051
v 0.55223238 0.46307063 0.20724338
v 0.44735518 0.43962296 0.20643936
v 0.41232532 0.51105332 0.25672972
v 0.38616696 0.39881467 0.2250588
v 0.49186924 0.38257646 0.13795812
v 0.44236561 0.34744894 0.14205142
v 0.41041234 0.29601806 0.15262422
v 0.33633422 0.33260145 0.25278046
v 0.38775417 0.21700538 0.16031621
v 0.30763402 0.24694368 0.26234406
v 0.37231266 0.12686678 0.15702167
v 0.29690149 0.137122 0.24381533
v 0.20604303 0.1364316 0.30294519
v 0.10537663 0.13427235 0.33603775
v 0.29147046 0.03055131 0.22271847
v 0.20142908 0.02665433 0.27455747
v 0.10214605 0.0228064 0.30080792
v 0.19844892 -0.07852917 0.26435968
v 0.10105115 -0.08511721 0.29000404
v 0.10435205 -0.1931453 0.3053981
v 0.10760188 -0.69552773 0.39020746
v 0.1045676 -0.83699554 0.35262626
v 0.10187029 -0.95710384 0.28348714
v 0.09014128 -1.03157496 0.19240582
v 0.07978761 -1.06342566 0.08771704
v 0.07580107 -1.07267701 -0.02071877
v 0.08328148 -1.06349945 -0.11890644
v 0.14005126 -1.11912 -0.02556703
v 0.15400272 -1.11714708 -0.11387693
v 0.18670946 -1.10868477 -0.1873463
v 0.23971873 -1.10129296 -0.24550293
v 0.19581604 -1.19249725 -0.11766324
v 0.22615943 -1.18839812 -0.17936871
v 0.26952686 -1.18131613 -0.22471453
v 0.3241052 -1.17153573 -0.24752628
v 0.30689817 -1.09338951 -0.27503508
v 0.23953537 -1.28856468 -0.19198674
v 0.27908217 -1.28307855 -0.23907321
v 0.33255562 -1.27260756 -0.26515021
v 0.39682474 -1.257344 -0.26283118
v 0.38892003 -1.15597105 -0.24253512
v 0.29519808 -1.41060805 -0.22667229
v 0.34747353 -1.40891552 -0.25694564
v 0.4106265 -1.39639055 -0.26529562
v 0.48179563 -1.37589049 -0.24523924
v 0.47424092 -1.23650789 -0.22673972
v 0.35886645 -1.5443902 -0.190841
v 0.41962429 -1.5397067 -0.20406794
v 0.48273074 -1.52434921 -0.19742268
v 0.53732019 -1.50367486 -0.16780467
v 0.54530638 -1.35613322 -0.19484429
v 0.42772191 -1.6662476 -0.10719757
v 0.48780354 -1.65695416 -0.10515733
v 0.5379877 -1.6377511 -0.08603072
v 0.57186335 -1.61413383 -0.0548555
v 0.57461625 -1.48558485 -0.12546382
v 0.48235252 -1.75439286 0.019499
v 0.52948004 -1.73924052 0.03172896
v 0.5629763 -1.71468257 0.05240467
v 0.58234882 -1.68723511 0.07689239
v 0.59286803 -1.59096491 -0.01814678
v 0.50616401 -1.79257547 0.1663084
v 0.53822135 -1.77186358 0.17863461
v 0.55675274 -1.74753177 0.19251102
v 0.56326729 -1.71879994 0.20717679
v 0.58843904 -1.65872597 0.1019939
v 0.52144026 -1.76993143 0.30597424
v 0.52953779 -1.74840879 0.31483349
v 0.52058798 -1.72225081 0.31983193
v 0.55824071 -1.688555 0.22210015
v 0.48195835 -1.76975905 0.37465563
v 0.49064734 -1.75076913 0.3866285
v 0.48234602 -1.72905075 0.38349843
v 0.46431577 -1.71525895 0.37399938
v 0.50272476 -1.69920492 0.32193782
v 0.44063344 -1.7435472 0.41630658
v 0.43736541 -1.72451937 0.40983063
v 0.42737883 -1.71210956 0.39469343
v 0.39666616 -1.71689939 0.41962739
v 0.38865542 -1.70571279 0.40359625
v 0.37460064 -1.69240438 0.37359261
v 0.41299018 -1.69806408 0.37494242
v 0.35780152 -1.65739822 0.3197925
v 0.39371696 -1.65256834 0.33038705
v 0.34223461 -1.60784292 0.2564218
v 0.38257193 -1.5979433 0.26680398
v 0.42612403 -1.59857392 0.26901376
v 0.374778 -1.54887211 0.2027913
v 0.42173957 -1.54746913 0.20737795
v 0.46967041 -1.55570328 0.20161695
v 0.47003954 -1.60872495 0.26409316
v 0.51529467 -1.57234275 0.18463514
v 0.50945967 -1.62672436 0.25226134
v 0.5532459 -1.59753072 0.15847347
v 0.53995257 -1.65521609 0.23722358
v 0.57883387 -1.62697625 0.13006871
v 0.55073243 -1.52768647 0.10206782
v 0.58173596 -1.54680192 0.06166788
v 0.59757858 -1.56792211 0.02103765
v 0.58953684 -1.45360171 0.03425903
v 0.60526949 -1.46218109 -0.01853145
v 0.59939014 -1.47155487 -0.07538691
v 0.62452495 -1.3537147 -0.01593041
v 0.616903 -1.35064089 -0.07878983
v 0.59040737 -1.34894514 -0.13721889
v 0.64286828 -1.22523081 -0.03856296
v 0.61326003 -1.21854805 -0.10017386
v 0.5544058 -1.21820998 -0.16618521
v 0.62301725 -1.09668707 -0.06987537
v 0.55424225 -1.10811209 -0.14258179
v 0.4696874 -1.13239049 -0.20402696
v 0.5550614 -1.01365673 -0.15508176
v 0.47430717 -1.04370856 -0.2246045
v 0.3828907 -1.07444798 -0.26891553
v 0.47921511 -0.96188086 -0.27523085
v 0.37401881 -1.00843739 -0.32842835
v 0.28034076 -1.03161549 -0.34049049
v 0.35221719 -0.94301748 -0.39862641
v 0.24705453 -0.97545653 -0.41337925
v 0.30628353 -0.87969493 -0.46836635
v 0.20561119 -0.92788207 -0.46573299
v 0.10050551 -0.94567412 -0.44171932
v 0.18712818 -0.90391171 -0.48642703
v 0.09561989 -0.92680728 -0.46126508
v 0.0924486 -0.91412317 -0.47859352
v 0.09106256 -0.91082459 -0.49766144
v 0.09087645 -0.91880941 -0.51465243
v 0.09221395 -0.93385916 -0.53004133
v 0.09522222 -0.95958364 -0.55384761
v 0.10011363 -1.0145539 -0.60958105
v 0.10125079 -1.08818769 -0.68855071
v 0.10045773 -1.16259741 -0.77448487
v 0.1026868 -1.23292231 -0.86556643
v 0.10461198 -1.29735803 -0.9605332
v 0.11142629 -1.35431313 -1.05676877
v 0.11459774 -1.40876996 -1.15519177
v 0.11567428 -1.45792877 -1.2554996
v 0.11522535 -1.50233173 -1.35747528
v 0.1117512 -1.53998959 -1.46148753
v 0.1036052 -1.5715084 -1.56766605
v 0.09026884 -1.59664833 -1.6748873
v 0.08400939 -1.5408138 -2.00512886
v 0.14908392 -1.51081955 -1.94652974
v 0.20435173 -1.47288906 -1.85790455
v 0.21665081 -1.50225329 -1.73175394
v 0.24423956 -1.43563926 -1.76399254
v 0.24619127 -1.36377251 -1.7940036
v 0.2742007 -1.39595425 -1.66702032
v 0.27463001 -1.3188591 -1.70131146
v 0.24524967 -1.2432177 -1.7285757
v 0.29588034 -1.27340364 -1.60631048
v 0.26315239 -1.19628477 -1.63670349
v 0.19588795 -1.13050496 -1.65379691
v 0.27648377 -1.14927041 -1.54343092
v 0.20236939 -1.08610987 -1.56212413
v 0.28625562 -1.09971797 -1.44851827
v 0.20039372 -1.03738331 -1.47060978
v 0.2910456 -1.04699599 -1.35301721
v 0.20153154 -0.99026787 -1.38091445
v 0.29006141 -0.99249339 -1.25866544
v 0.20773944 -0.94102007 -1.29184806
v 0.28354027 -0.93566811 -1.16663348
v 0.20824486 -0.88668203 -1.2035532
v 0.27309718 -0.88078689 -1.07747757
v 0.20122385 -0.82961851 -1.1165198
v 0.26430243 -0.8285318 -0.99028825
v 0.19456364 -0.77373951 -1.02862954
v 0.25947988 -0.77754843 -0.9031322
v 0.19298543 -0.72159069 -0.9381842
v 0.25692206 -0.72650015 -0.81346517
v 0.1964266 -0.6712833 -0.84389245
v 0.25345501 -0.67895054 -0.71718305
v 0.19964376 -0.62653863 -0.74297863
v 0.24743482 -0.64212858 -0.61964047
v 0.19956779 -0.59321188 -0.64245063
v 0.24287752 -0.63082826 -0.56193167
v 0.19453454 -0.57981103 -0.5820924
v 0.24983978 -0.62318694 -0.53732383
v 0.19758935 -0.56873679 -0.55664223
v 0.26816627 -0.61124157 -0.52174979
v 0.21005073 -0.5499165 -0.54239881
v 0.2722114 -0.68825018 -0.52698755
v 0.28803122 -0.68553733 -0.51455712
v 0.26723799 -0.7608065 -0.52090102
v 0.2839958 -0.76208597 -0.50531607
v 0.23219925 -0.8355546 -0.51744794
v 0.24215418 -0.84098827 -0.50377762
v 0.25622129 -0.84978848 -0.49372589
v 0.17927601 -0.89425349 -0.49852535
v 0.17494964 -0.89032644 -0.51056796
v 0.22853228 -0.8351823 -0.53503698
v 0.17384637 -0.89126372 -0.5235089
v 0.23148247 -0.84074598 -0.55322909
v 0.17549517 -0.8991391 -0.5396198
v 0.24557738 -0.87160706 -0.60437357
v 0.18252773 -0.92661488 -0.57291841
v 0.25513976 -0.92966979 -0.68403023
v 0.19122219 -0.98409235 -0.64105951
v 0.25867283 -0.99381887 -0.76668953
v 0.19286938 -1.05251467 -0.72281682
v 0.26344019 -1.05509626 -0.85130363
v 0.19480001 -1.12106835 -0.80687451
v 0.27141097 -1.11413621 -0.93827521
v 0.20043464 -1.18652379 -0.89497333
v 0.28083193 -1.17098784 -1.02920901
v 0.20701269 -1.24683296 -0.9876433
v 0.28766223 -1.22607374 -1.12449908
v 0.2129307 -1.30344021 -1.08314812
v 0.29034429 -1.28085422 -1.22263062
v 0.21645224 -1.35714829 -1.1812576
v 0.28723976 -1.33386611 -1.32273531
v 0.21560645 -1.40747964 -1.28203415
v 0.27919879 -1.3841573 -1.42443895
v 0.21142613 -1.45436358 -1.38501918
v 0.26516428 -1.42915654 -1.52739131
v 0.20209273 -1.4949181 -1.49043607
v 0.24475392 -1.46857762 -1.63043451
v 0.18642605 -1.52887857 -1.59730064
v 0.1643989 -1.55870413 -1.70133221
v 0.29643559 -1.35275173 -1.56816029
v 0.31246238 -1.30534172 -1.46848917
v 0.31201529 -1.22552692 -1.51027977
v 0.32232898 -1.25371503 -1.36872613
v 0.32314571 -1.17362761 -1.41281521
v 0.32644212 -1.19924128 -1.26892626
v 0.32868805 -1.11874365 -1.31440663
v 0.32499834 -1.14314651 -1.17031061
v 0.32789933 -1.06232798 -1.21649348
v 0.31819647 -1.08737278 -1.07511448
v 0.32047319 -1.00577282 -1.12196242
v 0.30774024 -1.03247284 -0.98505014
v 0.3083074 -0.95166784 -1.03208661
v 0.29877802 -0.97821146 -0.89830088
v 0.29954162 -0.89941942 -0.94537222
v 0.29222708 -0.92233383 -0.81321698
v 0.29343375 -0.84680664 -0.85989779
v 0.28734001 -0.86368399 -0.72951042
v 0.28848457 -0.79300713 -0.77389508
v 0.27979183 -0.80413812 -0.64386171
v 0.28040933 -0.73888129 -0.68399047
v 0.26501011 -0.77077037 -0.57185095
v 0.26983532 -0.70077049 -0.59569197
v 0.25960406 -0.76182127 -0.54192614
v 0.26388406 -0.69202303 -0.5500071
v 0.56088066 -0.92186123 -0.1962075
v 0.62463617 -0.890109 -0.10194603
v 0.61908769 -0.79710477 -0.15422853
v 0.62312346 -0.98953968 -0.07159917
v 0.67034137 -0.98150295 0.01906357
v 0.67066872 -0.87292021 0.00555761
v 0.66271418 -1.09954297 0.00442957
v 0.67332661 -1.11154341 0.07802622
v 0.68714213 -0.99166649 0.11173362
v 0.65096902 -1.23317837 0.0268422
v 0.63565158 -1.24493372 0.09758518
v 0.65514946 -1.13218569 0.15875484
v 0.61103117 -1.35474634 0.04832496
v 0.57717609 -1.3589288 0.11430472
v 0.59551227 -1.26472485 0.17193086
v 0.55725944 -1.44458329 0.08671815
v 0.51476925 -1.43931686 0.13005043
v 0.52905315 -1.36728501 0.16719149
v 0.51036673 -1.51248323 0.13540671
v 0.46366205 -1.50203454 0.15388095
v 0.46619597 -1.43636143 0.15436682
v 0.4176487 -1.43434274 0.15891286
v 0.41417163 -1.3735007 0.20193859
v 0.47268652 -1.37347853 0.19667373
v 0.41763946 -1.4973694 0.15793952
v 0.37639629 -1.50018715 0.15196754
v 0.37282821 -1.43338334 0.14711706
v 0.32888945 -1.435014 0.12120776
v 0.31228178 -1.35971617 0.15354143
v 0.36021184 -1.36789238 0.18730668
v 0.33290728 -1.5071963 0.13407006
v 0.29248529 -1.52072632 0.10513535
v 0.28780922 -1.44213151 0.07938638
v 0.33219108 -1.55942547 0.18909668
v 0.2946237 -1.5812323 0.16737191
v 0.27226391 -1.60975444 0.14067167
v 0.26270613 -1.54295885 0.06785538
v 0.31112352 -1.62888944 0.23933762
v 0.2910251 -1.65727186 0.221616
v 0.28206563 -1.68425893 0.2072086
v 0.26525905 -1.64001882 0.11442881
v 0.33024126 -1.66814708 0.31027212
v 0.3072783 -1.68271279 0.30276432
v 0.29064068 -1.70324587 0.2953048
v 0.28984341 -1.72840714 0.28821128
v 0.28417533 -1.71275186 0.19262473
v 0.32425153 -1.6932106 0.36800286
v 0.30594241 -1.70277035 0.36903443
v 0.30109232 -1.72160208 0.36923426
v 0.31067785 -1.73978662 0.3665899
v 0.30531224 -1.75059533 0.28289046
v 0.32987079 -1.76817774 0.27861908
v 0.33267217 -1.76646637 0.16649425
v 0.30104574 -1.74139368 0.17882676
v 0.32854721 -1.75215411 0.36416202
v 0.3501569 -1.76168704 0.36251181
v 0.3592225 -1.78154194 0.27497085
v 0.35398551 -1.74929523 0.40643948
v 0.38499292 -1.75836443 0.39662641
v 0.38087138 -1.77146041 0.35800164
v 0.36310765 -1.73714101 0.42824477
v 0.39192184 -1.74647438 0.41623058
v 0.43573561 -1.76042985 0.40403819
v 0.36922302 -1.72208392 0.43808186
v 0.39700907 -1.73105359 0.42627388
v 0.36864551 -1.7064048 0.42870724
v 0.3600856 -1.6981095 0.40796834
v 0.34634751 -1.69082677 0.36970555
v 0.39262354 -1.79237222 0.27629235
v 0.46027874 -1.80121541 0.15937785
v 0.41453132 -1.79892671 0.15542702
v 0.37081968 -1.78587126 0.15769873
v 0.42763167 -1.7573297 0.01771906
v 0.37351265 -1.74763727 0.02699085
v 0.32645165 -1.72719574 0.04348505
v 0.3677366 -1.66299772 -0.09414566
v 0.31646275 -1.64757227 -0.07000202
v 0.28002417 -1.62485611 -0.03961152
v 0.29224559 -1.70102167 0.06557701
v 0.25791725 -1.5978012 -0.00544276
v 0.27159965 -1.66983103 0.08963556
v 0.24988305 -1.57051885 0.02897987
v 0.24845489 -1.49973273 -0.08343893
v 0.24173195 -1.47766125 -0.03494893
v 0.25650647 -1.45723533 0.02292444
v 0.22877383 -1.37792909 -0.06301877
v 0.24357461 -1.36278402 0.01693397
v 0.27249062 -1.35522604 0.09535426
v 0.21084199 -1.28107917 -0.05697947
v 0.2145833 -1.28806483 -0.13341422
v 0.18550562 -1.18892252 -0.03764548
v 0.23363558 -1.39293444 -0.12830148
v 0.25636726 -1.4032154 -0.18018309
v 0.2710444 -1.52067613 -0.12437398
v 0.30775526 -1.53664147 -0.16240535
v 0.34957841 -1.28845346 0.24942132
v 0.40888202 -1.29973673 0.2653906
v 0.33938807 -1.18521523 0.32487216
v 0.40598464 -1.20531964 0.34381374
v 0.47444835 -1.20894742 0.3362998
v 0.47373491 -1.30001485 0.2603074
v 0.54359018 -1.19559621 0.30266353
v 0.53814744 -1.28712797 0.22982659
v 0.60808414 -1.16554224 0.24042977
v 0.55491823 -1.08823943 0.37093102
v 0.61930841 -1.05913078 0.30266982
v 0.66690588 -1.0195527 0.20956207
v 0.63104182 -0.93852448 0.34010711
v 0.67515707 -0.90684413 0.2370135
v 0.69245529 -0.87962877 0.11953413
v 0.68227624 -0.77910244 0.23085111
v 0.69181239 -0.7681629 0.10063909
v 0.66591131 -0.77320659 -0.03195027
v 0.68047958 -0.65171492 0.04652082
v 0.65048736 -0.67208373 -0.09113869
v 0.59703463 -0.6979711 -0.21913345
v 0.61598056 -0.56951171 -0.15699841
v 0.55562454 -0.60055738 -0.27336734
v 0.56777322 -0.47046253 -0.2115633
v 0.50563305 -0.50303185 -0.31351035
v 0.51189756 -0.37143647 -0.2487156
v 0.45109561 -0.40026453 -0.34260824
v 0.45665657 -0.27140569 -0.26907247
v 0.39864549 -0.29353034 -0.35992246
v 0.416009 -0.17013996 -0.28037497
v 0.35926413 -0.18248474 -0.37179711
v 0.28863361 -0.19479186 -0.45432442
v 0.33951786 -0.06832751 -0.38206914
v 0.26938733 -0.06920067 -0.46402186
v 0.18780945 -0.07018963 -0.5318517
v 0.20441886 -0.2066991 -0.52559882
v 0.26436355 0.06510819 -0.4700225
v 0.18437027 0.07686927 -0.53443813
v 0.27026715 0.20471747 -0.4704957
v 0.18555903 0.23626378 -0.53737384
v 0.28977212 0.34014296 -0.45477521
v 0.36643824 0.27346316 -0.36669758
v 0.40144866 0.36048889 -0.33154222
v 0.32884755 0.4559634 -0.4136644
v 0.34572836 0.16747532 -0.38478291
v 0.40663006 0.13250294 -0.2866227
v 0.42524555 0.22068648 -0.26963624
v 0.33630657 0.04923643 -0.38785722
v 0.39676418 0.03446229 -0.29188269
v 0.43673819 0.02436407 -0.18429005
v 0.44685909 0.10905849 -0.17894838
v 0.39765071 -0.06741944 -0.2885091
v 0.43561944 -0.0659565 -0.18337562
v 0.44125959 -0.06347043 -0.070855
v 0.44205442 0.0218473 -0.06831205
v 0.45252803 -0.1582475 -0.1780661
v 0.45686808 -0.15021719 -0.06818045
v 0.42795801 -0.14855758 0.03880421
v 0.41394218 -0.06211749 0.03806659
v 0.49146914 -0.25015291 -0.16747757
v 0.49376076 -0.23457063 -0.05719068
v 0.4623447 -0.22956013 0.05091581
v 0.402821 -0.23867328 0.14739772
v 0.37344548 -0.15437707 0.13521513
v 0.54543471 -0.31715777 -0.03358306
v 0.51206433 -0.30437451 0.07621913
v 0.44888344 -0.31404769 0.17194707
v 0.35779038 -0.34948498 0.2565841
v 0.32059472 -0.2601619 0.2313307
v 0.56990504 -0.38532617 0.12569657
v 0.50862836 -0.38670706 0.2137966
v 0.42307132 -0.42409616 0.28853336
v 0.56756389 -0.49273735 0.29598677
v 0.49319171 -0.51708191 0.35523396
v 0.41575002 -0.57065457 0.39465767
v 0.53729289 -0.66658037 0.42952099
v 0.59723651 -0.64630967 0.37918081
v 0.59086185 -0.81661868 0.4210526
v 0.53584307 -0.83153921 0.46354666
v 0.57154387 -0.9628573 0.41560006
v 0.50666648 -0.97419691 0.45481461
v 0.4407241 -0.97479146 0.46706074
v 0.3592557 -0.95397961 0.44381371
v 0.48542133 -1.0992912 0.40756389
v 0.41336336 -1.09657192 0.41644737
v 0.33803775 -1.07544779 0.3903588
v 0.27217829 -0.89844024 0.38563245
v 0.21310676 -0.86014229 0.34781634
v 0.23724585 -0.73159652 0.37324857
v 0.18435914 -0.71039938 0.37009662
v 0.16969402 -0.84355104 0.33923393
v 0.16788642 -0.96803557 0.27458021
v 0.64372676 -0.79769617 0.3408764
v 0.64755672 -0.63899946 0.29555434
v 0.6787731 -0.64111852 0.18123203
v 0.62195259 -0.49452248 0.21193106
v 0.65164005 -0.51326882 0.10165987
v 0.65043205 -0.54033082 -0.02712396
v 0.60234856 -0.40726074 0.02037279
v 0.60135561 -0.43803039 -0.09555584
v 0.54442775 -0.34300622 -0.14404384
v 0.20293936 -0.18300117 0.27585056
v 0.29752096 -0.1670264 0.21658799
v 0.28847652 -0.07000377 0.21246103
v 0.36203566 -0.06392941 0.13511788
v 0.36398705 0.03018157 0.14443318
v 0.41615429 0.02540084 0.04458701
v 0.42608016 0.11049531 0.0524831
v 0.45254853 0.10196782 -0.06214276
v 0.4409646 0.19004926 0.05535263
v 0.46843045 0.17588281 -0.05454847
v 0.46326059 0.18649077 -0.16687144
v 0.49041122 0.24253416 -0.04601283
v 0.48738923 0.25479793 -0.14946861
v 0.4535076 0.29597145 -0.24211238
v 0.5228275 0.3105669 -0.12963511
v 0.49627411 0.35641607 -0.21030987
v 0.45797902 0.42382225 -0.28220558
v 0.5589776 0.39994326 -0.18088352
v 0.53418523 0.46801626 -0.23848491
v 0.51026076 0.54750192 -0.27714234
v 0.41053912 0.51449537 -0.34163987
v 0.49072119 0.6297996 -0.28870886
v 0.61288815 0.56367963 -0.24098444
v 0.60354185 0.63419747 -0.2435376
v 0.59645324 0.69207602 -0.22286102
v 0.48133871 0.70060807 -0.26529228
v 0.59181982 0.73762083 -0.19015349
v 0.70442289 0.6923694 -0.21016074
v 0.6999253 0.73584699 -0.18047168
v 0.69582873 0.77165526 -0.13791282
v 0.58760815 0.77446919 -0.14251394
v 0.69237053 0.7930774 -0.07751225
v 0.58262187 0.79714155 -0.07793983
v 0.48862341 0.81044262 -0.07675647
v 0.57432019 0.79878759 -0.00206325
v 0.48391699 0.81039226 -0.00352104
v 0.43159985 0.8417586 -0.00074059
v 0.43144217 0.84634822 -0.07453066
v 0.40899771 0.87627804 0.00493347
v 0.40419581 0.88239872 -0.07035218
v 0.40131154 0.92822188 -0.06600922
v 0.37143281 0.94382214 -0.14310962
v 0.31463038 0.96439009 -0.22622989
v 0.43171301 0.99820429 -0.06291609
v 0.39399024 1.02575445 -0.14709647
v 0.32868287 1.04948175 -0.22980544
v 0.23231762 1.0685091 -0.30347698
v 0.2172828 0.98256808 -0.30263745
v 0.43616789 1.12037944 -0.15039527
v 0.36290004 1.1422007 -0.24210083
v 0.25817224 1.15803241 -0.3216612
v 0.21828863 0.89730173 -0.32476148
v 0.22646905 0.81600999 -0.36816486
v 0.68668115 0.79507589 0.00029568
v 0.80305874 0.78466439 -0.07862794
v 0.79840737 0.7862336 -0.00110746
v 0.79349023 0.76663184 0.08622774
v 0.90566843 0.77146863 -0.00449833
v 0.90252983 0.75445348 0.07808081
v 0.90423345 0.72047174 0.14997232
v 1.00911092 0.74329727 0.06896307
v 1.01181578 0.71211302 0.1332419
v 1.01644814 0.66975826 0.17924404
v 0.90789377 0.67576837 0.19953975
v 1.02010977 0.62104165 0.20603662
v 0.91124928 0.62491524 0.22794817
v 1.02200758 0.56880611 0.21388442
v 0.91348379 0.57022827 0.23634973
v 1.02254867 0.51649844 0.2035384
v 0.91452175 0.51472389 0.22535941
v 1.0227915 0.4670833 0.17436614
v 0.91526496 0.46111193 0.19417788
v 0.80131071 0.4561479 0.21591426
v 0.91661262 0.41557341 0.14302378
v 0.80547463 0.4064458 0.16204111
v 0.69069576 0.40841445 0.16162517
v 0.81188362 0.37144288 0.08462441
v 0.70889681 0.36987388 0.08203901
v 0.61390274 0.36377039 0.06916987
v 0.58132523 0.40421438 0.14778649
v 0.53872239 0.34449887 0.05730508
v 0.63741016 0.35180366 -0.01507811
v 0.56913137 0.33181691 -0.02702023
v 0.52166569 0.29606714 -0.03741387
v 0.49218317 0.31164163 0.0527963
v 0.46150678 0.26026865 0.05399633
v 0.57440441 0.35124605 -0.11040993
v 0.64475101 0.37296858 -0.09643872
v 0.63795095 0.42286065 -0.16357597
v 0.72810494 0.37986159 -0.0874705
v 0.72550106 0.42943912 -0.15622694
v 0.71986466 0.49604558 -0.20374932
v 0.62502038 0.490341 -0.21275501
v 0.71450603 0.56802117 -0.22787129
v 0.815351 0.49324297 -0.19727055
v 0.81454891 0.56489932 -0.22076651
v 0.81285709 0.63380199 -0.22169493
v 0.7093057 0.63713365 -0.22825671
v 0.81054604 0.68980372 -0.20504808
v 0.9173721 0.62426185 -0.21404719
v 0.91795474 0.67970806 -0.19901208
v 0.91732001 0.72300988 -0.1712396
v 0.8084138 0.73363244 -0.17608533
v 0.9150443 0.75525867 -0.13068282
v 0.80624657 0.76736187 -0.13510261
v 0.91086804 0.76987338 -0.07686354
v 1.02193594 0.74042314 -0.12164349
v 1.01671481 0.75512594 -0.07016967
v 1.01146864 0.75802087 -0.00447365
v 1.12310624 0.74311739 -0.05949899
v 1.11733889 0.74679285 -0.00022211
v 1.11476981 0.73408269 0.06275053
v 1.22412502 0.7358635 0.0087116
v 1.2217468 0.72605145 0.06003174
v 1.2232685 0.70271468 0.10782912
v 1.11670947 0.70617812 0.11885123
v 1.22617054 0.66775172 0.14402754
v 1.12108588 0.66766709 0.16080577
v 1.2291938 0.62216109 0.16624641
v 1.12504446 0.6202591 0.1861401
v 1.23073554 0.57410246 0.1719751
v 1.12687206 0.57034963 0.19304879
v 1.22957098 0.5280177 0.1627808
v 1.12691795 0.52164691 0.18282425
v 1.22703051 0.48863875 0.13859397
v 1.12602126 0.47782427 0.1557696
v 1.22412347 0.4582268 0.09799416
v 1.12524414 0.44184663 0.10904641
v 1.02308189 0.42552527 0.12463015
v 1.12467944 0.41975814 0.04732916
v 1.02297306 0.39771667 0.0575593
v 0.91819071 0.38334623 0.07214503
v 1.02160656 0.38895762 -0.01811042
v 0.91784977 0.37270128 -0.00883136
v 0.81723862 0.36229369 -0.00188101
v 0.91517961 0.38957417 -0.0881005
v 0.81810951 0.38371422 -0.08399061
v 0.72299242 0.35922545 -0.00479077
v 0.9138143 0.43111094 -0.14919398
v 0.81647986 0.42993041 -0.1511387
v 0.91378092 0.48922562 -0.1901647
v 1.01917791 0.43475502 -0.14540951
v 1.01881671 0.48556929 -0.18163956
v 1.01987028 0.54737579 -0.20008248
v 0.91541522 0.55675113 -0.21236585
v 1.02286505 0.61099022 -0.20178635
v 1.12824404 0.54238611 -0.1812057
v 1.1303457 0.60055196 -0.18452537
v 1.13168942 0.65309232 -0.1720736
v 1.02489042 0.66528791 -0.18769913
v 1.13110685 0.69552451 -0.14635561
v 1.02473521 0.70840871 -0.16084431
v 1.12831378 0.72695994 -0.10879471
v 1.24020278 0.68581867 -0.12823063
v 1.23700559 0.71629405 -0.09408906
v 1.23050892 0.73265582 -0.04468742
v 1.34374928 0.70179784 -0.06709829
v 1.33599579 0.71813881 -0.02337945
v 1.33195626 0.72366654 0.02049981
v 1.43950462 0.71513831 -0.00131249
v 1.43581855 0.72400575 0.03194919
v 1.43640065 0.72072643 0.0635226
v 1.33042717 0.71847957 0.06190636
v 1.4408946 0.70280629 0.08974321
v 1.3318057 0.69978356 0.09988698
v 1.44597971 0.66893643 0.11418613
v 1.33464098 0.66703933 0.12922464
v 1.44967746 0.62165135 0.13212062
v 1.33729064 0.6227523 0.14845305
v 1.44730818 0.57034277 0.13995714
v 1.33669829 0.57516741 0.15464234
v 1.43722868 0.52143466 0.13654576
v 1.33252561 0.528939 0.1482993
v 1.42620158 0.48279875 0.12075717
v 1.32670521 0.49024334 0.12850125
v 1.4180144 0.45674383 0.09398779
v 1.32176661 0.46279588 0.09520883
v 1.41450333 0.44339123 0.05948815
v 1.32026469 0.44795537 0.049699
v 1.22286748 0.4403088 0.04439892
v 1.32338511 0.44427478 -0.00099294
v 1.22524917 0.43397626 -0.01484392
v 1.12536716 0.41307845 -0.02049991
v 1.2301979 0.44057467 -0.07063245
v 1.12670159 0.42247405 -0.08405296
v 1.0201348 0.40185308 -0.08973579
v 1.12770783 0.44601261 -0.13203044
v 1.2345035 0.45943737 -0.11279247
v 1.2368685 0.49317073 -0.14111949
v 1.12776517 0.48627883 -0.16369551
v 1.23827457 0.54232323 -0.1582776
v 1.34330356 0.49593135 -0.11609362
v 1.34723568 0.54007494 -0.13149917
v 1.35007345 0.58976602 -0.1349705
v 1.23980689 0.59610652 -0.16203644
v 1.35081136 0.6345877 -0.12520016
v 1.24111628 0.64490664 -0.15166254
v 1.34997582 0.67225247 -0.10405469
v 1.46158182 0.62723135 -0.09388335
v 1.45309782 0.66721546 -0.07056041
v 1.44428336 0.69632041 -0.0363497
v 1.55566108 0.67290192 -0.0366376
v 1.55238878 0.70441418 -0.00986031
v 1.54914832 0.72571277 0.01669602
v 1.65600431 0.69405329 0.00253438
v 1.66308116 0.71512615 0.02404084
v 1.66489982 0.72474747 0.05080757
v 1.54785764 0.7339341 0.0405639
v 1.65869641 0.7112661 0.07265771
v 1.54764425 0.72622638 0.06209974
v 1.6481347 0.68134951 0.08514906
v 1.54892146 0.70324391 0.08213704
v 1.54792916 0.66922384 0.10168463
v 1.54846763 0.6204341 0.11775669
v 1.54626917 0.56273323 0.12676349
v 1.61399054 0.50446313 0.12087038
v 1.53517913 0.50783401 0.12771531
v 1.60829794 0.45796975 0.11625068
v 1.52094793 0.46243515 0.11910716
v 1.60613012 0.42179945 0.10326398
v 1.51042389 0.43292 0.09763436
v 1.60446572 0.40497374 0.07962327
v 1.5063641 0.41790911 0.07032635
v 1.60522115 0.39732393 0.05226714
v 1.50939464 0.41619646 0.03749894
v 1.41796684 0.44173455 0.01810687
v 1.51720392 0.42476555 0.00356291
v 1.42439138 0.4461365 -0.0229423
v 1.3305943 0.44842824 -0.04931665
v 1.43680608 0.46013146 -0.06077121
v 1.33828043 0.46589338 -0.09040352
v 1.44946122 0.4900054 -0.08664313
v 1.52958512 0.44260186 -0.02833231
v 1.54609298 0.47670275 -0.05381328
v 1.56103384 0.52306193 -0.06849566
v 1.45819735 0.53216058 -0.10174889
v 1.56790566 0.57673436 -0.07160291
v 1.46272301 0.58199375 -0.10452504
v 1.56348335 0.62786257 -0.05975769
v 1.63801026 0.51709574 -0.04264874
v 1.62399971 0.46884211 -0.02793699
v 1.61436533 0.43369075 -0.00436756
v 1.60882532 0.40789672 0.02183842
v 1.68558871 0.41419851 0.03119208
v 1.68868434 0.40512731 0.05721765
v 1.75233018 0.44510185 0.05795713
v 1.74502408 0.44856551 0.03627996
v 1.79254794 0.50658702 0.05882759
v 1.7847203 0.50733208 0.03494871
v 1.79016113 0.58200359 0.05740466
v 1.78324961 0.57997494 0.03325429
v 1.7634902 0.57496058 0.01215402
v 1.74523711 0.6509872 0.03199537
v 1.73306405 0.63902145 0.01267539
v 1.75087893 0.65647018 0.05618931
v 1.77642595 0.57825779 0.07600238
v 1.73861193 0.64756959 0.07504034
v 1.75231027 0.57169586 0.08819653
v 1.71725606 0.62962907 0.08834834
v 1.7766751 0.5111131 0.0768582
v 1.74396264 0.45386111 0.07782474
v 1.68490755 0.41486471 0.08256963
v 0.40342304 1.17089855 0.41858521
v 0.31427806 1.04788792 0.45607227
v 0.33803102 1.14795517 0.47717198
v 0.26482483 1.05747759 0.50437259
v 0.27069923 1.1235373 0.53950762
v 0.27586266 1.25784111 0.52880001
v 0.22305926 1.13629174 0.61170798
v 0.21942408 1.22023594 0.62177401
v 0.20269434 1.33959782 0.59384113
v 0.15912805 1.19910049 0.71772354
v 0.16110731 1.28399968 0.70607245
v 0.13918061 1.43634116 0.60257589
v 0.07589777 1.48906493 0.61843401
v 0.08771309 1.19096565 0.7953695
v 0.09441421 1.25462758 0.79861539
v 0.06914993 1.13967132 0.78708434
v 0.13978289 1.13460969 0.71869152
v 0.11277236 1.09918522 0.70675569
v 0.22168982 1.092368 0.56013524
v -0.27520507 1.32373416 0.4353407
v -0.25952097 1.32140791 0.42786034
v -0.26113286 1.32156086 0.36170938
v -0.28601124 1.31734144 0.3991352
v -0.26842632 1.31614565 0.40105015
v -0.27285718 1.31621682 0.38939267
v -0.23500871 1.44561266 0.29246324
v -0.21093469 1.40065729 0.30547395
v -0.26215058 1.3863542 0.29285126
v -0.29056021 1.44512796 0.28892919
v -0.15941548 1.42968845 0.39037177
v -0.16783939 1.38990247 0.41767567
v -0.17820645 1.36809539 0.37415003
v -0.17243742 1.42319452 0.34309798
v -0.37534713 1.40510284 0.37445265
v -0.3559443 1.37248683 0.35362973
v -0.35207054 1.35359728 0.39960849
v -0.37408983 1.40340745 0.42017906
v -0.19718143 1.38659679 0.46835929
v -0.23042385 1.39154374 0.49222037
v -0.22451125 1.34108412 0.44902798
v -0.19742229 1.35297405 0.43533492
v -0.29760766 1.33020126 0.44132202
v -0.28331941 1.31929695 0.41812369
v -0.26720666 1.31886899 0.4200859
v -0.26616165 1.32937932 0.44776907
v -0.30080476 1.35618531 0.47428989
v -0.24797724 1.32160913 0.42255163
v -0.25067567 1.33697414 0.45715645
v -0.25528106 1.3178544 0.40963113
v -0.24200864 1.32354021 0.36599028
v -0.25269913 1.31756246 0.38729161
v -0.26602178 1.3172394 0.37901479
v -0.29198333 1.32514548 0.35761967
v -0.2757093 1.33487379 0.33390215
v -0.29077464 1.31866192 0.38447412
v -0.30338269 1.3223232 0.40922898
v -0.3182308 1.32783842 0.38678094
v -0.32387733 1.34408319 0.34601724
v -0.33222582 1.34349548 0.4318594
v -0.34578213 1.38773787 0.46446546
v -0.2763279 1.38233029 0.49598085
v -0.3225173 1.44365334 0.49000346
v -0.36065372 1.47689497 0.42992594
v -0.36606529 1.46109032 0.35605847
v -0.25266444 1.4760096 0.49199175
v -0.2823157 1.5317198 0.42404234
v -0.29743555 1.5142343 0.33531165
v -0.34262844 1.41275107 0.31425941
v -0.18966715 1.50133132 0.40716871
v -0.21053148 1.49368345 0.33106088
v -0.18356828 1.44768834 0.46081
v -0.3059273 1.36670434 0.31011971
v -0.24143043 1.34635043 0.32465252
v -0.20369321 1.3564682 0.34070643
v -0.21999621 1.32909154 0.37841388
v -0.20493403 1.33711862 0.40300878
v -0.22907024 1.32602024 0.41729408
v -0.23968643 1.32014131 0.39906171
v 0.27520507 1.32373416 0.4353407
v 0.25952097 1.32140791 0.42786034
v 0.26113286 1.32156086 0.36170938
v 0.28601124 1.31734144 0.3991352
v 0.26842632 1.31614565 0.40105015
v 0.27285718 1.31621682 0.38939267
v 0.23500871 1.44561266 0.29246324
v 0.21093469 1.40065729 0.30547395
v 0.26215058 1.3863542 0.29285126
v 0.29056021 1.44512796 0.28892919
v 0.15941548 1.42968845 0.39037177
v 0.16783939 1.38990247 0.41767567
v 0.17820645 1.36809539 0.37415003
v 0.17243742 1.42319452 0.34309798
v 0.37534713 1.40510284 0.37445265
v 0.3559443 1.37248683 0.35362973
v 0.35207054 1.35359728 0.39960849
v 0.37408983 1.40340745 0.42017906
v 0.19718143 1.38659679 0.46835929
v 0.23042385 1.39154374 0.49222037
v 0.22451125 1.34108412 0.44902798
v 0.19742229 1.35297405 0.43533492
v 0.29760766 1.33020126 0.44132202
v 0.28331941 1.31929695 0.41812369
v 0.26720666 1.31886899 0.4200859
v 0.26616165 1.32937932 0.44776907
v 0.30080476 1.35618531 0.47428989
v 0.24797724 1.32160913 0.42255163
v 0.25067567 1.33697414 0.45715645
v 0.25528106 1.3178544 0.40963113
v 0.24200864 1.32354021 0.36599028
v 0.25269913 1.31756246 0.38729161
v 0.26602178 1.3172394 0.37901479
v 0.29198333 1.32514548 0.35761967
v 0.2757093 1.33487379 0.33390215
v 0.29077464 1.31866192 0.38447412
v 0.30338269 1.3223232 0.40922898
v 0.3182308 1.32783842 0.38678094
v 0.32387733 1.34408319 0.34601724
v 0.33222582 1.34349548 0.4318594
v 0.34578213 1.38773787 0.46446546
v 0.2763279 1.38233029 0.49598085
v 0.3225173 1.44365334 0.49000346
v 0.36065372 1.47689497 0.42992594
v 0.36606529 1.46109032 0.35605847
v 0.25266444 1.4760096 0.49199175
v 0.2823157 1.5317198 0.42404234
v 0.29743555 1.5142343 0.33531165
v 0.34262844 1.41275107 0.31425941
v 0.18966715 1.50133132 0.40716871
v 0.21053148 1.49368345 0.33106088
v 0.18356828 1.44768834 0.46081
v 0.3059273 1.36670434 0.31011971
v 0.24143043 1.34635043 0.32465252
v 0.20369321 1.3564682 0.34070643
v 0.21999621 1.32909154 0.37841388
v 0.20493403 1.33711862 0.40300878
v 0.22907024 1.32602024 0.41729408
v 0.23968643 1.32014131 0.39906171
g Group24942
f 1 39 40 41
f 1 41 42 43
f 2 3 44 45
f 2 46 4 3
f 5 48 49 47
f 6 50 51 52
f 6 53 54 50
f 6 52 55 53
f 7 56 57 58
f 60 61 56 7
f 7 58 59 60
f 8 62 63 64
f 8 64 65 66
f 9 12 67 68
f 70 71 12 9
f 9 68 69 70
f 10 72 73 74
f 10 75 76 72
f 10 74 77 75
f 11 78 73 72
f 11 72 76 79
f 11 79 80 78
f 12 71 81 67
f 13 82 83 84
f 13 84 85 86
f 13 86 87 88
f 13 88 89 90
f 14 68 67 91
f 14 92 93 68
f 14 91 94 92
f 95 96 97 98
f 15 99 100 101
f 15 102 103 99
f 15 101 104 102
f 16 105 106 107
f 16 108 109 105
f 16 110 111 108
f 17 112 113 114
f 116 117 112 17
f 17 114 115 116
f 18 118 119 113
f 18 113 112 120
f 18 121 122 118
f 19 123 124 125
f 19 125 115 126
f 19 126 94 123
f 20 127 128 129
f 81 130 127 20
f 20 129 21 81
f 21 129 131 132
f 21 123 94 91
f 21 132 124 123
f 22 83 133 134
f 22 135 84 83
f 22 136 137 135
f 22 134 138 139
f 22 139 140 136
f 23 141 142 143
f 23 144 145 141
f 23 143 146 147
f 23 147 148 149
f 24 150 151 152
f 24 153 154 150
f 24 152 155 153
f 25 156 157 158
f 25 159 160 156
f 25 158 161 159
f 26 162 163 164
f 26 164 165 166
f 26 166 167 162
f 27 168 169 170
f 27 170 171 172
f 27 172 155 168
f 28 173 174 175
f 28 176 177 173
f 28 175 178 176
f 179 180 181 182
f 29 183 184 185
f 29 186 187 183
f 29 185 188 186
f 30 189 190 191
f 30 191 192 193
f 30 193 194 189
f 31 195 196 197
f 199 200 195 31
f 31 197 198 199
f 32 201 202 203
f 205 206 201 32
f 32 203 204 205
f 33 207 208 209
f 211 212 207 33
f 33 209 210 211
f 34 213 214 215
f 34 215 216 217
f 34 218 219 213
f 35 220 221 222
f 35 223 224 220
f 35 222 225 226
f 36 227 228 229
f 36 229 230 231
f 36 232 233 227
f 36 231 234 235
f 36 235 236 232
f 37 237 238 239
f 37 240 241 237
f 37 239 242 240
f 38 243 244 245
f 38 246 247 243
f 38 245 248 246
f 248 249 250 246
f 250 249 251 252
f 250 252 253 254
f 250 254 247 246
f 254 253 255 256
f 254 256 257 247
f 257 258 243 247
f 257 256 259 260
f 257 260 261 258
f 261 262 263 258
f 261 260 264 265
f 261 265 266 262
f 266 265 267 268
f 268 267 269 270
f 270 269 271 272
f 272 271 273 274
f 274 273 275 276
f 276 275 277 278
f 278 277 279 280
f 280 279 281 282
f 282 281 283 284
f 284 283 285 286
f 286 285 287 288
f 288 287 289 290
f 290 289 291 292
f 292 291 293 294
f 294 293 295 296
f 296 295 234 297
f 297 234 231 298
f 298 231 230 299
f 299 230 300 301
f 301 300 302 303
f 303 302 304 305
f 305 304 306 307
f 307 306 225 308
f 308 225 222 309
f 310 221 311 312
f 312 311 313 314
f 314 313 315 316
f 316 315 317 318
f 318 317 319 320
f 320 319 321 322
f 322 321 323 324
f 324 323 325 326
f 326 325 327 328
f 328 327 329 330
f 330 329 331 332
f 332 331 333 334
f 334 333 335 336
f 336 335 337 338
f 338 337 339 340
f 340 339 341 342
f 342 341 58 57
f 341 339 343 344
f 341 344 345 58
f 345 344 346 347
f 345 347 127 130
f 345 130 59 58
f 347 346 348 349
f 347 349 128 127
f 349 348 350 351
f 349 351 352 128
f 352 351 353 354
f 352 354 355 356
f 352 356 129 128
f 356 355 357 358
f 356 358 131 129
f 358 357 359 360
f 358 360 361 131
f 361 362 132 131
f 361 360 363 364
f 361 364 365 362
f 365 366 367 368
f 365 368 369 362
f 365 364 370 366
f 370 197 196 366
f 370 364 363 371
f 370 371 372 197
f 372 371 373 374
f 372 374 375 376
f 372 376 198 197
f 376 375 377 378
f 376 378 379 198
f 379 380 199 198
f 379 378 381 382
f 379 382 383 380
f 383 384 385 380
f 383 382 386 387
f 383 387 388 384
f 388 333 331 384
f 388 387 389 390
f 388 390 335 333
f 390 389 391 392
f 390 392 337 335
f 392 391 393 343
f 392 343 339 337
f 393 391 394 395
f 393 395 348 346
f 393 346 344 343
f 395 394 396 397
f 395 397 350 348
f 397 396 398 399
f 397 399 400 350
f 400 399 401 402
f 400 402 151 353
f 400 353 351 350
f 402 401 403 404
f 402 404 152 151
f 404 403 169 168
f 404 168 155 152
f 403 401 405 406
f 403 406 407 169
f 407 406 408 409
f 407 409 174 410
f 407 410 170 169
f 410 174 173 411
f 410 411 171 170
f 411 412 413 171
f 411 173 177 412
f 413 414 415 416
f 413 416 172 171
f 413 412 417 414
f 417 418 359 414
f 417 412 177 419
f 417 419 373 418
f 419 177 176 420
f 419 420 374 373
f 420 176 178 421
f 420 421 375 374
f 421 178 180 422
f 421 422 377 375
f 422 180 179 423
f 422 423 424 377
f 424 381 378 377
f 424 423 425 426
f 424 426 427 381
f 427 386 382 381
f 427 426 428 429
f 427 429 430 386
f 430 389 387 386
f 430 429 396 394
f 430 394 391 389
f 429 428 398 396
f 428 426 425 431
f 428 431 405 398
f 431 425 182 408
f 431 408 406 405
f 425 423 179 182
f 418 363 360 359
f 418 373 371 363
f 416 415 154 153
f 416 153 155 172
f 415 357 355 154
f 415 414 359 357
f 409 408 182 181
f 409 181 175 174
f 405 401 399 398
f 385 329 327 432
f 385 432 199 380
f 385 384 331 329
f 432 327 325 433
f 432 433 200 199
f 433 325 323 434
f 433 434 435 200
f 435 434 436 437
f 435 437 438 439
f 435 439 195 200
f 439 438 440 441
f 439 441 196 195
f 441 440 442 367
f 441 367 366 196
f 442 440 443 444
f 442 444 445 446
f 442 446 368 367
f 446 445 116 447
f 446 447 369 368
f 447 116 115 125
f 447 125 124 369
f 445 444 448 449
f 445 449 117 116
f 449 448 450 451
f 449 451 452 117
f 452 451 453 454
f 452 454 455 120
f 452 120 112 117
f 455 454 456 138
f 455 138 134 457
f 455 457 18 120
f 457 134 133 458
f 457 458 121 18
f 458 133 459 460
f 458 460 461 121
f 461 462 122 121
f 461 460 463 464
f 461 464 465 462
f 463 460 459 466
f 466 459 82 467
f 462 468 469 122
f 469 468 470 471
f 469 471 472 473
f 469 473 118 122
f 473 472 474 475
f 473 475 119 118
f 472 471 51 476
f 472 476 477 474
f 477 476 478 479
f 477 479 480 481
f 477 481 482 474
f 481 480 48 483
f 481 483 484 482
f 483 48 5 485
f 483 485 486 484
f 486 485 487 488
f 486 488 489 490
f 486 490 491 484
f 490 489 492 493
f 490 493 494 491
f 493 4 46 494
f 487 485 5 47
f 480 479 495 496
f 480 496 49 48
f 495 479 478 497
f 497 478 50 54
f 478 476 51 50
f 471 470 52 51
f 470 498 55 52
f 470 468 499 498
f 459 133 83 82
f 456 500 501 502
f 456 502 139 138
f 456 454 453 500
f 502 501 503 504
f 502 504 140 139
f 504 503 505 506
f 504 506 507 140
f 507 506 508 509
f 507 509 510 511
f 507 511 136 140
f 511 510 512 513
f 511 513 137 136
f 513 512 514 515
f 513 515 516 137
f 516 515 517 518
f 516 518 519 520
f 516 520 135 137
f 520 519 521 85
f 520 85 84 135
f 521 519 522 523
f 521 523 524 525
f 521 525 86 85
f 525 524 526 527
f 525 527 87 86
f 527 526 528 529
f 527 529 530 87
f 530 531 88 87
f 530 529 532 533
f 530 533 534 531
f 534 535 536 531
f 534 533 537 538
f 534 538 539 535
f 539 538 540 541
f 541 540 106 542
f 543 105 109 544
f 544 109 545 546
f 546 545 547 548
f 548 547 549 550
f 550 549 551 552
f 553 554 555 556
f 556 555 557 558
f 558 557 209 208
f 557 555 559 560
f 557 560 561 209
f 561 562 210 209
f 561 560 563 564
f 561 564 565 562
f 565 566 567 562
f 565 564 568 569
f 565 569 570 566
f 570 571 572 566
f 570 569 573 574
f 570 574 575 571
f 575 576 577 571
f 575 574 578 579
f 575 579 580 576
f 580 581 582 576
f 580 579 583 584
f 580 584 585 581
f 585 586 587 581
f 585 584 588 589
f 585 589 590 586
f 590 591 592 586
f 590 589 593 594
f 590 594 595 591
f 595 596 597 591
f 595 594 100 598
f 595 598 599 596
f 599 600 601 596
f 599 598 602 603
f 599 603 604 600
f 604 605 606 600
f 604 603 607 608
f 604 608 609 605
f 609 608 610 611
f 609 611 612 613
f 609 613 97 605
f 613 612 614 615
f 613 615 98 97
f 615 614 616 617
f 615 617 618 98
f 618 617 619 620
f 618 620 621 622
f 618 622 95 98
f 622 621 623 624
f 622 624 96 95
f 624 623 625 626
f 624 626 606 96
f 626 625 627 601
f 626 601 600 606
f 627 625 628 629
f 627 629 630 597
f 627 597 596 601
f 630 629 631 632
f 630 632 633 592
f 630 592 591 597
f 633 632 634 635
f 633 635 636 587
f 633 587 586 592
f 636 635 637 638
f 636 638 639 582
f 636 582 581 587
f 639 638 640 641
f 639 641 642 577
f 639 577 576 582
f 642 641 643 644
f 642 644 645 572
f 642 572 571 577
f 645 644 646 647
f 645 647 648 567
f 645 567 566 572
f 648 647 649 650
f 648 650 211 210
f 648 210 562 567
f 650 649 651 652
f 650 652 653 211
f 653 652 654 655
f 653 655 656 657
f 653 657 212 211
f 656 655 658 659
f 659 658 660 661
f 661 660 662 663
f 663 662 664 665
f 665 664 666 667
f 667 666 668 669
f 669 668 670 671
f 671 670 672 673
f 673 672 674 675
f 675 674 676 677
f 677 676 678 679
f 679 678 680 681
f 681 680 682 683
f 683 682 684 685
f 685 684 686 687
f 687 686 688 689
f 689 688 690 691
f 691 690 242 692
f 692 242 239 693
f 694 238 695 696
f 696 695 252 251
f 695 238 237 697
f 695 697 253 252
f 697 237 241 698
f 697 698 255 253
f 698 241 699 700
f 698 700 701 255
f 701 259 256 255
f 701 700 702 703
f 701 703 704 259
f 704 264 260 259
f 704 703 705 706
f 704 706 707 264
f 707 267 265 264
f 707 706 708 709
f 707 709 269 267
f 709 708 710 711
f 709 711 271 269
f 711 710 712 713
f 711 713 273 271
f 713 712 714 715
f 713 715 275 273
f 715 714 716 717
f 715 717 277 275
f 717 716 718 719
f 717 719 279 277
f 719 718 720 721
f 719 721 281 279
f 721 720 722 723
f 721 723 283 281
f 723 722 724 725
f 723 725 285 283
f 725 724 726 727
f 725 727 287 285
f 727 726 728 729
f 727 729 289 287
f 729 728 730 731
f 729 731 291 289
f 731 730 732 733
f 731 733 293 291
f 733 732 734 735
f 733 735 295 293
f 735 734 236 235
f 735 235 234 295
f 734 732 736 737
f 734 737 216 236
f 737 736 738 739
f 737 739 217 216
f 739 738 740 741
f 739 741 742 217
f 742 741 743 654
f 742 654 652 651
f 742 651 34 217
f 743 741 740 744
f 743 744 660 658
f 743 658 655 654
f 744 740 745 746
f 744 746 662 660
f 746 745 747 748
f 746 748 664 662
f 748 747 749 750
f 748 750 666 664
f 750 749 751 752
f 750 752 668 666
f 752 751 753 754
f 752 754 670 668
f 754 753 755 756
f 754 756 672 670
f 756 755 757 758
f 756 758 674 672
f 758 757 759 760
f 758 760 676 674
f 760 759 761 762
f 760 762 678 676
f 762 761 763 764
f 762 764 680 678
f 764 763 765 766
f 764 766 682 680
f 766 765 767 768
f 766 768 684 682
f 768 767 769 770
f 768 770 686 684
f 770 769 771 772
f 770 772 688 686
f 772 771 699 773
f 772 773 690 688
f 773 699 241 240
f 773 240 242 690
f 771 702 700 699
f 771 769 774 702
f 774 705 703 702
f 774 769 767 775
f 774 775 776 705
f 776 708 706 705
f 776 775 777 778
f 776 778 710 708
f 778 777 779 780
f 778 780 712 710
f 780 779 781 782
f 780 782 714 712
f 782 781 783 784
f 782 784 716 714
f 784 783 785 786
f 784 786 718 716
f 786 785 787 788
f 786 788 720 718
f 788 787 789 790
f 788 790 722 720
f 790 789 791 792
f 790 792 724 722
f 792 791 793 794
f 792 794 726 724
f 794 793 795 796
f 794 796 728 726
f 796 795 797 798
f 796 798 730 728
f 798 797 738 736
f 798 736 732 730
f 797 795 747 745
f 797 745 740 738
f 795 793 749 747
f 793 791 751 749
f 791 789 753 751
f 789 787 755 753
f 787 785 757 755
f 785 783 759 757
f 783 781 761 759
f 781 779 763 761
f 779 777 765 763
f 777 775 767 765
f 651 649 218 34
f 649 647 646 218
f 646 799 219 218
f 646 644 643 799
f 799 800 801 219
f 799 643 802 800
f 802 803 804 800
f 802 643 641 640
f 802 640 805 803
f 805 806 807 803
f 805 640 638 637
f 805 637 808 806
f 808 809 810 806
f 808 637 635 634
f 808 634 811 809
f 811 812 813 809
f 811 634 632 631
f 811 631 814 812
f 814 815 816 812
f 814 631 629 628
f 814 628 817 815
f 817 818 819 815
f 817 628 625 623
f 817 623 621 818
f 819 820 821 822
f 819 822 816 815
f 819 818 823 820
f 823 824 825 820
f 823 818 621 620
f 823 620 619 824
f 825 826 827 828
f 825 828 821 820
f 825 824 829 826
f 829 830 831 826
f 829 824 619 832
f 829 832 833 830
f 833 834 835 830
f 833 832 616 836
f 833 836 837 834
f 837 838 839 834
f 837 836 840 841
f 837 841 842 838
f 842 843 844 838
f 842 841 845 846
f 842 846 847 843
f 847 848 849 843
f 847 846 79 76
f 847 76 75 848
f 849 850 851 852
f 849 852 844 843
f 849 848 853 850
f 853 854 855 850
f 853 848 75 77
f 853 77 856 854
f 856 857 858 854
f 856 77 74 859
f 856 859 860 857
f 860 861 103 857
f 860 859 862 863
f 860 863 607 861
f 863 862 864 610
f 863 610 608 607
f 864 862 73 78
f 864 78 80 865
f 864 865 611 610
f 865 80 845 866
f 865 866 612 611
f 866 845 841 840
f 866 840 614 612
f 862 859 74 73
f 861 602 99 103
f 861 607 603 602
f 858 102 104 867
f 858 867 855 854
f 858 857 103 102
f 867 104 868 869
f 867 869 870 855
f 870 869 871 872
f 870 872 873 851
f 870 851 850 855
f 873 872 874 875
f 873 875 876 877
f 873 877 852 851
f 877 876 878 879
f 877 879 844 852
f 879 878 880 839
f 879 839 838 844
f 880 878 881 882
f 880 882 883 835
f 880 835 834 839
f 883 882 884 885
f 883 885 886 831
f 883 831 830 835
f 886 885 146 143
f 886 143 142 827
f 886 827 826 831
f 885 884 887 146
f 887 888 563 889
f 887 889 147 146
f 887 884 890 888
f 890 891 568 888
f 890 884 882 881
f 890 881 892 891
f 892 893 573 891
f 892 881 878 876
f 892 876 875 893
f 893 578 574 573
f 893 875 874 578
f 891 573 569 568
f 889 563 560 559
f 889 559 148 147
f 888 568 564 563
f 874 583 579 578
f 874 872 871 583
f 871 588 584 583
f 871 869 868 588
f 868 593 589 588
f 868 104 101 593
f 846 845 80 79
f 840 836 616 614
f 832 619 617 616
f 828 827 142 894
f 828 894 895 821
f 895 894 896 897
f 895 897 898 899
f 895 899 822 821
f 899 898 900 901
f 899 901 816 822
f 901 900 902 813
f 901 813 812 816
f 902 900 903 904
f 902 904 905 810
f 902 810 809 813
f 905 904 906 907
f 905 907 908 807
f 905 807 806 810
f 908 907 909 910
f 908 910 911 804
f 908 804 803 807
f 911 910 912 913
f 911 913 914 801
f 911 801 800 804
f 914 913 915 916
f 914 916 214 213
f 914 213 219 801
f 916 915 917 918
f 916 918 233 214
f 918 917 919 920
f 918 920 227 233
f 920 919 921 922
f 920 922 228 227
f 922 921 923 924
f 922 924 925 228
f 925 924 926 927
f 925 927 928 929
f 925 929 229 228
f 929 928 302 300
f 929 300 230 229
f 928 927 930 931
f 928 931 304 302
f 931 930 932 933
f 931 933 306 304
f 933 932 934 226
f 933 226 225 306
f 934 935 936 937
f 934 937 35 226
f 934 932 938 935
f 938 939 940 935
f 938 932 930 941
f 938 941 942 939
f 942 943 944 939
f 942 941 926 945
f 942 945 946 943
f 946 947 948 943
f 946 945 923 949
f 946 949 950 947
f 950 951 952 947
f 950 949 953 954
f 950 954 955 951
f 955 956 957 951
f 955 954 958 959
f 955 959 960 956
f 960 961 962 956
f 960 959 963 964
f 960 964 965 961
f 965 110 16 961
f 965 964 966 967
f 965 967 968 110
f 968 66 111 110
f 968 967 969 62
f 968 62 8 66
f 969 967 966 970
f 969 970 971 972
f 969 972 63 62
f 972 971 973 974
f 972 974 975 63
f 975 976 64 63
f 975 974 977 978
f 975 978 979 976
f 979 145 980 976
f 979 978 897 896
f 979 896 141 145
f 980 981 982 65
f 980 65 64 976
f 980 145 144 981
f 982 983 108 111
f 982 111 66 65
f 982 981 984 983
f 984 547 545 983
f 984 981 144 985
f 984 985 549 547
f 985 144 23 149
f 985 149 551 549
f 983 545 109 108
f 978 977 898 897
f 977 974 973 903
f 977 903 900 898
f 973 971 986 906
f 973 906 904 903
f 986 971 970 987
f 986 987 988 909
f 986 909 907 906
f 988 987 989 990
f 988 990 991 912
f 988 912 910 909
f 991 990 992 993
f 991 993 917 915
f 991 915 913 912
f 993 992 958 994
f 993 994 919 917
f 994 958 954 953
f 994 953 921 919
f 992 963 959 958
f 992 990 989 963
f 989 966 964 963
f 989 987 970 966
f 962 107 995 996
f 962 996 957 956
f 962 961 16 107
f 996 995 537 997
f 996 997 998 957
f 998 997 532 999
f 998 999 1000 952
f 998 952 951 957
f 1000 999 528 1001
f 1000 1001 1002 948
f 1000 948 947 952
f 1002 1001 1003 1004
f 1002 1004 1005 944
f 1002 944 943 948
f 1005 1004 1006 1007
f 1005 1007 1008 940
f 1005 940 939 944
f 1008 1007 1009 1010
f 1008 1010 1011 936
f 1008 936 935 940
f 1011 1010 1012 1013
f 1011 1013 1014 1015
f 1011 1015 937 936
f 1015 1014 1016 223
f 1015 223 35 937
f 1016 1014 1017 1018
f 1016 1018 1019 1020
f 1016 1020 224 223
f 1020 1019 1021 205
f 1020 205 204 224
f 1021 1019 1022 1023
f 1021 1023 1024 1025
f 1021 1025 206 205
f 1025 1024 1026 1027
f 1025 1027 1028 206
f 1028 1027 1029 1030
f 1028 1030 1031 1032
f 1028 1032 201 206
f 1032 1031 1033 1034
f 1032 1034 202 201
f 1034 1033 450 1035
f 1034 1035 1036 202
f 1036 1037 203 202
f 1036 1035 1038 1039
f 1036 1039 1040 1037
f 1040 1041 1042 1037
f 1040 1039 1043 1044
f 1040 1044 1045 1041
f 1045 319 317 1041
f 1045 1044 437 436
f 1045 436 321 319
f 1044 1043 438 437
f 1043 1039 1038 443
f 1043 443 440 438
f 1042 315 313 1046
f 1042 1046 203 1037
f 1042 1041 317 315
f 1046 313 311 1047
f 1046 1047 204 203
f 1047 311 221 220
f 1047 220 224 204
f 1038 1035 450 448
f 1038 448 444 443
f 1033 1031 500 453
f 1033 453 451 450
f 1031 1030 501 500
f 1030 1029 503 501
f 1029 1027 1026 1048
f 1029 1048 505 503
f 1048 1026 1049 1050
f 1048 1050 1051 505
f 1051 1050 1052 1053
f 1051 1053 1054 508
f 1051 508 506 505
f 1054 1053 1055 1056
f 1054 1056 1057 1058
f 1054 1058 509 508
f 1058 1057 1059 1060
f 1058 1060 510 509
f 1060 1059 1061 1062
f 1060 1062 512 510
f 1062 1061 1063 1064
f 1062 1064 514 512
f 1064 1063 1065 1066
f 1064 1066 1067 514
f 1067 1066 1068 1069
f 1067 1069 1070 517
f 1067 517 515 514
f 1070 1069 1071 1072
f 1070 1072 1073 1074
f 1070 1074 518 517
f 1074 1073 1075 522
f 1074 522 519 518
f 1075 1073 1076 1077
f 1075 1077 1078 1079
f 1075 1079 523 522
f 1079 1078 1006 1080
f 1079 1080 524 523
f 1080 1006 1004 1003
f 1080 1003 526 524
f 1078 1077 1081 1009
f 1078 1009 1007 1006
f 1081 1077 1076 1082
f 1081 1082 1083 1012
f 1081 1012 1010 1009
f 1083 1082 1084 1085
f 1083 1085 1086 1087
f 1083 1087 1013 1012
f 1087 1086 1088 1017
f 1087 1017 1014 1013
f 1088 1086 1089 1090
f 1088 1090 1091 1092
f 1088 1092 1018 1017
f 1092 1091 1093 1022
f 1092 1022 1019 1018
f 1093 1091 1094 1095
f 1093 1095 1096 1097
f 1093 1097 1023 1022
f 1097 1096 1098 1099
f 1097 1099 1024 1023
f 1099 1098 1100 1049
f 1099 1049 1026 1024
f 1100 1098 1101 1102
f 1100 1102 1103 1052
f 1100 1052 1050 1049
f 1103 1102 1104 1105
f 1103 1105 1106 1055
f 1103 1055 1053 1052
f 1106 1105 1107 1108
f 1106 1108 1109 1110
f 1106 1110 1056 1055
f 1110 1109 1111 1112
f 1110 1112 1057 1056
f 1112 1111 1113 1114
f 1112 1114 1059 1057
f 1114 1113 1115 1116
f 1114 1116 1061 1059
f 1116 1115 1117 1118
f 1116 1118 1063 1061
f 1118 1117 1119 1120
f 1118 1120 1065 1063
f 1120 1119 1121 1122
f 1120 1122 1123 1065
f 1123 1122 1124 1125
f 1123 1125 1126 1068
f 1123 1068 1066 1065
f 1126 1125 1127 1128
f 1126 1128 1129 1071
f 1126 1071 1069 1068
f 1129 1128 1130 1131
f 1129 1131 1084 1132
f 1129 1132 1072 1071
f 1132 1084 1082 1076
f 1132 1076 1073 1072
f 1131 1130 1133 1134
f 1131 1134 1085 1084
f 1134 1133 1135 1089
f 1134 1089 1086 1085
f 1135 1133 1136 1137
f 1135 1137 1138 1139
f 1135 1139 1090 1089
f 1139 1138 1140 1094
f 1139 1094 1091 1090
f 1140 1138 1141 1142
f 1140 1142 1143 1144
f 1140 1144 1095 1094
f 1144 1143 1145 1146
f 1144 1146 1096 1095
f 1146 1145 1147 1101
f 1146 1101 1098 1096
f 1147 1145 1148 1149
f 1147 1149 1150 1104
f 1147 1104 1102 1101
f 1150 1149 1151 1152
f 1150 1152 1153 1107
f 1150 1107 1105 1104
f 1153 1152 1154 1155
f 1153 1155 1156 1157
f 1153 1157 1108 1107
f 1157 1156 1158 1159
f 1157 1159 1109 1108
f 1159 1158 1160 1161
f 1159 1161 1111 1109
f 1161 1160 1162 1163
f 1161 1163 1113 1111
f 1163 1162 1164 1165
f 1163 1165 1115 1113
f 1165 1164 1166 1167
f 1165 1167 1117 1115
f 1167 1166 1168 1169
f 1167 1169 1119 1117
f 1169 1168 1170 1171
f 1169 1171 1121 1119
f 1171 1170 1172 1173
f 1171 1173 1174 1121
f 1174 1173 1175 1176
f 1174 1176 1177 1124
f 1174 1124 1122 1121
f 1177 1176 1178 1179
f 1177 1179 1180 1127
f 1177 1127 1125 1124
f 1180 1179 1181 1136
f 1180 1136 1133 1130
f 1180 1130 1128 1127
f 1181 1179 1178 1182
f 1181 1182 1183 1184
f 1181 1184 1137 1136
f 1184 1183 1185 1141
f 1184 1141 1138 1137
f 1185 1183 1186 1187
f 1185 1187 1188 1189
f 1185 1189 1142 1141
f 1189 1188 1190 1191
f 1189 1191 1143 1142
f 1191 1190 1192 1148
f 1191 1148 1145 1143
f 1192 1190 1193 1194
f 1192 1194 1195 1151
f 1192 1151 1149 1148
f 1195 1194 1196 1197
f 1195 1197 1198 1154
f 1195 1154 1152 1151
f 1198 1197 1199 1200
f 1198 1200 1201 1202
f 1198 1202 1155 1154
f 1202 1201 1203 1204
f 1202 1204 1156 1155
f 1204 1203 1205 1206
f 1204 1206 1158 1156
f 1206 1205 157 1207
f 1206 1207 1160 1158
f 1207 157 156 1208
f 1207 1208 1162 1160
f 1208 156 160 1209
f 1208 1209 1164 1162
f 1209 160 1210 1211
f 1209 1211 1166 1164
f 1211 1210 1212 1213
f 1211 1213 1168 1166
f 1213 1212 1214 1215
f 1213 1215 1170 1168
f 1215 1214 1216 1217
f 1215 1217 1172 1170
f 1217 1216 1218 1219
f 1217 1219 1220 1172
f 1220 1219 1221 1222
f 1220 1222 1223 1175
f 1220 1175 1173 1172
f 1223 1222 1224 1225
f 1223 1225 1182 1178
f 1223 1178 1176 1175
f 1225 1224 1226 1186
f 1225 1186 1183 1182
f 1226 1224 1227 1228
f 1226 1228 1229 1230
f 1226 1230 1187 1186
f 1230 1229 1231 1232
f 1230 1232 1188 1187
f 1232 1231 1233 1193
f 1232 1193 1190 1188
f 1233 1231 192 191
f 1233 191 190 1196
f 1233 1196 1194 1193
f 1231 1229 1234 192
f 1234 1235 185 184
f 1234 184 193 192
f 1234 1229 1228 1235
f 1235 1236 188 185
f 1235 1228 1227 1236
f 1236 1237 1238 188
f 1236 1227 1221 1237
f 1238 1239 1240 1241
f 1238 1241 186 188
f 1238 1237 1218 1239
f 1241 1240 1242 1243
f 1241 1243 187 186
f 1243 1242 1244 1245
f 1243 1245 1246 187
f 1246 194 183 187
f 1246 1245 1247 1248
f 1246 1248 189 194
f 1248 1247 1200 1199
f 1248 1199 190 189
f 1247 1245 1244 1249
f 1247 1249 1201 1200
f 1249 1244 1250 1251
f 1249 1251 1203 1201
f 1251 1250 1252 1253
f 1251 1253 1205 1203
f 1253 1252 161 158
f 1253 158 157 1205
f 1252 1250 1254 165
f 1252 165 164 161
f 1254 1242 1240 1255
f 1254 1255 166 165
f 1254 1250 1244 1242
f 1255 1240 1239 1256
f 1255 1256 167 166
f 1256 1239 1218 1216
f 1256 1216 1214 167
f 1237 1221 1219 1218
f 1227 1224 1222 1221
f 1214 1212 162 167
f 1212 1210 163 162
f 1210 160 159 163
f 1199 1197 1196 190
f 1003 1001 528 526
f 999 532 529 528
f 997 537 533 532
f 995 540 538 537
f 995 107 106 540
f 953 949 923 921
f 945 926 924 923
f 941 930 927 926
f 896 894 142 141
f 606 605 97 96
f 602 598 100 99
f 594 593 101 100
f 559 555 554 148
f 554 551 149 148
f 536 89 88 531
f 436 434 323 321
f 369 124 132 362
f 355 354 150 154
f 354 353 151 150
f 263 244 243 258
f 236 216 215 232
f 233 232 215 214
f 194 193 184 183
f 181 180 178 175
f 164 163 159 161
f 130 81 71 59
f 21 91 67 81
f 126 115 114 1257
f 126 1257 92 94
f 1257 114 1258 1259
f 1257 1259 93 92
f 1259 1258 1260 1261
f 1259 1261 1262 93
f 1262 1261 1263 1264
f 1262 1264 1265 69
f 1262 69 68 93
f 1265 1264 1266 1267
f 1265 1267 42 1268
f 1265 1268 70 69
f 1268 42 41 1269
f 1268 1269 60 70
f 1269 41 40 1270
f 1267 1266 1271 1272
f 1267 1272 43 42
f 1272 1271 1273 1274
f 1272 1274 1275 43
f 1273 1271 1276 1277
f 1277 1276 45 44
f 1276 1271 1266 1278
f 1276 1278 1279 45
f 1279 46 2 45
f 1279 1278 1263 1280
f 1279 1280 494 46
f 1278 1266 1264 1263
f 1263 1261 1260 1280
f 1258 119 475 1260
f 1258 114 113 119
f 467 82 13 90
f 71 70 60 59
f 309 222 221 310
f 3 4 493 492
f 693 239 238 694
f 39 1 43 1275
f 61 60 1269 1270
f 552 551 554 553
f 542 106 105 543
f 499 468 462 465
f 44 3 492 1283
f 482 475 474
f 482 1280 1260 475
f 482 494 1280
f 482 484 491 494
f 1281 1319 40 39
f 1281 1321 1320 1319
f 1282 1322 44 1283
f 1282 1283 1284 1323
f 1285 47 49 1324
f 1286 1327 1326 1325
f 1286 1325 54 53
f 1286 53 55 1327
f 1287 1328 57 56
f 1330 1287 56 61
f 1287 1330 1329 1328
f 1288 1333 1332 1331
f 1288 1335 1334 1333
f 1289 1337 1336 1292
f 1339 1289 1292 1340
f 1289 1339 1338 1337
f 1290 1343 1342 1341
f 1290 1341 1345 1344
f 1290 1344 1346 1343
f 1291 1341 1342 1347
f 1291 1348 1345 1341
f 1291 1347 1349 1348
f 1292 1336 1350 1340
f 1293 1353 1352 1351
f 1293 1355 1354 1353
f 1293 1357 1356 1355
f 1293 90 89 1357
f 1294 1358 1336 1337
f 1294 1337 1360 1359
f 1294 1359 1361 1358
f 1362 1365 1364 1363
f 1295 1368 1367 1366
f 1295 1366 1370 1369
f 1295 1369 1371 1368
f 1296 1374 1373 1372
f 1296 1372 1376 1375
f 1296 1375 1378 1377
f 1297 1381 1380 1379
f 1383 1297 1379 1384
f 1297 1383 1382 1381
f 1298 1380 1386 1385
f 1298 1387 1379 1380
f 1298 1385 1389 1388
f 1299 1392 1391 1390
f 1299 1393 1382 1392
f 1299 1390 1361 1393
f 1300 1396 1395 1394
f 1350 1300 1394 1397
f 1300 1350 1301 1396
f 1301 1399 1398 1396
f 1301 1358 1361 1390
f 1301 1390 1391 1399
f 1302 1401 1400 1352
f 1302 1352 1353 1402
f 1302 1402 1404 1403
f 1302 1406 1405 1401
f 1302 1403 1407 1406
f 1303 1410 1409 1408
f 1303 1408 1412 1411
f 1303 1414 1413 1410
f 1303 1416 1415 1414
f 1304 1419 1418 1417
f 1304 1417 1421 1420
f 1304 1420 1422 1419
f 1305 1425 1424 1423
f 1305 1423 1427 1426
f 1305 1426 1428 1425
f 1306 1431 1430 1429
f 1306 1433 1432 1431
f 1306 1429 1434 1433
f 1307 1437 1436 1435
f 1307 1439 1438 1437
f 1307 1435 1422 1439
f 1308 1442 1441 1440
f 1308 1440 1444 1443
f 1308 1443 1445 1442
f 1446 1449 1448 1447
f 1309 1452 1451 1450
f 1309 1450 1454 1453
f 1309 1453 1455 1452
f 1310 1458 1457 1456
f 1310 1460 1459 1458
f 1310 1456 1461 1460
f 1311 1464 1463 1462
f 1466 1311 1462 1467
f 1311 1466 1465 1464
f 1312 1470 1469 1468
f 1472 1312 1468 1473
f 1312 1472 1471 1470
f 1313 1474 208 207
f 1476 1313 207 212
f 1313 1476 1475 1474
f 1314 1479 1478 1477
f 1314 1481 1480 1479
f 1314 1477 1483 1482
f 1315 1486 1485 1484
f 1315 1484 1488 1487
f 1315 1490 1489 1486
f 1316 1493 1492 1491
f 1316 1495 1494 1493
f 1316 1491 1497 1496
f 1316 1499 1498 1495
f 1316 1496 1500 1499
f 1317 1503 1502 1501
f 1317 1501 1505 1504
f 1317 1504 1506 1503
f 1318 245 244 1507
f 1318 1507 1509 1508
f 1318 1508 248 245
f 248 1508 1510 249
f 1510 1511 251 249
f 1510 1513 1512 1511
f 1510 1508 1509 1513
f 1513 1515 1514 1512
f 1513 1509 1516 1515
f 1516 1509 1507 1517
f 1516 1519 1518 1515
f 1516 1517 1520 1519
f 1520 1517 263 262
f 1520 1522 1521 1519
f 1520 262 266 1522
f 266 268 1523 1522
f 268 270 1524 1523
f 270 272 1525 1524
f 272 274 1526 1525
f 274 276 1527 1526
f 276 278 1528 1527
f 278 280 1529 1528
f 280 282 1530 1529
f 282 284 1531 1530
f 284 286 1532 1531
f 286 288 1533 1532
f 288 290 1534 1533
f 290 292 1535 1534
f 292 294 1536 1535
f 294 296 1537 1536
f 296 297 1498 1537
f 297 298 1495 1498
f 298 299 1494 1495
f 299 301 1538 1494
f 301 303 1539 1538
f 303 305 1540 1539
f 305 307 1541 1540
f 307 308 1489 1541
f 308 309 1486 1489
f 310 312 1542 1485
f 312 314 1543 1542
f 314 316 1544 1543
f 316 318 1545 1544
f 318 320 1546 1545
f 320 322 1547 1546
f 322 324 1548 1547
f 324 326 1549 1548
f 326 328 1550 1549
f 328 330 1551 1550
f 330 332 1552 1551
f 332 334 1553 1552
f 334 336 1554 1553
f 336 338 1555 1554
f 338 340 1556 1555
f 340 342 1557 1556
f 342 57 1328 1557
f 1557 1559 1558 1556
f 1557 1328 1560 1559
f 1560 1562 1561 1559
f 1560 1397 1394 1562
f 1560 1328 1329 1397
f 1562 1564 1563 1561
f 1562 1394 1395 1564
f 1564 1566 1565 1563
f 1564 1395 1567 1566
f 1567 1569 1568 1566
f 1567 1571 1570 1569
f 1567 1395 1396 1571
f 1571 1573 1572 1570
f 1571 1396 1398 1573
f 1573 1575 1574 1572
f 1573 1398 1576 1575
f 1576 1398 1399 1577
f 1576 1579 1578 1575
f 1576 1577 1580 1579
f 1580 1583 1582 1581
f 1580 1577 1584 1583
f 1580 1581 1585 1579
f 1585 1581 1463 1464
f 1585 1586 1578 1579
f 1585 1464 1587 1586
f 1587 1589 1588 1586
f 1587 1591 1590 1589
f 1587 1464 1465 1591
f 1591 1593 1592 1590
f 1591 1465 1594 1593
f 1594 1465 1466 1595
f 1594 1597 1596 1593
f 1594 1595 1598 1597
f 1598 1595 1600 1599
f 1598 1602 1601 1597
f 1598 1599 1603 1602
f 1603 1599 1552 1553
f 1603 1605 1604 1602
f 1603 1553 1554 1605
f 1605 1607 1606 1604
f 1605 1554 1555 1607
f 1607 1558 1608 1606
f 1607 1555 1556 1558
f 1608 1610 1609 1606
f 1608 1561 1563 1610
f 1608 1558 1559 1561
f 1610 1612 1611 1609
f 1610 1563 1565 1612
f 1612 1614 1613 1611
f 1612 1565 1615 1614
f 1615 1617 1616 1614
f 1615 1568 1418 1617
f 1615 1565 1566 1568
f 1617 1619 1618 1616
f 1617 1418 1419 1619
f 1619 1435 1436 1618
f 1619 1419 1422 1435
f 1618 1621 1620 1616
f 1618 1436 1622 1621
f 1622 1624 1623 1621
f 1622 1625 1441 1624
f 1622 1436 1437 1625
f 1625 1626 1440 1441
f 1625 1437 1438 1626
f 1626 1438 1628 1627
f 1626 1627 1444 1440
f 1628 1631 1630 1629
f 1628 1438 1439 1631
f 1628 1629 1632 1627
f 1632 1629 1574 1633
f 1632 1634 1444 1627
f 1632 1633 1588 1634
f 1634 1635 1443 1444
f 1634 1588 1589 1635
f 1635 1636 1445 1443
f 1635 1589 1590 1636
f 1636 1637 1447 1445
f 1636 1590 1592 1637
f 1637 1638 1446 1447
f 1637 1592 1639 1638
f 1639 1592 1593 1596
f 1639 1641 1640 1638
f 1639 1596 1642 1641
f 1642 1596 1597 1601
f 1642 1644 1643 1641
f 1642 1601 1645 1644
f 1645 1601 1602 1604
f 1645 1609 1611 1644
f 1645 1604 1606 1609
f 1644 1611 1613 1643
f 1643 1646 1640 1641
f 1643 1613 1620 1646
f 1646 1623 1449 1640
f 1646 1620 1621 1623
f 1640 1449 1446 1638
f 1633 1574 1575 1578
f 1633 1578 1586 1588
f 1631 1420 1421 1630
f 1631 1439 1422 1420
f 1630 1421 1570 1572
f 1630 1572 1574 1629
f 1624 1448 1449 1623
f 1624 1441 1442 1448
f 1620 1613 1614 1616
f 1600 1647 1550 1551
f 1600 1595 1466 1647
f 1600 1551 1552 1599
f 1647 1648 1549 1550
f 1647 1466 1467 1648
f 1648 1649 1548 1549
f 1648 1467 1650 1649
f 1650 1652 1651 1649
f 1650 1654 1653 1652
f 1650 1467 1462 1654
f 1654 1656 1655 1653
f 1654 1462 1463 1656
f 1656 1582 1657 1655
f 1656 1463 1581 1582
f 1657 1659 1658 1655
f 1657 1661 1660 1659
f 1657 1582 1583 1661
f 1661 1662 1383 1660
f 1661 1583 1584 1662
f 1662 1392 1382 1383
f 1662 1584 1391 1392
f 1660 1664 1663 1659
f 1660 1383 1384 1664
f 1664 1666 1665 1663
f 1664 1384 1667 1666
f 1667 1669 1668 1666
f 1667 1387 1670 1669
f 1667 1384 1379 1387
f 1670 1405 1671 1669
f 1670 1672 1401 1405
f 1670 1387 1298 1672
f 1672 1673 1400 1401
f 1672 1298 1388 1673
f 1673 1675 1674 1400
f 1673 1388 1676 1675
f 1676 1388 1389 1677
f 1676 464 463 1675
f 1676 1677 465 464
f 463 466 1674 1675
f 466 467 1351 1674
f 1677 1389 1679 1678
f 1679 1681 1680 1678
f 1679 1683 1682 1681
f 1679 1389 1385 1683
f 1683 1685 1684 1682
f 1683 1385 1386 1685
f 1682 1686 1326 1681
f 1682 1684 1687 1686
f 1687 1689 1688 1686
f 1687 1691 1690 1689
f 1687 1684 1692 1691
f 1691 1693 1324 1690
f 1691 1692 1694 1693
f 1693 1695 1285 1324
f 1693 1694 1696 1695
f 1696 488 487 1695
f 1696 1697 489 488
f 1696 1694 1698 1697
f 1697 1699 492 489
f 1697 1698 1700 1699
f 1699 1700 1323 1284
f 487 47 1285 1695
f 1690 496 495 1689
f 1690 1324 49 496
f 495 497 1688 1689
f 497 54 1325 1688
f 1688 1325 1326 1686
f 1681 1326 1327 1680
f 1680 1327 55 498
f 1680 498 499 1678
f 1674 1351 1352 1400
f 1671 1703 1702 1701
f 1671 1405 1406 1703
f 1671 1701 1668 1669
f 1703 1705 1704 1702
f 1703 1406 1407 1705
f 1705 1707 1706 1704
f 1705 1407 1708 1707
f 1708 1710 1709 1707
f 1708 1712 1711 1710
f 1708 1407 1403 1712
f 1712 1714 1713 1711
f 1712 1403 1404 1714
f 1714 1716 1715 1713
f 1714 1404 1717 1716
f 1717 1719 1718 1716
f 1717 1721 1720 1719
f 1717 1404 1402 1721
f 1721 1354 1722 1720
f 1721 1402 1353 1354
f 1722 1724 1723 1720
f 1722 1726 1725 1724
f 1722 1354 1355 1726
f 1726 1728 1727 1725
f 1726 1355 1356 1728
f 1728 1730 1729 1727
f 1728 1356 1731 1730
f 1731 1356 1357 1732
f 1731 1734 1733 1730
f 1731 1732 1735 1734
f 1735 1732 536 535
f 1735 1737 1736 1734
f 1735 535 539 1737
f 539 541 1738 1737
f 541 542 1373 1738
f 543 544 1376 1372
f 544 546 1739 1376
f 546 548 1740 1739
f 548 550 1741 1740
f 550 552 1742 1741
f 553 556 1744 1743
f 556 558 1745 1744
f 558 208 1474 1745
f 1745 1747 1746 1744
f 1745 1474 1748 1747
f 1748 1474 1475 1749
f 1748 1751 1750 1747
f 1748 1749 1752 1751
f 1752 1749 1754 1753
f 1752 1756 1755 1751
f 1752 1753 1757 1756
f 1757 1753 1759 1758
f 1757 1761 1760 1756
f 1757 1758 1762 1761
f 1762 1758 1764 1763
f 1762 1766 1765 1761
f 1762 1763 1767 1766
f 1767 1763 1769 1768
f 1767 1771 1770 1766
f 1767 1768 1772 1771
f 1772 1768 1774 1773
f 1772 1776 1775 1771
f 1772 1773 1777 1776
f 1777 1773 1779 1778
f 1777 1781 1780 1776
f 1777 1778 1782 1781
f 1782 1778 1784 1783
f 1782 1785 1367 1781
f 1782 1783 1786 1785
f 1786 1783 1788 1787
f 1786 1790 1789 1785
f 1786 1787 1791 1790
f 1791 1787 1793 1792
f 1791 1795 1794 1790
f 1791 1792 1796 1795
f 1796 1798 1797 1795
f 1796 1800 1799 1798
f 1796 1792 1364 1800
f 1800 1802 1801 1799
f 1800 1364 1365 1802
f 1802 1804 1803 1801
f 1802 1365 1805 1804
f 1805 1807 1806 1804
f 1805 1809 1808 1807
f 1805 1365 1362 1809
f 1809 1811 1810 1808
f 1809 1362 1363 1811
f 1811 1813 1812 1810
f 1811 1363 1793 1813
f 1813 1788 1814 1812
f 1813 1793 1787 1788
f 1814 1816 1815 1812
f 1814 1784 1817 1816
f 1814 1788 1783 1784
f 1817 1819 1818 1816
f 1817 1779 1820 1819
f 1817 1784 1778 1779
f 1820 1822 1821 1819
f 1820 1774 1823 1822
f 1820 1779 1773 1774
f 1823 1825 1824 1822
f 1823 1769 1826 1825
f 1823 1774 1768 1769
f 1826 1828 1827 1825
f 1826 1764 1829 1828
f 1826 1769 1763 1764
f 1829 1831 1830 1828
f 1829 1759 1832 1831
f 1829 1764 1758 1759
f 1832 1834 1833 1831
f 1832 1754 1835 1834
f 1832 1759 1753 1754
f 1835 1837 1836 1834
f 1835 1475 1476 1837
f 1835 1754 1749 1475
f 1837 1839 1838 1836
f 1837 1476 1840 1839
f 1840 1842 1841 1839
f 1840 657 656 1842
f 1840 1476 212 657
f 656 659 1843 1842
f 659 661 1844 1843
f 661 663 1845 1844
f 663 665 1846 1845
f 665 667 1847 1846
f 667 669 1848 1847
f 669 671 1849 1848
f 671 673 1850 1849
f 673 675 1851 1850
f 675 677 1852 1851
f 677 679 1853 1852
f 679 681 1854 1853
f 681 683 1855 1854
f 683 685 1856 1855
f 685 687 1857 1856
f 687 689 1858 1857
f 689 691 1859 1858
f 691 692 1506 1859
f 692 693 1503 1506
f 694 696 1860 1502
f 696 251 1511 1860
f 1860 1861 1501 1502
f 1860 1511 1512 1861
f 1861 1862 1505 1501
f 1861 1512 1514 1862
f 1862 1864 1863 1505
f 1862 1514 1865 1864
f 1865 1514 1515 1518
f 1865 1867 1866 1864
f 1865 1518 1868 1867
f 1868 1518 1519 1521
f 1868 1870 1869 1867
f 1868 1521 1871 1870
f 1871 1521 1522 1523
f 1871 1873 1872 1870
f 1871 1523 1524 1873
f 1873 1875 1874 1872
f 1873 1524 1525 1875
f 1875 1877 1876 1874
f 1875 1525 1526 1877
f 1877 1879 1878 1876
f 1877 1526 1527 1879
f 1879 1881 1880 1878
f 1879 1527 1528 1881
f 1881 1883 1882 1880
f 1881 1528 1529 1883
f 1883 1885 1884 1882
f 1883 1529 1530 1885
f 1885 1887 1886 1884
f 1885 1530 1531 1887
f 1887 1889 1888 1886
f 1887 1531 1532 1889
f 1889 1891 1890 1888
f 1889 1532 1533 1891
f 1891 1893 1892 1890
f 1891 1533 1534 1893
f 1893 1895 1894 1892
f 1893 1534 1535 1895
f 1895 1897 1896 1894
f 1895 1535 1536 1897
f 1897 1899 1898 1896
f 1897 1536 1537 1899
f 1899 1499 1500 1898
f 1899 1537 1498 1499
f 1898 1901 1900 1896
f 1898 1500 1480 1901
f 1901 1903 1902 1900
f 1901 1480 1481 1903
f 1903 1905 1904 1902
f 1903 1481 1906 1905
f 1906 1841 1907 1905
f 1906 1838 1839 1841
f 1906 1481 1314 1838
f 1907 1908 1904 1905
f 1907 1843 1844 1908
f 1907 1841 1842 1843
f 1908 1910 1909 1904
f 1908 1844 1845 1910
f 1910 1912 1911 1909
f 1910 1845 1846 1912
f 1912 1914 1913 1911
f 1912 1846 1847 1914
f 1914 1916 1915 1913
f 1914 1847 1848 1916
f 1916 1918 1917 1915
f 1916 1848 1849 1918
f 1918 1920 1919 1917
f 1918 1849 1850 1920
f 1920 1922 1921 1919
f 1920 1850 1851 1922
f 1922 1924 1923 1921
f 1922 1851 1852 1924
f 1924 1926 1925 1923
f 1924 1852 1853 1926
f 1926 1928 1927 1925
f 1926 1853 1854 1928
f 1928 1930 1929 1927
f 1928 1854 1855 1930
f 1930 1932 1931 1929
f 1930 1855 1856 1932
f 1932 1934 1933 1931
f 1932 1856 1857 1934
f 1934 1936 1935 1933
f 1934 1857 1858 1936
f 1936 1937 1863 1935
f 1936 1858 1859 1937
f 1937 1504 1505 1863
f 1937 1859 1506 1504
f 1935 1863 1864 1866
f 1935 1866 1938 1933
f 1938 1866 1867 1869
f 1938 1939 1931 1933
f 1938 1869 1940 1939
f 1940 1869 1870 1872
f 1940 1942 1941 1939
f 1940 1872 1874 1942
f 1942 1944 1943 1941
f 1942 1874 1876 1944
f 1944 1946 1945 1943
f 1944 1876 1878 1946
f 1946 1948 1947 1945
f 1946 1878 1880 1948
f 1948 1950 1949 1947
f 1948 1880 1882 1950
f 1950 1952 1951 1949
f 1950 1882 1884 1952
f 1952 1954 1953 1951
f 1952 1884 1886 1954
f 1954 1956 1955 1953
f 1954 1886 1888 1956
f 1956 1958 1957 1955
f 1956 1888 1890 1958
f 1958 1960 1959 1957
f 1958 1890 1892 1960
f 1960 1962 1961 1959
f 1960 1892 1894 1962
f 1962 1900 1902 1961
f 1962 1894 1896 1900
f 1961 1909 1911 1959
f 1961 1902 1904 1909
f 1959 1911 1913 1957
f 1957 1913 1915 1955
f 1955 1915 1917 1953
f 1953 1917 1919 1951
f 1951 1919 1921 1949
f 1949 1921 1923 1947
f 1947 1923 1925 1945
f 1945 1925 1927 1943
f 1943 1927 1929 1941
f 1941 1929 1931 1939
f 1838 1314 1482 1836
f 1836 1482 1833 1834
f 1833 1482 1483 1963
f 1833 1963 1830 1831
f 1963 1483 1965 1964
f 1963 1964 1966 1830
f 1966 1964 1968 1967
f 1966 1827 1828 1830
f 1966 1967 1969 1827
f 1969 1967 1971 1970
f 1969 1824 1825 1827
f 1969 1970 1972 1824
f 1972 1970 1974 1973
f 1972 1821 1822 1824
f 1972 1973 1975 1821
f 1975 1973 1977 1976
f 1975 1818 1819 1821
f 1975 1976 1978 1818
f 1978 1976 1980 1979
f 1978 1815 1816 1818
f 1978 1979 1981 1815
f 1981 1979 1983 1982
f 1981 1810 1812 1815
f 1981 1982 1808 1810
f 1983 1986 1985 1984
f 1983 1979 1980 1986
f 1983 1984 1987 1982
f 1987 1984 1989 1988
f 1987 1807 1808 1982
f 1987 1988 1806 1807
f 1989 1992 1991 1990
f 1989 1984 1985 1992
f 1989 1990 1993 1988
f 1993 1990 1995 1994
f 1993 1996 1806 1988
f 1993 1994 1997 1996
f 1997 1994 1999 1998
f 1997 2000 1803 1996
f 1997 1998 2001 2000
f 2001 1998 2003 2002
f 2001 2005 2004 2000
f 2001 2002 2006 2005
f 2006 2002 2008 2007
f 2006 2010 2009 2005
f 2006 2007 2011 2010
f 2011 2007 2013 2012
f 2011 1345 1348 2010
f 2011 2012 1344 1345
f 2013 2016 2015 2014
f 2013 2007 2008 2016
f 2013 2014 2017 2012
f 2017 2014 2019 2018
f 2017 1346 1344 2012
f 2017 2018 2020 1346
f 2020 2018 2022 2021
f 2020 2023 1343 1346
f 2020 2021 2024 2023
f 2024 2021 1370 2025
f 2024 2027 2026 2023
f 2024 2025 1794 2027
f 2027 1797 2028 2026
f 2027 1794 1795 1797
f 2028 1347 1342 2026
f 2028 2029 1349 1347
f 2028 1797 1798 2029
f 2029 2030 2009 1349
f 2029 1798 1799 2030
f 2030 2004 2005 2009
f 2030 1799 1801 2004
f 2026 1342 1343 2023
f 2025 1370 1366 1789
f 2025 1789 1790 1794
f 2022 2031 1371 1369
f 2022 2018 2019 2031
f 2022 1369 1370 2021
f 2031 2033 2032 1371
f 2031 2019 2034 2033
f 2034 2036 2035 2033
f 2034 2015 2037 2036
f 2034 2019 2014 2015
f 2037 2039 2038 2036
f 2037 2041 2040 2039
f 2037 2015 2016 2041
f 2041 2043 2042 2040
f 2041 2016 2008 2043
f 2043 2003 2044 2042
f 2043 2008 2002 2003
f 2044 2046 2045 2042
f 2044 1999 2047 2046
f 2044 2003 1998 1999
f 2047 2049 2048 2046
f 2047 1995 2050 2049
f 2047 1999 1994 1995
f 2050 1410 1413 2049
f 2050 1991 1409 1410
f 2050 1995 1990 1991
f 2049 1413 2051 2048
f 2051 2053 1750 2052
f 2051 1413 1414 2053
f 2051 2052 2054 2048
f 2054 2052 1755 2055
f 2054 2045 2046 2048
f 2054 2055 2056 2045
f 2056 2055 1760 2057
f 2056 2040 2042 2045
f 2056 2057 2039 2040
f 2057 1760 1761 1765
f 2057 1765 2038 2039
f 2055 1755 1756 1760
f 2053 1746 1747 1750
f 2053 1414 1415 1746
f 2052 1750 1751 1755
f 2038 1765 1766 1770
f 2038 1770 2035 2036
f 2035 1770 1771 1775
f 2035 1775 2032 2033
f 2032 1775 1776 1780
f 2032 1780 1368 1371
f 2010 1348 1349 2009
f 2004 1801 1803 2000
f 1996 1803 1804 1806
f 1992 2058 1409 1991
f 1992 1985 2059 2058
f 2059 2061 2060 2058
f 2059 2063 2062 2061
f 2059 1985 1986 2063
f 2063 2065 2064 2062
f 2063 1986 1980 2065
f 2065 1977 2066 2064
f 2065 1980 1976 1977
f 2066 2068 2067 2064
f 2066 1974 2069 2068
f 2066 1977 1973 1974
f 2069 2071 2070 2068
f 2069 1971 2072 2071
f 2069 1974 1970 1971
f 2072 2074 2073 2071
f 2072 1968 2075 2074
f 2072 1971 1967 1968
f 2075 2077 2076 2074
f 2075 1965 2078 2077
f 2075 1968 1964 1965
f 2078 2080 2079 2077
f 2078 1477 1478 2080
f 2078 1965 1483 1477
f 2080 2082 2081 2079
f 2080 1478 1497 2082
f 2082 2084 2083 2081
f 2082 1497 1491 2084
f 2084 2086 2085 2083
f 2084 1491 1492 2086
f 2086 2088 2087 2085
f 2086 1492 2089 2088
f 2089 2091 2090 2088
f 2089 2093 2092 2091
f 2089 1492 1493 2093
f 2093 1538 1539 2092
f 2093 1493 1494 1538
f 2092 2095 2094 2091
f 2092 1539 1540 2095
f 2095 2097 2096 2094
f 2095 1540 1541 2097
f 2097 1490 2098 2096
f 2097 1541 1489 1490
f 2098 2101 2100 2099
f 2098 1490 1315 2101
f 2098 2099 2102 2096
f 2102 2099 2104 2103
f 2102 2105 2094 2096
f 2102 2103 2106 2105
f 2106 2103 2108 2107
f 2106 2109 2090 2105
f 2106 2107 2110 2109
f 2110 2107 2112 2111
f 2110 2113 2087 2109
f 2110 2111 2114 2113
f 2114 2111 2116 2115
f 2114 2118 2117 2113
f 2114 2115 2119 2118
f 2119 2115 2121 2120
f 2119 2123 2122 2118
f 2119 2120 2124 2123
f 2124 2120 2126 2125
f 2124 2128 2127 2123
f 2124 2125 2129 2128
f 2129 2125 1296 1377
f 2129 2131 2130 2128
f 2129 1377 2132 2131
f 2132 1377 1378 1335
f 2132 1331 2133 2131
f 2132 1335 1288 1331
f 2133 2134 2130 2131
f 2133 2136 2135 2134
f 2133 1331 1332 2136
f 2136 2138 2137 2135
f 2136 1332 2139 2138
f 2139 1332 1333 2140
f 2139 2142 2141 2138
f 2139 2140 2143 2142
f 2143 2140 2144 1412
f 2143 2060 2061 2142
f 2143 1412 1408 2060
f 2144 1334 2146 2145
f 2144 2140 1333 1334
f 2144 2145 1411 1412
f 2146 1378 1375 2147
f 2146 1334 1335 1378
f 2146 2147 2148 2145
f 2148 2147 1739 1740
f 2148 2149 1411 2145
f 2148 1740 1741 2149
f 2149 1416 1303 1411
f 2149 1741 1742 1416
f 2147 1375 1376 1739
f 2142 2061 2062 2141
f 2141 2067 2137 2138
f 2141 2062 2064 2067
f 2137 2070 2150 2135
f 2137 2067 2068 2070
f 2150 2151 2134 2135
f 2150 2073 2152 2151
f 2150 2070 2071 2073
f 2152 2154 2153 2151
f 2152 2076 2155 2154
f 2152 2073 2074 2076
f 2155 2157 2156 2154
f 2155 2079 2081 2157
f 2155 2076 2077 2079
f 2157 2158 2122 2156
f 2157 2081 2083 2158
f 2158 2117 2118 2122
f 2158 2083 2085 2117
f 2156 2122 2123 2127
f 2156 2127 2153 2154
f 2153 2127 2128 2130
f 2153 2130 2134 2151
f 2126 2160 2159 1374
f 2126 2120 2121 2160
f 2126 1374 1296 2125
f 2160 2161 1736 2159
f 2160 2121 2162 2161
f 2162 2163 1733 2161
f 2162 2116 2164 2163
f 2162 2121 2115 2116
f 2164 2165 1729 2163
f 2164 2112 2166 2165
f 2164 2116 2111 2112
f 2166 2168 2167 2165
f 2166 2108 2169 2168
f 2166 2112 2107 2108
f 2169 2171 2170 2168
f 2169 2104 2172 2171
f 2169 2108 2103 2104
f 2172 2174 2173 2171
f 2172 2100 2175 2174
f 2172 2104 2099 2100
f 2175 2177 2176 2174
f 2175 2179 2178 2177
f 2175 2100 2101 2179
f 2179 1487 2180 2178
f 2179 2101 1315 1487
f 2180 2182 2181 2178
f 2180 2184 2183 2182
f 2180 1487 1488 2184
f 2184 1472 2185 2183
f 2184 1488 1471 1472
f 2185 2187 2186 2183
f 2185 2189 2188 2187
f 2185 1472 1473 2189
f 2189 2191 2190 2188
f 2189 1473 2192 2191
f 2192 2194 2193 2191
f 2192 2196 2195 2194
f 2192 1473 1468 2196
f 2196 2198 2197 2195
f 2196 1468 1469 2198
f 2198 2199 1665 2197
f 2198 1469 2200 2199
f 2200 1469 1470 2201
f 2200 2203 2202 2199
f 2200 2201 2204 2203
f 2204 2201 2206 2205
f 2204 2208 2207 2203
f 2204 2205 2209 2208
f 2209 2205 1545 1546
f 2209 1651 1652 2208
f 2209 1546 1547 1651
f 2208 1652 1653 2207
f 2207 1658 2202 2203
f 2207 1653 1655 1658
f 2206 2210 1543 1544
f 2206 2201 1470 2210
f 2206 1544 1545 2205
f 2210 2211 1542 1543
f 2210 1470 1471 2211
f 2211 1484 1485 1542
f 2211 1471 1488 1484
f 2202 1663 1665 2199
f 2202 1658 1659 1663
f 2197 1668 1701 2195
f 2197 1665 1666 1668
f 2195 1701 1702 2194
f 2194 1702 1704 2193
f 2193 2212 2190 2191
f 2193 1704 1706 2212
f 2212 2214 2213 2190
f 2212 1706 2215 2214
f 2215 2217 2216 2214
f 2215 1709 2218 2217
f 2215 1706 1707 1709
f 2218 2220 2219 2217
f 2218 2222 2221 2220
f 2218 1709 1710 2222
f 2222 2224 2223 2221
f 2222 1710 1711 2224
f 2224 2226 2225 2223
f 2224 1711 1713 2226
f 2226 2228 2227 2225
f 2226 1713 1715 2228
f 2228 2230 2229 2227
f 2228 1715 2231 2230
f 2231 2233 2232 2230
f 2231 1718 2234 2233
f 2231 1715 1716 1718
f 2234 2236 2235 2233
f 2234 2238 2237 2236
f 2234 1718 1719 2238
f 2238 1723 2239 2237
f 2238 1719 1720 1723
f 2239 2241 2240 2237
f 2239 2243 2242 2241
f 2239 1723 1724 2243
f 2243 2244 2170 2242
f 2243 1724 1725 2244
f 2244 2167 2168 2170
f 2244 1725 1727 2167
f 2242 2173 2245 2241
f 2242 2170 2171 2173
f 2245 2246 2240 2241
f 2245 2176 2247 2246
f 2245 2173 2174 2176
f 2247 2249 2248 2246
f 2247 2251 2250 2249
f 2247 2176 2177 2251
f 2251 2181 2252 2250
f 2251 2177 2178 2181
f 2252 2254 2253 2250
f 2252 2256 2255 2254
f 2252 2181 2182 2256
f 2256 2186 2257 2255
f 2256 2182 2183 2186
f 2257 2259 2258 2255
f 2257 2261 2260 2259
f 2257 2186 2187 2261
f 2261 2263 2262 2260
f 2261 2187 2188 2263
f 2263 2213 2264 2262
f 2263 2188 2190 2213
f 2264 2266 2265 2262
f 2264 2216 2267 2266
f 2264 2213 2214 2216
f 2267 2269 2268 2266
f 2267 2219 2270 2269
f 2267 2216 2217 2219
f 2270 2272 2271 2269
f 2270 2274 2273 2272
f 2270 2219 2220 2274
f 2274 2276 2275 2273
f 2274 2220 2221 2276
f 2276 2278 2277 2275
f 2276 2221 2223 2278
f 2278 2280 2279 2277
f 2278 2223 2225 2280
f 2280 2282 2281 2279
f 2280 2225 2227 2282
f 2282 2284 2283 2281
f 2282 2227 2229 2284
f 2284 2286 2285 2283
f 2284 2229 2287 2286
f 2287 2289 2288 2286
f 2287 2232 2290 2289
f 2287 2229 2230 2232
f 2290 2292 2291 2289
f 2290 2235 2293 2292
f 2290 2232 2233 2235
f 2293 2295 2294 2292
f 2293 2296 2248 2295
f 2293 2235 2236 2296
f 2296 2240 2246 2248
f 2296 2236 2237 2240
f 2295 2298 2297 2294
f 2295 2248 2249 2298
f 2298 2253 2299 2297
f 2298 2249 2250 2253
f 2299 2301 2300 2297
f 2299 2303 2302 2301
f 2299 2253 2254 2303
f 2303 2258 2304 2302
f 2303 2254 2255 2258
f 2304 2306 2305 2302
f 2304 2308 2307 2306
f 2304 2258 2259 2308
f 2308 2310 2309 2307
f 2308 2259 2260 2310
f 2310 2265 2311 2309
f 2310 2260 2262 2265
f 2311 2313 2312 2309
f 2311 2268 2314 2313
f 2311 2265 2266 2268
f 2314 2316 2315 2313
f 2314 2271 2317 2316
f 2314 2268 2269 2271
f 2317 2319 2318 2316
f 2317 2321 2320 2319
f 2317 2271 2272 2321
f 2321 2323 2322 2320
f 2321 2272 2273 2323
f 2323 2325 2324 2322
f 2323 2273 2275 2325
f 2325 2327 2326 2324
f 2325 2275 2277 2327
f 2327 2329 2328 2326
f 2327 2277 2279 2329
f 2329 2331 2330 2328
f 2329 2279 2281 2331
f 2331 2333 2332 2330
f 2331 2281 2283 2333
f 2333 2335 2334 2332
f 2333 2283 2285 2335
f 2335 2337 2336 2334
f 2335 2285 2338 2337
f 2338 2340 2339 2337
f 2338 2288 2341 2340
f 2338 2285 2286 2288
f 2341 2343 2342 2340
f 2341 2291 2344 2343
f 2341 2288 2289 2291
f 2344 2300 2345 2343
f 2344 2294 2297 2300
f 2344 2291 2292 2294
f 2345 2346 2342 2343
f 2345 2348 2347 2346
f 2345 2300 2301 2348
f 2348 2305 2349 2347
f 2348 2301 2302 2305
f 2349 2351 2350 2347
f 2349 2353 2352 2351
f 2349 2305 2306 2353
f 2353 2355 2354 2352
f 2353 2306 2307 2355
f 2355 2312 2356 2354
f 2355 2307 2309 2312
f 2356 2358 2357 2354
f 2356 2315 2359 2358
f 2356 2312 2313 2315
f 2359 2361 2360 2358
f 2359 2318 2362 2361
f 2359 2315 2316 2318
f 2362 2364 2363 2361
f 2362 2366 2365 2364
f 2362 2318 2319 2366
f 2366 2368 2367 2365
f 2366 2319 2320 2368
f 2368 2370 2369 2367
f 2368 2320 2322 2370
f 2370 2371 1424 2369
f 2370 2322 2324 2371
f 2371 2372 1423 1424
f 2371 2324 2326 2372
f 2372 2373 1427 1423
f 2372 2326 2328 2373
f 2373 2375 2374 1427
f 2373 2328 2330 2375
f 2375 2377 2376 2374
f 2375 2330 2332 2377
f 2377 2379 2378 2376
f 2377 2332 2334 2379
f 2379 2381 2380 2378
f 2379 2334 2336 2381
f 2381 2383 2382 2380
f 2381 2336 2384 2383
f 2384 2386 2385 2383
f 2384 2339 2387 2386
f 2384 2336 2337 2339
f 2387 2389 2388 2386
f 2387 2342 2346 2389
f 2387 2339 2340 2342
f 2389 2350 2390 2388
f 2389 2346 2347 2350
f 2390 2392 2391 2388
f 2390 2394 2393 2392
f 2390 2350 2351 2394
f 2394 2396 2395 2393
f 2394 2351 2352 2396
f 2396 2357 2397 2395
f 2396 2352 2354 2357
f 2397 1458 1459 2395
f 2397 2360 1457 1458
f 2397 2357 2358 2360
f 2395 1459 2398 2393
f 2398 1451 1452 2399
f 2398 1459 1460 1451
f 2398 2399 2392 2393
f 2399 1452 1455 2400
f 2399 2400 2391 2392
f 2400 1455 2402 2401
f 2400 2401 2385 2391
f 2402 2405 2404 2403
f 2402 1455 1453 2405
f 2402 2403 2382 2401
f 2405 2407 2406 2404
f 2405 1453 1454 2407
f 2407 2409 2408 2406
f 2407 1454 2410 2409
f 2410 1454 1450 1461
f 2410 2412 2411 2409
f 2410 1461 1456 2412
f 2412 2363 2364 2411
f 2412 1456 1457 2363
f 2411 2413 2408 2409
f 2411 2364 2365 2413
f 2413 2415 2414 2408
f 2413 2365 2367 2415
f 2415 2417 2416 2414
f 2415 2367 2369 2417
f 2417 1425 1428 2416
f 2417 2369 1424 1425
f 2416 1432 2418 2414
f 2416 1428 1431 1432
f 2418 2419 2404 2406
f 2418 1432 1433 2419
f 2418 2406 2408 2414
f 2419 2420 2403 2404
f 2419 1433 1434 2420
f 2420 2380 2382 2403
f 2420 1434 2378 2380
f 2401 2382 2383 2385
f 2391 2385 2386 2388
f 2378 1434 1429 2376
f 2376 1429 1430 2374
f 2374 1430 1426 1427
f 2363 1457 2360 2361
f 2167 1727 1729 2165
f 2163 1729 1730 1733
f 2161 1733 1734 1736
f 2159 1736 1737 1738
f 2159 1738 1373 1374
f 2117 2085 2087 2113
f 2109 2087 2088 2090
f 2105 2090 2091 2094
f 2060 1408 1409 2058
f 1793 1363 1364 1792
f 1789 1366 1367 1785
f 1781 1367 1368 1780
f 1746 1415 1743 1744
f 1743 1415 1416 1742
f 536 1732 1357 89
f 1651 1547 1548 1649
f 1584 1577 1399 1391
f 1570 1421 1417 1569
f 1569 1417 1418 1568
f 263 1517 1507 244
f 1500 1496 1479 1480
f 1497 1478 1479 1496
f 1461 1450 1451 1460
f 1448 1442 1445 1447
f 1431 1428 1426 1430
f 1397 1329 1340 1350
f 1301 1350 1336 1358
f 1393 2421 1381 1382
f 1393 1361 1359 2421
f 2421 2423 2422 1381
f 2421 1359 1360 2423
f 2423 2425 2424 2422
f 2423 1360 2426 2425
f 2426 2428 2427 2425
f 2426 1338 2429 2428
f 2426 1360 1337 1338
f 2429 2431 2430 2428
f 2429 2432 1320 2431
f 2429 1338 1339 2432
f 2432 2433 1319 1320
f 2432 1339 1330 2433
f 2433 1270 40 1319
f 2431 2435 2434 2430
f 2431 1320 1321 2435
f 2435 1274 1273 2434
f 2435 1321 1275 1274
f 1273 1277 2436 2434
f 1277 44 1322 2436
f 2436 2437 2430 2434
f 2436 1322 2438 2437
f 2438 1322 1282 1323
f 2438 2439 2427 2437
f 2438 1323 1700 2439
f 2437 2427 2428 2430
f 2427 2439 2424 2425
f 2422 2424 1685 1386
f 2422 1386 1380 1381
f 467 90 1293 1351
f 1340 1329 1330 1339
f 309 310 1485 1486
f 1283 492 1699 1284
f 693 694 1502 1503
f 39 1275 1321 1281
f 61 1270 2433 1330
f 552 553 1743 1742
f 542 543 1372 1373
f 499 465 1677 1678
f 1684 1685 1692
f 1692 1685 2424 2439
f 2439 1700 1692
f 1692 1700 1698 1694
g Group37441
f 2446 2447 2448 2449
f 2450 2451 2452 2453
f 2454 2455 2456 2457
f 2458 2459 2460 2461
f 2440 2462 2463 2464
f 2440 2465 2466 2462
f 2440 2464 2441 2465
f 2441 2467 2468 2465
f 2441 2464 2469 2467
f 2442 2470 2471 2472
f 2442 2472 2473 2474
f 2443 2475 2445 2444
f 2443 2476 2477 2475
f 2443 2444 2463 2476
f 2444 2469 2464 2463
f 2445 2475 2473 2472
f 2445 2472 2471 2444
f 2477 2478 2473 2475
f 2477 2476 2479 2456
f 2477 2456 2455 2478
f 2479 2476 2463 2462
f 2479 2462 2466 2480
f 2479 2480 2457 2456
f 2480 2466 2481 2482
f 2480 2482 2483 2457
f 2483 2484 2454 2457
f 2483 2482 2485 2486
f 2483 2486 2487 2484
f 2487 2449 2488 2484
f 2487 2486 2489 2490
f 2487 2490 2446 2449
f 2490 2489 2450 2453
f 2490 2453 2447 2446
f 2489 2486 2485 2491
f 2489 2491 2451 2450
f 2491 2485 2459 2458
f 2491 2458 2461 2451
f 2488 2492 2478 2455
f 2488 2455 2454 2484
f 2488 2449 2448 2492
f 2492 2474 2473 2478
f 2492 2448 2493 2474
f 2493 2448 2447 2494
f 2493 2494 2495 2470
f 2493 2470 2442 2474
f 2495 2494 2452 2496
f 2495 2496 2497 2498
f 2495 2498 2471 2470
f 2498 2497 2467 2469
f 2498 2469 2444 2471
f 2497 2496 2461 2460
f 2497 2460 2468 2467
f 2496 2452 2451 2461
f 2494 2447 2453 2452
f 2485 2482 2481 2459
f 2481 2466 2465 2468
f 2481 2468 2460 2459
f 2505 2508 2507 2506
f 2509 2512 2511 2510
f 2513 2516 2515 2514
f 2517 2520 2519 2518
f 2499 2523 2522 2521
f 2499 2521 2525 2524
f 2499 2524 2500 2523
f 2500 2524 2527 2526
f 2500 2526 2528 2523
f 2501 2531 2530 2529
f 2501 2533 2532 2531
f 2502 2503 2504 2534
f 2502 2534 2536 2535
f 2502 2535 2522 2503
f 2503 2522 2523 2528
f 2504 2531 2532 2534
f 2504 2503 2530 2531
f 2536 2534 2532 2537
f 2536 2515 2538 2535
f 2536 2537 2514 2515
f 2538 2521 2522 2535
f 2538 2539 2525 2521
f 2538 2515 2516 2539
f 2539 2541 2540 2525
f 2539 2516 2542 2541
f 2542 2516 2513 2543
f 2542 2545 2544 2541
f 2542 2543 2546 2545
f 2546 2543 2547 2508
f 2546 2549 2548 2545
f 2546 2508 2505 2549
f 2549 2512 2509 2548
f 2549 2505 2506 2512
f 2548 2550 2544 2545
f 2548 2509 2510 2550
f 2550 2517 2518 2544
f 2550 2510 2520 2517
f 2547 2514 2537 2551
f 2547 2543 2513 2514
f 2547 2551 2507 2508
f 2551 2537 2532 2533
f 2551 2533 2552 2507
f 2552 2553 2506 2507
f 2552 2529 2554 2553
f 2552 2533 2501 2529
f 2554 2555 2511 2553
f 2554 2557 2556 2555
f 2554 2529 2530 2557
f 2557 2528 2526 2556
f 2557 2530 2503 2528
f 2556 2519 2520 2555
f 2556 2526 2527 2519
f 2555 2520 2510 2511
f 2553 2511 2512 2506
f 2544 2518 2540 2541
f 2540 2527 2524 2525
f 2540 2518 2519 2527

 