# File exported by ZBrush version 2024
# www.zbrush.com
#Vertex Count 2349
#Face Count 2343
#Auto scale x=1.000000 y=1.000000 z=1.000000
#Auto offset x=0.000000 y=0.000000 z=0.000000
v -0.04324309 1.19634342 0.22094488
v -0.10128843 1.65328764 -0.07992428
v -0.20702067 1.83859992 -0.15295127
v -1.44313359 0.61997509 -0.22975842
v -0.30360519 0.93544322 -0.42177635
v -0.07679636 -0.55591088 -3.69272661
v -0.07716794 -0.71043723 -3.71726036
v -0.10757709 1.17039012 0.25043204
v -0.07590433 1.03071332 0.18806187
v -0.1327233 -0.56544303 0.03727346
v -0.26051551 -1.57236921 -0.12576992
v -0.38576671 -1.69815135 -0.19964319
v -0.18469855 1.84020268 -0.17716282
v -0.28684508 0.8923372 -0.06268451
v -0.09185077 1.61356985 -0.25482651
v -1.49578547 0.67067569 -0.32998174
v -0.0596898 1.56385278 0.28481173
v -0.3340573 0.65870821 -0.06901145
v -1.49499261 0.7058146 -0.19748503
v -1.4750545 0.75988704 -0.26125147
v -0.35804492 -0.98309177 0.11944085
v -0.43954077 -1.01927793 0.08324807
v -0.16521056 -1.00046694 -0.39024329
v -0.49669113 -1.03816866 -0.18530307
v -0.23932027 -1.66798579 -0.13934704
v -0.38624119 -0.60044229 -0.66589385
v -0.31573778 -0.51157516 -0.67540001
v -0.1520992 -1.06552612 -0.10867795
v -0.24473547 1.47081983 0.07192815
v -0.41802817 -1.62364196 -0.19591061
v -0.20335291 1.78884935 -0.2254493
v -0.24660837 1.78575515 -0.16333435
v -0.15043319 -0.40305921 -0.82321226
v -0.0269895 1.20156836 0.3168151
v -0.21860012 0.57704925 -0.6812306
v -0.34215039 1.27319109 -0.03611914
v -0.38945147 -0.74513995 -0.63126498
v -0.075181 1.17810154 0.24110335
v -0.04826699 1.14072918 0.27510762
v -0.02624648 1.15695548 0.25671324
v 0 1.16290283 0.2488015
v 0 1.18100965 0.21382241
v 0 1.20916116 0.2180105
v 0 1.20638823 0.25829225
v -0.03693637 1.20599448 0.26565843
v -0.07039082 1.20349991 0.28378045
v -0.11441461 1.63700866 -0.01370458
v 0 1.65333235 -0.02784071
v 0 1.63373017 -0.07549276
v -0.17763879 1.65071749 -0.06061976
v -0.18991334 1.59512424 -0.01048372
v -0.13841982 1.72099542 -0.11090999
v -0.18039913 1.71771872 -0.0941621
v 0 1.62128102 -0.13831977
v -0.07908554 1.64702618 -0.14190287
v -0.11963272 1.71557927 -0.15122082
v -0.1966625 1.84457945 -0.16619177
v -0.20870436 1.83184254 -0.17706555
v -0.21821688 1.82903111 -0.16222164
v -0.21589343 1.80368173 -0.13832944
v -0.19355642 1.81320321 -0.13372074
v -0.17387855 1.81564188 -0.1470451
v -1.46484744 0.61674708 -0.24614286
v -1.40707099 0.60538744 -0.26877477
v -1.39742934 0.61731195 -0.23735638
v -1.3931117 0.63801789 -0.20791295
v -1.45303118 0.63683342 -0.21038803
v -1.48646712 0.63817077 -0.225932
v -0.26679918 1.07875537 -0.38650542
v -0.18634079 1.09226858 -0.46678254
v -0.19400456 0.96786993 -0.50233507
v -0.34354004 0.95154565 -0.33147889
v -0.31602004 1.06607329 -0.31066834
v -0.1985239 0.85013109 -0.5643385
v -0.30757871 0.83332872 -0.51775127
v -0.42338952 0.80814057 -0.49720954
v -0.42889177 0.8599199 -0.41806569
v -0.43470248 0.87628734 -0.35088658
v -0.03928647 -0.54413843 -3.71320462
v -0.04562515 -0.57439374 -3.75717735
v -0.08906336 -0.58503264 -3.7187469
v -0.1273601 -0.60459679 -3.62861156
v -0.09842357 -0.56422668 -3.61594486
v -0.053354 -0.53920465 -3.60173821
v -0.09622154 -0.73820573 -3.65546608
v -0.12496451 -0.69651687 -3.64801096
v -0.08885093 -0.67106676 -3.72947859
v -0.04548005 -0.66403532 -3.76698255
v -0.03970314 -0.7119041 -3.73743295
v -0.05159638 -0.76563823 -3.65501403
v -0.06370603 1.11391389 0.29123461
v -0.12785263 1.10992825 0.24444969
v -0.07242882 1.07388985 0.29714712
v -0.15646226 1.19568097 0.25990572
v -0.17922829 1.15310275 0.21269166
v -0.09559209 1.2074989 0.30448988
v -0.13091501 1.22692704 0.32183179
v -0.08098248 0.99553692 0.12298768
v 0 0.98515158 0.13695314
v 0 1.01625144 0.19353979
v -0.03523073 1.02583909 0.26687383
v -0.06167627 1.04349815 0.28334343
v -0.11427401 1.06775426 0.21987666
v 0 1.01980698 0.25347387
v -0.092898 -0.67640489 0.042418
v 0 -0.63391655 0.01596939
v 0 -0.52725225 0.01255468
v -0.11448415 -0.44599688 0.00049358
v -0.25384792 -0.42376467 -0.00591729
v -0.29031664 -0.52747499 0.03476068
v 0 -0.44850537 -0.00471066
v -0.29020002 -1.57169413 -0.12412779
v -0.28739529 -1.61077356 -0.10625195
v -0.25031885 -1.60205984 -0.11641054
v -0.23587963 -1.55534386 -0.16259962
v -0.27227494 -1.54180932 -0.17083688
v -0.20800192 -1.58752358 -0.1601154
v -0.40281596 -1.67891371 -0.18962167
v -0.41652062 -1.68316257 -0.24288176
v -0.3868547 -1.70417094 -0.24081677
v -0.36615237 -1.6993426 -0.18362286
v -0.38515916 -1.67504632 -0.16038818
v -0.3555592 -1.7133125 -0.23425804
v -0.16612164 1.81437063 -0.1693848
v -0.19647869 1.83018171 -0.1885429
v -0.1706895 1.8091799 -0.19484801
v -0.27677735 0.96445798 -0.03491738
v -0.31638863 0.99288791 -0.09641123
v -0.34296515 0.88634836 -0.13584499
v -0.3298417 0.80346381 -0.09555378
v -0.23060976 0.83504116 -0.00497377
v -0.20230151 0.94212907 0.02703293
v -0.14237804 1.70125365 -0.23817013
v -0.12157598 1.70986104 -0.19780939
v -0.07298094 1.63427496 -0.1965537
v -0.09636182 1.5470736 -0.31581401
v -0.17804706 1.51944458 -0.30827254
v -0.17477601 1.60935401 -0.2787339
v 0 1.60992085 -0.19809548
v 0 1.59972584 -0.25307908
v 0 1.5657866 -0.30812811
v -1.4457283 0.66525578 -0.36686611
v -1.43955934 0.63314712 -0.35291299
v -1.50137698 0.65106296 -0.31149783
v -1.50522911 0.69134038 -0.31480896
v -1.44716966 0.70120602 -0.36520314
v -1.51488888 0.67507094 -0.28842687
v -0.08235303 1.58089149 0.22853276
v -0.13110594 1.50562357 0.25826203
v -0.07821014 1.51274776 0.32803601
v 0 1.53964984 0.37057963
v 0 1.59282529 0.29307362
v 0 1.62350738 0.21512414
v -0.2613191 0.5120911 -0.00323166
v -0.18884511 0.55287534 0.07426916
v -0.22300595 0.70099717 0.01877183
v -0.44855439 0.68253374 -0.1469862
v -0.46361538 0.59773033 -0.18946184
v -0.38609927 0.53617 -0.14559936
v -0.44395968 0.76081413 -0.14854355
v -1.49877727 0.68559432 -0.20192803
v -1.4622786 0.68495643 -0.17797204
v -1.46662533 0.71320456 -0.18103595
v -1.4710555 0.73344868 -0.1965297
v -1.50245845 0.71372872 -0.21449267
v -1.51359677 0.69231134 -0.22184579
v -1.48214745 0.75279384 -0.23958265
v -1.41722953 0.78152799 -0.23894262
v -1.4231714 0.77960664 -0.2715702
v -1.43079853 0.77011442 -0.30428656
v -1.49118304 0.74373275 -0.27431175
v -1.50383877 0.7308619 -0.25151968
v -0.39052712 -0.98479551 0.1145474
v -0.38462746 -1.03091597 0.10852179
v -0.3436189 -1.02062749 0.11537089
v -0.33197781 -0.92812973 0.11430148
v -0.37999671 -0.90487361 0.1085276
v -0.28573894 -0.97298818 0.11555932
v -0.45305427 -0.98018658 0.08061491
v -0.47979739 -0.99764245 0.03087601
v -0.45099952 -1.04677951 0.05037719
v -0.41515263 -1.02695512 0.1007203
v -0.42134937 -0.97935485 0.10504961
v -0.41571754 -1.0699259 0.06452309
v -0.12044735 -1.01754295 -0.3185853
v -0.1854549 -1.08302438 -0.3117741
v -0.22997759 -1.07372248 -0.35229018
v -0.29154232 -1.06487834 -0.3760758
v -0.28052517 -0.99368149 -0.42761707
v -0.26830938 -0.91481113 -0.51434505
v -0.14499884 -0.93803226 -0.48483774
v -0.47848212 -1.04164779 -0.25439655
v -0.43583995 -1.16877043 -0.2799091
v -0.44700267 -1.18064487 -0.24770855
v -0.52441966 -0.86826258 -0.21132901
v -0.50447553 -0.90200662 -0.28460651
v -0.47727915 -1.09891057 -0.14024139
v -0.49002674 -1.03018617 -0.04325056
v -0.51120322 -0.95581257 -0.07557674
v -0.44160699 -1.20198464 -0.21796608
v -0.24215376 -1.63968563 -0.12230608
v -0.27789032 -1.65092968 -0.11058487
v -0.26528629 -1.67984783 -0.14035774
v -0.23382163 -1.69499909 -0.19116194
v -0.20632286 -1.66971993 -0.17464533
v -0.19433982 -1.62712311 -0.16357477
v -0.45783802 -0.58159208 -0.61074698
v -0.41945874 -0.44302323 -0.60920131
v -0.46623039 -0.73196429 -0.56048512
v -0.27599248 -0.64756709 -0.68763893
v -0.29513472 -0.36093312 -0.6688416
v -0.23016619 -0.37808042 -0.73103863
v -0.23261615 -0.50881141 -0.72879844
v -0.21467679 -0.60830861 -0.72474718
v -0.366986 -0.32361981 -0.5953316
v -0.12881764 -0.95988416 -0.00517526
v -0.18849723 -1.03121042 0.01157
v -0.20429039 -1.11129379 -0.08374195
v -0.07213322 -0.95268613 -0.10562368
v -0.06642524 -0.87724012 -0.03303853
v -0.22936256 -1.21078205 -0.182728
v -0.20229362 -1.19371247 -0.20461906
v -0.19039279 -1.18870699 -0.24133828
v -0.14963556 -1.0854727 -0.18913351
v -0.08338998 -0.9901219 -0.17900708
v -0.20388177 1.4424479 0.19463947
v -0.1723999 1.52000737 0.17354971
v -0.19309066 1.54763567 0.07504833
v -0.2863056 1.4345535 0.00078864
v -0.30599016 1.31999409 0.06100712
v -0.26752421 1.34791827 0.13510206
v -0.23482158 1.55675458 -0.02881215
v -0.26551809 1.53131198 -0.05991172
v -0.4057562 -1.60840785 -0.17583517
v -0.39787894 -1.58887672 -0.2220525
v -0.41787755 -1.61496925 -0.23445026
v -0.41724693 -1.64853084 -0.18934305
v -0.39897567 -1.64233088 -0.15857794
v -0.42949286 -1.64785862 -0.24175334
v -0.22223646 1.79553532 -0.21557648
v -0.2079419 1.8158034 -0.19998075
v -0.18643415 1.80120837 -0.21318042
v -0.1635549 1.76338827 -0.22703532
v -0.19722291 1.75731623 -0.2427895
v -0.23211138 1.75374007 -0.23757834
v -0.23336041 1.79618346 -0.15058746
v -0.22985073 1.81430769 -0.17152497
v -0.2434009 1.7937293 -0.18164902
v -0.25972887 1.7554847 -0.16034902
v -0.24405685 1.75749623 -0.13579629
v -0.26362252 1.75303423 -0.18965007
v -0.22812193 -0.22445143 -0.73064005
v -0.15432976 -0.22726845 -0.78718847
v -0.07210867 -0.37096062 -0.86241608
v -0.07505578 -0.43477556 -0.94958275
v -0.13482166 -0.47321662 -0.93323183
v -0.07976324 -0.21721676 -0.82228606
v -0.19122184 -0.51438397 -0.81193459
v -0.17301993 -0.53421044 -0.9141792
v -0.04151235 1.2029674 0.3426401
v 0 1.19829177 0.32096537
v 0 1.19257831 0.36442345
v -0.32875934 0.63567304 -0.6196683
v -0.30724692 0.73865497 -0.58971333
v -0.20044721 0.73403739 -0.63503766
v -0.30769109 0.46637198 -0.6391673
v -0.37755847 0.54325252 -0.59706658
v -0.1023972 0.73582816 -0.67104584
v -0.10318241 0.59715616 -0.72178196
v -0.09217597 0.43528777 -0.76399147
v -0.17974248 0.40696793 -0.73079478
v -0.26838076 0.34964481 -0.67532509
v -0.34184262 1.28329217 -0.15640547
v -0.34694138 1.16129934 -0.19828851
v -0.34793782 1.13449764 -0.11013999
v -0.32255151 1.09336209 -0.04366206
v -0.31726783 1.18581473 0.03296119
v -0.3119829 1.40686309 -0.06558913
v -0.31579729 1.38946187 -0.14722913
v -0.29106968 1.23371005 0.10385467
v -0.40868163 -0.87819141 -0.50475645
v -0.46297997 -0.84582805 -0.45066046
v -0.31516525 -0.80618321 -0.62882643
v -0.35327556 -0.89711344 -0.52509784
v -0.22993284 -0.72904616 -0.67762839
v -0.17887233 -0.69236189 -0.71967726
v -0.13298134 -0.75987726 -0.71013855
v -0.16974367 -0.79458916 -0.65131509
v -0.22882187 -0.84951156 -0.58602881
v -0.09205825 -0.84831273 -0.6379171
v -0.11663377 -0.89184004 -0.56196457
v 0 -0.88653177 -0.64469176
v 0 -0.92770606 -0.55847764
v 0 -0.95696222 -0.48284661
v 0 -0.9758895 -0.40141087
v 0 -0.9844315 -0.33259069
v 0 -0.97014439 -0.25402772
v -0.09487856 -1.01241207 -0.25113448
v 0 -0.94199556 -0.18623974
v -0.15883924 -1.08909881 -0.25506743
v -0.19447651 -1.17510509 -0.28309679
v -0.21854069 -1.1625663 -0.31675046
v -0.20980989 -1.25919008 -0.32662975
v -0.22745049 -1.24694073 -0.35067179
v -0.25443664 -1.23887622 -0.36801439
v -0.25303861 -1.15288043 -0.34119328
v -0.28830063 -1.23642373 -0.37850517
v -0.29588764 -1.14858806 -0.35571584
v -0.32408708 -1.23831141 -0.38228955
v -0.33923131 -1.14760935 -0.35926505
v -0.34756812 -1.06027996 -0.3794893
v -0.34928911 -0.98194724 -0.43237677
v -0.38143438 -1.1515038 -0.34749597
v -0.40186592 -1.05410218 -0.35759601
v -0.40758481 -0.96660536 -0.40863749
v -0.44551923 -1.04499614 -0.31029957
v -0.4596214 -0.93876212 -0.35753577
v -0.50996255 -0.78914368 -0.36882451
v -0.4998303 -0.68712693 -0.46143573
v -0.52816975 -0.72832769 -0.26856082
v -0.5200383 -0.61611861 -0.3441748
v -0.50372809 -0.51302826 -0.39027279
v -0.49224326 -0.56020271 -0.51676559
v -0.52999573 -0.68107986 -0.15859769
v -0.51529151 -0.56312859 -0.21766065
v -0.49246969 -0.46723339 -0.26446768
v -0.45411899 -0.37077918 -0.29555127
v -0.46882301 -0.40010544 -0.40998783
v -0.49815139 -0.52919405 -0.11050618
v -0.46895948 -0.42598074 -0.1611945
v -0.42920008 -0.33641642 -0.20285913
v -0.39485088 -0.23549087 -0.22189261
v -0.41848939 -0.25638547 -0.30990529
v -0.42598429 -0.40367344 -0.08603229
v -0.38485771 -0.32001271 -0.1291856
v -0.35418003 -0.22567419 -0.14859361
v -0.32883566 -0.12125109 -0.15490184
v -0.37024262 -0.12655662 -0.22972568
v -0.31928283 -0.3212673 -0.07495077
v -0.29113531 -0.23089329 -0.09366638
v -0.26989883 -0.1293731 -0.09241692
v -0.25660532 -0.0209074 -0.07274881
v -0.31407502 -0.01118255 -0.14455702
v -0.20891435 -0.24742819 -0.05115016
v -0.19493667 -0.14877644 -0.0419762
v -0.18229757 -0.04107583 -0.01761099
v -0.1698037 0.07346431 0.01376593
v -0.2401133 0.09218967 -0.04912208
v -0.10335603 -0.17001405 -0.00948857
v -0.09795676 -0.06793471 0.01930665
v -0.08822302 0.05091597 0.05290085
v -0.08078666 0.1972354 0.10065913
v -0.1567616 0.21082873 0.05537017
v 0 -0.0841538 0.03000844
v 0 0.03624356 0.07081121
v 0 0.18676751 0.12352492
v 0 0.38138783 0.17444996
v -0.08269593 0.38220691 0.14299805
v -0.099862 0.57736277 0.13515843
v -0.15549454 0.37642383 0.09060863
v 0 0.5911355 0.17165082
v 0 0.73604279 0.11303997
v -0.11267287 0.72389346 0.08366367
v -0.10901439 0.83423471 0.06632111
v 0 0.83599269 0.08732221
v 0 0.92402732 0.09988151
v -0.0974276 0.92838197 0.0792491
v -0.18663834 1.02547526 0.06491311
v -0.18038864 1.07576274 0.12120154
v -0.26610335 1.1212517 0.07342118
v -0.27036449 1.05440211 0.01595008
v -0.18837957 1.11277997 0.16910083
v -0.25042882 1.16265678 0.13478714
v -0.22581413 1.1994915 0.19501915
v -0.25557178 1.26378059 0.17248523
v -0.19398212 1.23565638 0.25841331
v -0.21102894 1.28840017 0.24531188
v -0.2146734 1.35602009 0.22199706
v -0.16000969 1.30931937 0.31935316
v -0.15803432 1.36394405 0.30530837
v -0.1497039 1.42980146 0.28453967
v -0.09221962 1.37306582 0.39595055
v -0.08626446 1.44017434 0.37078064
v 0 1.38988995 0.46822479
v 0 1.46205401 0.42814096
v -0.09735522 1.32078933 0.40691059
v 0 1.32593405 0.48619884
v -0.09384828 1.27597498 0.40738439
v 0 1.26386475 0.47190412
v -0.07973069 1.24026346 0.39397692
v 0 1.22509205 0.44076713
v -0.05949959 1.21558153 0.37203288
v 0 1.20422935 0.40319764
v -0.15281134 1.2632718 0.32619717
v -0.22422957 0.35877096 0.01645133
v -0.22620335 0.21684108 -0.01448418
v -0.29405552 0.32735452 -0.08803767
v -0.29118195 0.21140301 -0.1081215
v -0.30075091 0.09968426 -0.12835229
v -0.35144397 0.19374038 -0.21616005
v -0.35654899 0.0921105 -0.22204096
v -0.36336621 -0.01489753 -0.22619105
v -0.38310244 0.07480297 -0.32498383
v -0.38516658 -0.03029566 -0.32071
v -0.39467465 -0.14214316 -0.31677526
v -0.38845694 -0.04725314 -0.41382798
v -0.39641222 -0.16122147 -0.40943294
v -0.41568613 -0.28111806 -0.40741619
v -0.37468379 -0.17950585 -0.4996021
v -0.40502849 -0.29850989 -0.50503802
v -0.46570128 -0.41619417 -0.52047145
v -0.33672416 -0.19708205 -0.58467781
v -0.33759194 -0.06844762 -0.5842933
v -0.29197675 -0.07332725 -0.66529333
v -0.28555139 -0.2144519 -0.66256243
v -0.37137159 -0.06009678 -0.50119304
v -0.37769365 0.05219015 -0.49955603
v -0.3521454 0.05344864 -0.5773887
v -0.39067378 0.05913924 -0.41890615
v -0.39827898 0.16142334 -0.419245
v -0.39203557 0.15956591 -0.48991379
v -0.39364469 0.17256254 -0.3255043
v -0.40409028 0.26558736 -0.32338079
v -0.40916007 0.25760299 -0.41342133
v -0.36022469 0.2899982 -0.20804648
v -0.38372767 0.37560364 -0.20984596
v -0.41844189 0.34972852 -0.31829628
v -0.31979233 0.43174937 -0.09866291
v -0.4217042 0.46133849 -0.22719007
v -0.48510414 0.53393513 -0.25074502
v -0.50731885 0.49727419 -0.31482857
v -0.45402109 0.42679926 -0.31236922
v -0.52149134 0.47952464 -0.37422874
v -0.46430823 0.41930472 -0.38238924
v -0.43255865 0.34290549 -0.39788994
v -0.46344354 0.42206144 -0.4357115
v -0.44016236 0.34523847 -0.4538235
v -0.41669651 0.25686946 -0.4717001
v -0.41100615 0.36185428 -0.50126165
v -0.38777971 0.27140033 -0.52576988
v -0.36913713 0.16810526 -0.55393183
v -0.34292066 0.3003512 -0.60065138
v -0.3230502 0.19020903 -0.62938344
v -0.30844965 0.06345144 -0.65763658
v -0.25173413 0.21933972 -0.69993537
v -0.24291732 0.0774708 -0.72049003
v -0.23561045 -0.07143005 -0.73339706
v -0.16871579 0.09283842 -0.7712773
v -0.16437651 -0.06399139 -0.78273034
v -0.08663328 0.10399451 -0.80894768
v -0.08488682 -0.05545252 -0.81775581
v 0 0.10925902 -0.83516871
v 0 -0.05166056 -0.84054768
v 0 -0.21299196 -0.84197598
v 0 -0.35410803 -0.86584717
v 0 -0.41755387 -0.95765072
v 0 -0.43163248 -1.05896282
v -0.07905809 -0.45350623 -1.05230188
v -0.08634106 -0.45096689 -1.16136276
v -0.15467336 -0.49919337 -1.15121662
v -0.14107883 -0.4965108 -1.04075074
v 0 -0.42786675 -1.17122185
v 0 -0.42441996 -1.28752172
v -0.09496992 -0.44711709 -1.27617073
v -0.10049091 -0.45608437 -1.39017975
v -0.17924255 -0.50611633 -1.37816798
v -0.16854727 -0.49899926 -1.26387357
v 0 -0.43442934 -1.40059173
v 0 -0.44411617 -1.5093224
v -0.10380638 -0.46582931 -1.50323224
v -0.10538525 -0.47329691 -1.61513185
v -0.18952715 -0.52356916 -1.60665702
v -0.18567618 -0.51547867 -1.49272775
v 0 -0.45207327 -1.61957907
v 0 -0.45864227 -1.73121964
v -0.10624954 -0.4800699 -1.72739613
v -0.10731938 -0.48638716 -1.8400563
v -0.19548545 -0.53608202 -1.83286368
v -0.19234922 -0.53031623 -1.71988868
v 0 -0.4651294 -1.84383273
v 0 -0.47131884 -1.95714545
v -0.10903855 -0.49241402 -1.95325589
v -0.11071805 -0.50041347 -2.06650519
v -0.20171283 -0.54991394 -2.05878448
v -0.19847729 -0.54221206 -1.94571244
v 0 -0.47941756 -2.07031035
v 0 -0.48942852 -2.18242406
v -0.1119294 -0.51018494 -2.17874312
v -0.11287618 -0.5189436 -2.2907741
v -0.20574905 -0.56708353 -2.28512787
v -0.20366066 -0.55923008 -2.17175793
v 0 -0.49753558 -2.29362678
v 0 -0.50431406 -2.40432453
v -0.11375139 -0.52566009 -2.40251231
v -0.1150233 -0.53008508 -2.51383256
v -0.20942349 -0.57884842 -2.51153063
v -0.20751549 -0.57380491 -2.39831638
v 0 -0.50798618 -2.5151689
v 0 -0.51034075 -2.62518262
v -0.11618368 -0.53237479 -2.62522149
v -0.11630609 -0.53328442 -2.73643803
v -0.20926474 -0.5823521 -2.73931098
v -0.21023762 -0.58160185 -2.62516689
v 0 -0.51161843 -2.73453283
v 0 -0.51192003 -2.84407758
v -0.11461806 -0.53382772 -2.84754753
v -0.11115436 -0.53542619 -2.95845651
v -0.19957383 -0.58455461 -2.96609163
v -0.20578831 -0.58269941 -2.85310053
v 0 -0.51390308 -2.95394492
v 0 -0.51746922 -3.06287908
v -0.10701836 -0.53814524 -3.06786894
v -0.10138906 -0.54211884 -3.17539668
v -0.18031676 -0.58797079 -3.18606042
v -0.19143588 -0.58654439 -3.07691669
v 0 -0.52105712 -3.16895675
v 0 -0.5251578 -3.27444505
v -0.09313073 -0.54483234 -3.28151321
v -0.08399808 -0.54637748 -3.38820719
v -0.14668449 -0.58402419 -3.39970064
v -0.16600118 -0.58721011 -3.29297971
v 0 -0.52869975 -3.37920093
v 0 -0.52984213 -3.48669767
v -0.07199009 -0.54541158 -3.4960246
v -0.12368098 -0.5763247 -3.50862526
v 0 -0.52828002 -3.59595537
v 0 -0.53653395 -3.72255611
v 0 -0.56796628 -3.77314877
v 0 -0.61399233 -3.78986406
v -0.0486928 -0.61751943 -3.76999568
v 0 -0.66457146 -3.7811861
v -0.09441832 -0.62748575 -3.72656917
v -0.13493309 -0.65038764 -3.63930082
v -0.15529796 -0.73285079 -3.54531049
v -0.16843977 -0.67781156 -3.53486156
v -0.1581501 -0.62308478 -3.52201914
v -0.20159862 -0.70552146 -3.42500662
v -0.18751224 -0.63932561 -3.41242742
v -0.23032966 -0.72707659 -3.31616807
v -0.21340532 -0.65037167 -3.30490779
v -0.25222066 -0.73895543 -3.20628762
v -0.23341479 -0.65642237 -3.19683504
v -0.26913735 -0.74419927 -3.09280872
v -0.24803394 -0.65793752 -3.08591175
v -0.28087288 -0.74521923 -2.97684145
v -0.25895503 -0.65697747 -2.97276902
v -0.28934097 -0.74412292 -2.85966181
v -0.26733842 -0.65515601 -2.85794711
v -0.29500111 -0.74282264 -2.74168014
v -0.27202734 -0.65424031 -2.74142241
v -0.29626631 -0.74197405 -2.62388277
v -0.27401763 -0.65346866 -2.62481689
v -0.29619446 -0.74041008 -2.5064671
v -0.27349162 -0.65133231 -2.50885438
v -0.2953104 -0.73734581 -2.3896768
v -0.27116727 -0.6471278 -2.3935709
v -0.29096049 -0.73247736 -2.27339625
v -0.26936271 -0.64071315 -2.27870273
v -0.28830504 -0.72675782 -2.15782046
v -0.26662501 -0.63364768 -2.16425585
v -0.28513968 -0.72033458 -2.04331684
v -0.26299634 -0.62633907 -2.0503211
v -0.28069487 -0.71381723 -1.92991006
v -0.25922858 -0.61932575 -1.93729412
v -0.27523091 -0.7070831 -1.81675922
v -0.25479874 -0.61296796 -1.82457947
v -0.26942467 -0.69909757 -1.70349526
v -0.25008577 -0.60626894 -1.71139502
v -0.26430779 -0.68940544 -1.58880984
v -0.24550642 -0.59858554 -1.59746348
v -0.25788411 -0.67744356 -1.47280168
v -0.23924979 -0.58941757 -1.48234188
v -0.24835749 -0.66427755 -1.35595989
v -0.22968781 -0.57944923 -1.36663854
v -0.23334986 -0.65224731 -1.24039948
v -0.21731486 -0.57025849 -1.25164413
v -0.21248136 -0.64205622 -1.12715911
v -0.19824522 -0.56579548 -1.1392126
v -0.19215847 -0.62778973 -1.01143872
v -0.18018631 -0.55661249 -1.02639532
v -0.17923025 -0.60854047 -0.89546948
v -0.17546755 -0.69837975 -1.00041198
v -0.15822896 -0.68111872 -0.88265627
v -0.15753597 -0.67864805 -0.78737789
v -0.18463797 -0.60063129 -0.79648113
v -0.11815692 -0.7410795 -0.882043
v -0.11636281 -0.7419933 -0.78650623
v -0.06416063 -0.78455907 -0.88514763
v -0.06405299 -0.79038769 -0.78970086
v -0.07353209 -0.81239628 -0.70851892
v 0 -0.82207483 -0.79722487
v 0 -0.84380292 -0.71280187
v 0 -0.8071025 -0.88771116
v -0.07519898 -0.80383163 -0.9982776
v 0 -0.82526773 -1.00128936
v -0.08792274 -0.83193153 -1.11301374
v 0 -0.85607564 -1.1156466
v -0.09608972 -0.85347664 -1.2263515
v 0 -0.87978196 -1.23106229
v -0.10286526 -0.87440222 -1.33941078
v 0 -0.90106707 -1.33877813
v -0.10758622 -0.89655762 -1.45165419
v 0 -0.92355161 -1.4489963
v -0.11018336 -0.91804397 -1.56568467
v 0 -0.94233232 -1.56146597
v -0.11021909 -0.93638122 -1.68199157
v 0 -0.96346867 -1.6767534
v -0.11072025 -0.95309013 -1.80011344
v 0 -0.98374378 -1.7956655
v -0.11256384 -0.96351414 -1.91895556
v 0 -0.99494582 -1.91781139
v -0.11522788 -0.96882063 -2.03740286
v 0 -1.00135684 -2.03764176
v -0.11787704 -0.97281116 -2.15492892
v 0 -1.00643992 -2.15559387
v -0.11945253 -0.97429537 -2.27192688
v 0 -1.00903427 -2.27240562
v -0.12112345 -0.97658127 -2.38844251
v 0 -1.01181912 -2.38825655
v -0.12138019 -0.97791206 -2.50493454
v 0 -1.01553237 -2.50385308
v -0.1210293 -0.97839194 -2.62117648
v 0 -1.01731288 -2.62022948
v -0.1207211 -0.97693228 -2.7367444
v 0 -1.01709675 -2.73608803
v -0.11973223 -0.97442954 -2.85240531
v 0 -1.01399636 -2.85098433
v -0.11737097 -0.9729529 -2.96915149
v 0 -1.01064574 -2.96602535
v -0.11079686 -0.97092413 -3.08879637
v 0 -1.00546908 -3.08368158
v -0.1019358 -0.96151435 -3.21340251
v 0 -0.99604404 -3.21273636
v -0.09412344 -0.92824387 -3.3385365
v 0 -0.95651996 -3.34320378
v -0.08220236 -0.87065815 -3.45242738
v 0 -0.89084458 -3.45591902
v -0.07004448 -0.81388682 -3.55763864
v 0 -0.83098721 -3.55765366
v 0 -0.77806961 -3.65315461
v 0 -0.71291536 -3.74669814
v -0.14464826 -0.83019566 -3.44531369
v -0.12119118 -0.78079104 -3.55369734
v -0.18626499 -0.77209663 -3.43560195
v -0.16493399 -0.87557357 -3.33222341
v -0.21350866 -0.80605071 -3.32503223
v -0.18106447 -0.90068572 -3.21381378
v -0.23307704 -0.82425141 -3.21199297
v -0.19493784 -0.90960896 -3.09451437
v -0.24915149 -0.83208423 -3.09557604
v -0.2052855 -0.91249501 -2.97420764
v -0.26148805 -0.83446586 -2.97700476
v -0.21048399 -0.91289562 -2.85561919
v -0.26899725 -0.83418482 -2.85845875
v -0.21324239 -0.91292697 -2.73841762
v -0.27247434 -0.83320689 -2.74042868
v -0.21461868 -0.91350048 -2.62187695
v -0.27389463 -0.83232498 -2.62255334
v -0.21448175 -0.91305059 -2.50523519
v -0.27436322 -0.8315106 -2.50529193
v -0.21321433 -0.91125434 -2.38794326
v -0.27270954 -0.82941383 -2.38785314
v -0.21105076 -0.90908807 -2.27077388
v -0.27018255 -0.82619369 -2.27074408
v -0.2086344 -0.90656346 -2.15400004
v -0.26708447 -0.8220486 -2.15445232
v -0.20525257 -0.90268623 -2.03748416
v -0.26374435 -0.8170107 -2.03904485
v -0.20189446 -0.89755249 -1.92131936
v -0.25905937 -0.81079036 -1.92474758
v -0.19838632 -0.88887518 -1.80579173
v -0.25460696 -0.80329364 -1.81092941
v -0.1955038 -0.87633866 -1.68957364
v -0.25036555 -0.79353046 -1.69660675
v -0.19347858 -0.86093848 -1.5729525
v -0.2461881 -0.78100264 -1.58095264
v -0.18986274 -0.842745 -1.45622098
v -0.24078676 -0.76571732 -1.46402478
v -0.18113067 -0.82230389 -1.34138619
v -0.232169 -0.74919903 -1.34716725
v -0.16873854 -0.80235797 -1.22742891
v -0.21618679 -0.73291838 -1.23211884
v -0.15402172 -0.78272187 -1.11259532
v -0.19638131 -0.71722316 -1.11772608
v -0.13499464 -0.75882875 -0.99603587
v -0.08642268 0.26558587 -0.79256302
v 0 0.27437949 -0.81924378
v 0 0.44804078 -0.78949499
v 0 0.60764533 -0.74803805
v 0 0.74258488 -0.69784039
v -0.09974695 0.8595004 -0.60796481
v 0 0.86611867 -0.63530927
v -0.09813856 0.98002392 -0.55744057
v 0 0.9860984 -0.58858335
v -0.09525679 1.10193729 -0.52463549
v 0 1.10947859 -0.55774271
v -0.09310123 1.23327171 -0.49542054
v 0 1.24609911 -0.52508276
v -0.09120374 1.35867905 -0.44568637
v 0 1.37777781 -0.46528676
v -0.09600912 1.4634062 -0.37852066
v 0 1.49540746 -0.38391488
v -0.18189491 1.42200803 -0.35597422
v -0.18220281 1.32715797 -0.40580156
v -0.25721409 1.30280578 -0.34138092
v -0.24719919 1.39789545 -0.30394566
v -0.18252241 1.21543216 -0.44414144
v -0.26044687 1.19768106 -0.37134635
v -0.3161726 1.18144393 -0.28723192
v -0.30994698 1.28826963 -0.25636795
v -0.29209947 1.38658654 -0.23103304
v -0.29466715 1.49367833 -0.16357944
v -0.27791187 1.49047088 -0.22451774
v -0.23768253 1.50064587 -0.27623614
v -0.27351027 1.59635353 -0.22636565
v -0.23522061 1.60017514 -0.26163396
v -0.26505413 1.68874406 -0.22555664
v -0.23588419 1.69026935 -0.25237098
v -0.19055509 1.69633305 -0.25995418
v -0.25413569 1.75237691 -0.21711465
v -0.23647458 1.79557311 -0.20007178
v -0.27878183 1.6912595 -0.1909164
v -0.27447041 1.69577753 -0.15631613
v -0.28581932 1.59988343 -0.18243961
v -0.28290319 1.60925257 -0.14031481
v -0.2624914 1.62371921 -0.10289049
v -0.25604963 1.70114207 -0.12497062
v -0.28937813 1.50944387 -0.10583368
v -0.22106239 1.70945429 -0.10187089
v -0.21578894 1.76200473 -0.11949903
v -0.22729621 1.63821101 -0.07555821
v -0.18514992 1.76988863 -0.11522678
v -0.15615846 1.77372825 -0.12964099
v -0.14143128 1.77279627 -0.16149522
v -0.14367407 1.76899492 -0.19757702
v -0.220563 1.81646215 -0.18637155
v -0.34166187 1.04853916 -0.23648421
v -0.34076735 1.023198 -0.16366252
v -0.36089131 0.94574862 -0.26597774
v -0.36249908 0.92500418 -0.20569288
v -0.44564518 0.85492461 -0.23218621
v -0.44579964 0.81809485 -0.18170952
v -0.44194048 0.87476682 -0.28865194
v -0.55273515 0.83997398 -0.3012636
v -0.55563086 0.82186311 -0.24868957
v -0.54924523 0.84249556 -0.36003747
v -0.66719353 0.82858687 -0.3617168
v -0.6676439 0.82555472 -0.30684432
v -0.54671305 0.82912731 -0.42287775
v -0.66858947 0.81563305 -0.41846025
v -0.78774142 0.81006574 -0.40770691
v -0.78435814 0.82142967 -0.35642424
v -0.54690557 0.79150289 -0.48424634
v -0.67238318 0.78570908 -0.46837842
v -0.79208636 0.78308779 -0.45284152
v -0.90798872 0.77954596 -0.43635308
v -0.90323805 0.80331003 -0.39424529
v -0.67786711 0.7439683 -0.50275433
v -0.796525 0.74501586 -0.48494032
v -0.91175228 0.74453365 -0.46791473
v -1.02434623 0.74184799 -0.44697421
v -1.02050828 0.77450776 -0.41749423
v -0.80034405 0.69934982 -0.50069642
v -0.91429281 0.70104688 -0.48336812
v -1.02689051 0.70233738 -0.46334666
v -1.1393516 0.7043156 -0.44274997
v -1.13639712 0.74148356 -0.42675653
v -0.9158172 0.65636456 -0.48094084
v -1.02800655 0.66008603 -0.46280476
v -1.13988125 0.66454196 -0.44255206
v -1.25280714 0.66716408 -0.4248619
v -1.25257492 0.70564055 -0.4250991
v -1.02697575 0.62120556 -0.44430169
v -1.13877117 0.62864893 -0.42522218
v -1.24956405 0.63303226 -0.40613332
v -1.35202372 0.63287729 -0.38410523
v -1.35766279 0.66603577 -0.40119299
v -1.13567555 0.60124337 -0.39522016
v -1.24399757 0.60890346 -0.37516072
v -1.34362983 0.61003851 -0.35466641
v -1.4298284 0.61046189 -0.32844013
v -1.23737192 0.59828895 -0.33787462
v -1.33456194 0.59938639 -0.32076093
v -1.41791546 0.60309821 -0.29849147
v -1.47878086 0.61992937 -0.27002745
v -1.49278259 0.63033145 -0.29209679
v -1.32661223 0.60312342 -0.2850559
v -1.23097908 0.60006278 -0.29923972
v -1.2252078 0.6131438 -0.2628349
v -1.31985807 0.61713492 -0.25001713
v -1.22038638 0.63498902 -0.23096223
v -1.31510424 0.6380468 -0.21799553
v -1.21688318 0.66318672 -0.20492568
v -1.31307983 0.66481858 -0.19166043
v -1.39287674 0.6618036 -0.18357992
v -1.45745313 0.65828812 -0.18959027
v -1.31311714 0.69605195 -0.17457443
v -1.39602351 0.69105225 -0.16706214
v -1.3148719 0.73022311 -0.17317366
v -1.40049016 0.72425168 -0.1674433
v -1.31841194 0.76090568 -0.18855045
v -1.40548694 0.75138908 -0.18334259
v -1.32268416 0.7832461 -0.21615773
v -1.4114232 0.77292496 -0.20739008
v -1.47812259 0.74718827 -0.21680569
v -1.50691354 0.72306239 -0.23072777
v -1.51836538 0.70326077 -0.24210834
v -1.5151683 0.71479266 -0.26387652
v -1.49701583 0.73162537 -0.29134619
v -1.50220358 0.71396791 -0.30692324
v -1.51878488 0.69612371 -0.27589562
v -1.52265811 0.6814078 -0.25315982
v -1.51549029 0.65784293 -0.26792982
v -1.50689125 0.64387446 -0.24727965
v -1.51423502 0.66902184 -0.23166273
v -1.49606287 0.6614899 -0.2100844
v -1.43760776 0.75282257 -0.32998669
v -1.44316458 0.72942072 -0.35091051
v -1.34859609 0.76505374 -0.35939049
v -1.35476553 0.73731827 -0.38470029
v -1.35826551 0.70293742 -0.40002235
v -1.24942672 0.74222356 -0.40905669
v -1.24436247 0.77140361 -0.38167983
v -1.13196706 0.77129769 -0.39858287
v -1.23834252 0.79040533 -0.34605005
v -1.12698161 0.79252529 -0.36259725
v -1.01554477 0.79672777 -0.37892642
v -1.12186515 0.8032096 -0.32283756
v -1.01038277 0.80780428 -0.33593982
v -0.89849513 0.81527251 -0.34730586
v -1.00585174 0.80635988 -0.29282385
v -0.89502066 0.81263339 -0.30072397
v -0.78254401 0.81863546 -0.30584019
v -0.89260524 0.79787874 -0.25749829
v -0.78180974 0.8020029 -0.26036131
v -0.6690858 0.80772483 -0.25830084
v -0.78164303 0.77255976 -0.22510565
v -0.67056286 0.77674019 -0.22168207
v -0.55768424 0.78893154 -0.20760799
v -0.67187786 0.73458325 -0.20165841
v -0.55913251 0.74088358 -0.18477247
v -0.67284542 0.68769091 -0.2043285
v -0.56129437 0.68564462 -0.18742492
v -0.67479437 0.64167785 -0.22638431
v -0.56615793 0.63033437 -0.2164839
v -0.67901259 0.6014989 -0.26414415
v -0.57639551 0.58049154 -0.26105687
v -0.6855365 0.56924343 -0.31026873
v -0.5881626 0.54615771 -0.31535553
v -0.69247543 0.54957103 -0.36143559
v -0.5986123 0.52522528 -0.36937025
v -0.69696128 0.54731631 -0.41331437
v -0.60217219 0.52278465 -0.42273008
v -0.52423256 0.47790288 -0.42945298
v -0.59753602 0.54278618 -0.47058945
v -0.51267558 0.50041383 -0.47929057
v -0.44759345 0.44125038 -0.48667991
v -0.49367016 0.53964865 -0.52589267
v -0.42175546 0.47715902 -0.54742389
v -0.37250271 0.396328 -0.57265663
v -0.47002586 0.59597438 -0.56250333
v -0.57602304 0.6291722 -0.53648817
v -0.5643866 0.68604654 -0.54210156
v -0.44498994 0.66820329 -0.57503098
v -0.58818805 0.57959646 -0.51082056
v -0.6943283 0.59937417 -0.49581188
v -0.68961352 0.64498293 -0.51658505
v -0.69730514 0.56503939 -0.45996907
v -0.80395239 0.57749271 -0.44517907
v -0.80441045 0.61035126 -0.47853541
v -0.80103915 0.55910754 -0.40104883
v -0.90965324 0.56783729 -0.38673979
v -0.91326749 0.58475977 -0.42911058
v -0.79611671 0.5600602 -0.3506861
v -0.90449571 0.5685451 -0.3391194
v -1.01517009 0.5780518 -0.32609447
v -1.02013933 0.578363 -0.37052702
v -0.79032588 0.57820463 -0.30257862
v -0.89896774 0.58451563 -0.29375669
v -1.00949716 0.59400022 -0.28486892
v -1.1189922 0.60489881 -0.27465647
v -1.12456965 0.59156817 -0.31339326
v -0.89454609 0.61221307 -0.25585103
v -1.00466382 0.61904645 -0.25015956
v -1.11394918 0.62758249 -0.24163201
v -1.00119018 0.65091508 -0.22222858
v -1.11003208 0.65726858 -0.21529875
v -0.99907201 0.68891805 -0.2043012
v -1.10752415 0.69250255 -0.19767957
v -1.21482801 0.69649106 -0.18709604
v -1.10704648 0.73095107 -0.19543042
v -1.21469342 0.73251366 -0.18500231
v -1.10878729 0.76582467 -0.21235248
v -1.21701467 0.76508021 -0.20082031
v -1.11232972 0.79132115 -0.24321444
v -1.22113323 0.78828501 -0.2302884
v -1.11687338 0.80322086 -0.2819654
v -1.2264353 0.79995071 -0.26750552
v -1.32773137 0.79426342 -0.25164049
v -1.23230338 0.80007356 -0.30692553
v -1.33356583 0.79452341 -0.28884136
v -1.34085893 0.78461653 -0.32648593
v -1.00232231 0.79298502 -0.25301122
v -0.99978661 0.76747816 -0.22000005
v -0.89107352 0.76977181 -0.22347812
v -0.99862057 0.73009991 -0.20302802
v -0.89040631 0.73033028 -0.20573326
v -0.78176736 0.73229467 -0.20690117
v -0.89052474 0.68728458 -0.20817868
v -0.78212529 0.68781387 -0.20942358
v -0.89184325 0.64724952 -0.22676102
v -0.78314423 0.64532333 -0.22853788
v -0.78569251 0.60839688 -0.26087948
v -1.13016724 0.59014844 -0.35490053
v -1.0243051 0.59266108 -0.41193425
v -0.9155572 0.61597406 -0.46192893
v -0.80310028 0.65235275 -0.49786615
v -0.68403405 0.69468289 -0.51911968
v -0.55412006 0.74134707 -0.52462077
v -0.42727762 0.73813611 -0.55459266
v -0.16990891 0.24737937 -0.75527191
v 0 -0.17819863 -0.00031938
v -0.10514111 -0.26526111 -0.03184814
v 0 -0.27558386 -0.02650534
v -0.10844849 -0.36020425 -0.0270096
v 0 -0.37325939 -0.02500947
v -0.22749911 -0.33926037 -0.04243866
v -0.35605755 -0.40367662 -0.03320685
v -0.4700334 -0.5113703 -0.02908941
v -0.39754259 -0.51209592 0.01679702
v -0.47849562 -0.65032464 0.00420053
v -0.42103859 -0.65089589 0.04826831
v -0.34027814 -0.66397541 0.06708543
v -0.42818743 -0.7875002 0.07333655
v -0.36407825 -0.79896831 0.08996474
v -0.29434019 -0.831478 0.09913682
v -0.23752576 -0.70260548 0.07690765
v -0.23347181 -0.89065545 0.10136786
v -0.17738188 -0.77912616 0.07902283
v -0.19701615 -0.95953178 0.07555287
v -0.13820259 -0.86355418 0.05047456
v -0.0728661 -0.7829898 0.01698787
v 0 -0.74853575 -0.00704376
v 0 -0.84377837 -0.0529895
v 0 -0.90218979 -0.11670859
v -0.257678 -1.02760458 0.08539158
v -0.24807538 -1.08106088 0.01813823
v -0.32130548 -1.0670489 0.08405744
v -0.30988583 -1.10817301 0.01660438
v -0.3059242 -1.16062796 -0.06721928
v -0.25139382 -1.14034855 -0.07106694
v -0.3041304 -1.23337137 -0.15845024
v -0.26245352 -1.2239685 -0.16834424
v -0.29694533 -1.31696224 -0.23603864
v -0.26355278 -1.30979299 -0.24286727
v -0.23555241 -1.29965341 -0.25588998
v -0.25586211 -1.37920796 -0.29750591
v -0.2294175 -1.37162876 -0.31097334
v -0.21103745 -1.36198556 -0.33081936
v -0.21462351 -1.2872374 -0.27526953
v -0.20291569 -1.35073638 -0.354449
v -0.20540712 -1.27358579 -0.29967826
v -0.20854422 -1.33874082 -0.37840208
v -0.19445651 -1.42481052 -0.39469131
v -0.20105832 -1.41895556 -0.42542362
v -0.21627038 -1.41414332 -0.45315614
v -0.22619269 -1.32768571 -0.39960068
v -0.2365027 -1.40759825 -0.47216048
v -0.24692869 -1.32083833 -0.41253516
v -0.26077342 -1.40316009 -0.48418659
v -0.2746106 -1.31720054 -0.42296811
v -0.28743577 -1.40353059 -0.48698109
v -0.30562576 -1.31932246 -0.42658931
v -0.31189414 -1.41027796 -0.48026815
v -0.33408951 -1.32919085 -0.41973042
v -0.35728424 -1.24626278 -0.37453442
v -0.35431972 -1.34095096 -0.40769684
v -0.38258796 -1.25903987 -0.35484921
v -0.4126366 -1.15900123 -0.3151243
v -0.3993414 -1.27352237 -0.33260247
v -0.37037318 -1.35600197 -0.38809272
v -0.38084289 -1.36897039 -0.36770951
v -0.40704104 -1.28731226 -0.30951309
v -0.38131901 -1.38019204 -0.34404662
v -0.40480077 -1.30117821 -0.28585505
v -0.36813905 -1.38693785 -0.32153016
v -0.38938528 -1.312541 -0.26345714
v -0.42077216 -1.21866023 -0.19227452
v -0.44933483 -1.13155508 -0.1080789
v -0.36451551 -1.31965827 -0.24620735
v -0.38715693 -1.23084354 -0.17051568
v -0.40747308 -1.1566087 -0.0852606
v -0.41537559 -1.10859954 -0.00418234
v -0.45723977 -1.08041226 -0.02026522
v -0.34779712 -1.23643934 -0.15908679
v -0.3586215 -1.16627514 -0.07177077
v -0.36596521 -1.11707985 0.00831801
v -0.37342405 -1.07684624 0.07491492
v -0.33229774 -1.32061183 -0.23751668
v -0.34557125 -1.38986396 -0.30426141
v -0.31696265 -1.38879454 -0.29404208
v -0.28619229 -1.38494563 -0.29174235
v -0.30677852 -1.44186377 -0.3268679
v -0.27755871 -1.43866241 -0.32281839
v -0.24862793 -1.43463599 -0.32775998
v -0.27303549 -1.4834963 -0.32782402
v -0.24418841 -1.48020708 -0.32882452
v -0.21778383 -1.48119425 -0.34165284
v -0.22206343 -1.43212866 -0.34036621
v -0.19813489 -1.48478233 -0.36532113
v -0.20193746 -1.42906093 -0.36341416
v -0.19013313 -1.49109756 -0.40010383
v -0.18984265 -1.53378558 -0.33869504
v -0.17866952 -1.55472254 -0.36944332
v -0.18163916 -1.57542038 -0.3922145
v -0.19520525 -1.50000762 -0.43209636
v -0.19605 -1.59753036 -0.41174891
v -0.20743961 -1.51114332 -0.45843854
v -0.2197958 -1.614578 -0.42756906
v -0.22409583 -1.52046155 -0.48298981
v -0.24900092 -1.6247586 -0.44114103
v -0.25038591 -1.52833211 -0.49932131
v -0.28107667 -1.62679636 -0.44758355
v -0.27692166 -1.52952981 -0.50499749
v -0.31138688 -1.61863589 -0.44665318
v -0.30340355 -1.52600312 -0.49939939
v -0.33281382 -1.60612952 -0.44216981
v -0.32532686 -1.5166018 -0.47914993
v -0.33389356 -1.42131447 -0.46338716
v -0.34223315 -1.50784659 -0.45369416
v -0.34947297 -1.43017268 -0.44119235
v -0.35483104 -1.50235104 -0.42658793
v -0.36107906 -1.43930673 -0.41326955
v -0.36010682 -1.49901199 -0.39229723
v -0.36605116 -1.4453274 -0.38279166
v -0.34800589 -1.49466598 -0.36521899
v -0.3547405 -1.44663155 -0.35641726
v -0.32755857 -1.49013364 -0.34595009
v -0.33360546 -1.44460964 -0.3373982
v -0.30213728 -1.48687231 -0.33322119
v -0.33091917 -1.52635395 -0.3300102
v -0.30380091 -1.51936662 -0.3153229
v -0.27429959 -1.51389849 -0.30644038
v -0.31337499 -1.53556489 -0.28152409
v -0.28046047 -1.52896535 -0.27161839
v -0.24406106 -1.52856493 -0.26879075
v -0.2422598 -1.51355493 -0.30675584
v -0.20583705 -1.54045867 -0.27553343
v -0.21219073 -1.51995909 -0.31736156
v -0.17720373 -1.56487691 -0.28921338
v -0.21157822 -1.5453 -0.21917429
v -0.18345926 -1.57757568 -0.22354427
v -0.17180119 -1.61766374 -0.23207774
v -0.16484384 -1.59764814 -0.30577001
v -0.18114219 -1.65774488 -0.24350079
v -0.16926243 -1.63176345 -0.32177329
v -0.20787113 -1.68735599 -0.2572349
v -0.19037653 -1.66047239 -0.33765336
v -0.24071416 -1.70403826 -0.27069729
v -0.22281986 -1.68049025 -0.3527536
v -0.27513164 -1.71237421 -0.28253269
v -0.25748708 -1.68951368 -0.36362087
v -0.30950126 -1.71392428 -0.29228773
v -0.29371133 -1.68980824 -0.37083539
v -0.3449963 -1.70941484 -0.30023965
v -0.32854411 -1.68170583 -0.37425693
v -0.38037809 -1.69491756 -0.30678337
v -0.35938045 -1.66489672 -0.37718227
v -0.40646106 -1.66956436 -0.30937838
v -0.37999543 -1.6395061 -0.37522178
v -0.351783 -1.58427667 -0.42757117
v -0.38854873 -1.61231482 -0.36407101
v -0.3643493 -1.564911 -0.40763965
v -0.38345903 -1.58503747 -0.34223756
v -0.36520871 -1.54797375 -0.37709194
v -0.36636707 -1.56412088 -0.31856203
v -0.35204607 -1.53602445 -0.35071271
v -0.34214693 -1.54803562 -0.29759571
v -0.38400879 -1.57836341 -0.27448406
v -0.35794428 -1.5584768 -0.25637763
v -0.32714667 -1.54402709 -0.24052976
v -0.3725588 -1.5691713 -0.2077997
v -0.34220215 -1.55470919 -0.19379931
v -0.30899322 -1.5427972 -0.18136197
v -0.29230034 -1.53362476 -0.2290077
v -0.25248447 -1.53257262 -0.22250394
v -0.35398569 -1.58078813 -0.14545264
v -0.32251995 -1.57234799 -0.13319474
v -0.35068377 -1.62315189 -0.12075094
v -0.32140207 -1.61783015 -0.10775591
v -0.33761787 -1.66651296 -0.12604305
v -0.30967766 -1.6593573 -0.11427003
v -0.31669366 -1.69818043 -0.15894781
v -0.29004654 -1.69131755 -0.1481399
v -0.2633228 -1.70720911 -0.20388828
v -0.29434222 -1.71402847 -0.2153342
v -0.34344387 -1.70101273 -0.17140698
v -0.32473906 -1.71561694 -0.22588653
v -0.36320063 -1.67181086 -0.14004007
v -0.37833857 -1.63322711 -0.13690653
v -0.38234475 -1.59260213 -0.1600769
v -0.40577235 -1.60357165 -0.29241558
v -0.41617959 -1.6356635 -0.30525463
v -0.42897081 -0.89731723 0.09423935
v -0.47745555 -0.78786325 0.03191238
v -0.46849042 -0.90163749 0.05941266
v -0.50880295 -0.7970919 -0.03085892
v -0.49693599 -0.91769748 0.00365234
v -0.52519768 -0.8199265 -0.10960096
v -0.51309377 -0.65878814 -0.06521952
v -0.10468976 1.60057067 0.14461186
v -0.11703662 1.61806559 0.06382162
v 0 1.64770352 0.11978758
v 0 1.65889263 0.03406011
v 0 1.01388275 0.31602376
v 0 1.02134347 0.33894079
v 0 1.06992399 0.35301384
v 0 1.09764313 0.33725941
v 0 1.11166501 0.32556727
v 0 1.13079738 0.30104643
v -0.18036747 1.4218353 0.01736685
v -0.15762284 1.50773716 0.1236532
v -0.14953862 1.40779721 0.14683455
v -0.2569189 1.37707614 0.06578489
v -0.21556745 1.41786861 0.17115992
v -0.14223924 1.39023768 0.05711972
v -0.12019935 1.44423174 0.10625963
v -0.27431356 1.42188835 0.09025802
v -0.18660302 1.40415501 0.01890513
v -0.20490847 1.41622781 0.01820046
v -0.19000563 1.43689811 0.01933732
v -0.16897855 1.44900536 0.0253357
v -0.16433857 1.4249444 0.02346318
v -0.16682323 1.40208995 0.02539633
v -0.14717663 1.50697159 0.10426698
v -0.17402723 1.51422083 0.091338
v -0.17997898 1.51330566 0.12180566
v -0.17584815 1.49674391 0.14318828
v -0.15235237 1.49280703 0.13568867
v -0.13450086 1.4858886 0.11951898
v -0.1469907 1.42450249 0.15059366
v -0.16272978 1.42410469 0.16289046
v -0.16224025 1.40177214 0.15253229
v -0.14434912 1.40054571 0.13434426
v -0.13610698 1.41874122 0.13595834
v -0.15939939 1.38621735 0.136326
v -0.25775173 1.39609086 0.05151059
v -0.24242468 1.37884247 0.0409776
v -0.24701975 1.36171305 0.06554781
v -0.26821941 1.38708424 0.08475417
v -0.27110388 1.41225683 0.07165882
v -0.25854378 1.36881303 0.09608922
v -0.22144262 1.39574968 0.16064152
v -0.2005566 1.39190125 0.16316421
v -0.20062443 1.42093908 0.17332111
v -0.22797605 1.43134594 0.16540382
v -0.24205733 1.40626645 0.1535656
v -0.2081108 1.4451282 0.17149037
v -0.15500445 1.38449895 0.0468873
v -0.1494828 1.40457952 0.03871781
v -0.13586053 1.40510976 0.05503117
v -0.14338311 1.38241004 0.07282415
v -0.16077925 1.36807239 0.06532999
v -0.13207916 1.40055012 0.07615241
v -0.12078791 1.45665335 0.09017101
v -0.12574079 1.47441232 0.10353288
v -0.12327516 1.45132088 0.11881186
v -0.12620064 1.43151593 0.12154802
v -0.12286836 1.42871248 0.10484085
v -0.12168566 1.43702685 0.0810073
v -0.27210077 1.40863788 0.10559581
v -0.26963964 1.43483388 0.12055481
v -0.27282065 1.4442048 0.09394088
v -0.26479977 1.43997764 0.06670726
v -0.25105032 1.46806919 0.06917118
v -0.23805202 1.45405256 0.04367512
v -0.25140368 1.42562615 0.04455626
v -0.25938937 1.47254729 0.10054199
v -0.23507522 1.49369978 0.10744378
v -0.22947913 1.4912914 0.07442115
v -0.25449752 1.46287941 0.13045536
v -0.23057071 1.48207473 0.13731215
v -0.20355498 1.49355983 0.14159385
v -0.20944923 1.50874733 0.11448405
v -0.2428112 1.44707584 0.15139827
v -0.2203655 1.46586477 0.15891742
v -0.19495429 1.47428631 0.16266194
v -0.16932743 1.47594893 0.16146436
v -0.18625567 1.44993388 0.17173177
v -0.16468633 1.45024144 0.1657083
v -0.1449029 1.4466598 0.15374757
v -0.14578759 1.47200453 0.14898864
v -0.18214891 1.42299509 0.16896997
v -0.17900161 1.39499986 0.16032823
v -0.20131982 1.36986529 0.14261758
v -0.17839171 1.37538778 0.1408635
v -0.19659446 1.35310494 0.11705324
v -0.17423608 1.36326003 0.1174855
v -0.15405118 1.37741088 0.11800056
v -0.16748119 1.35942924 0.09094622
v -0.14681935 1.37499785 0.09448266
v -0.13325621 1.39418733 0.09747301
v -0.13758547 1.39473009 0.11808423
v -0.12671753 1.41250252 0.1009892
v -0.12997598 1.4132303 0.12026659
v -0.13098587 1.43891739 0.13675667
v -0.12926043 1.4634428 0.133855
v -0.12336713 1.41771721 0.07672969
v -0.13136252 1.42388057 0.05464947
v -0.13080778 1.44775164 0.057893
v -0.14585565 1.42683684 0.03605882
v -0.14704105 1.45319747 0.03802137
v -0.15434485 1.47886848 0.04772195
v -0.13191437 1.47300148 0.06668814
v -0.16486768 1.50153315 0.06458678
v -0.13821256 1.49404573 0.08246295
v -0.18002413 1.4734373 0.03506031
v -0.19248579 1.49387621 0.05407483
v -0.204077 1.50781083 0.08148525
v -0.21782828 1.47755348 0.04631494
v -0.20458954 1.45887708 0.0274484
v -0.22370953 1.43574655 0.02528837
v -0.21561899 1.3907895 0.02400742
v -0.23491579 1.40816223 0.0288514
v -0.22351966 1.36543071 0.04171311
v -0.23246498 1.34933543 0.07031034
v -0.19326932 1.37970542 0.02618504
v -0.20132319 1.35713422 0.0471967
v -0.21137638 1.34468698 0.07805795
v -0.2198313 1.34993839 0.11262621
v -0.24296595 1.354079 0.10503801
v -0.18080243 1.35950613 0.05694379
v -0.18900989 1.35043513 0.08560237
v -0.17259952 1.37800121 0.03516907
v -0.24690425 1.37765741 0.13435046
v -0.26372212 1.39174246 0.121559
v -0.224486 1.37041902 0.14003799
v -0.25841933 1.41988861 0.14036367
v 0.04324309 1.19634342 0.22094488
v 0.10128843 1.65328764 -0.07992428
v 0.20702067 1.83859992 -0.15295127
v 1.44313359 0.61997509 -0.22975842
v 0.30360519 0.93544322 -0.42177635
v 0.07679636 -0.55591088 -3.69272661
v 0.07716794 -0.71043723 -3.71726036
v 0.10757709 1.17039012 0.25043204
v 0.07590433 1.03071332 0.18806187
v 0.1327233 -0.56544303 0.03727346
v 0.26051551 -1.57236921 -0.12576992
v 0.38576671 -1.69815135 -0.19964319
v 0.18469855 1.84020268 -0.17716282
v 0.28684508 0.8923372 -0.06268451
v 0.09185077 1.61356985 -0.25482651
v 1.49578547 0.67067569 -0.32998174
v 0.0596898 1.56385278 0.28481173
v 0.3340573 0.65870821 -0.06901145
v 1.49499261 0.7058146 -0.19748503
v 1.4750545 0.75988704 -0.26125147
v 0.35804492 -0.98309177 0.11944085
v 0.43954077 -1.01927793 0.08324807
v 0.16521056 -1.00046694 -0.39024329
v 0.49669113 -1.03816866 -0.18530307
v 0.23932027 -1.66798579 -0.13934704
v 0.38624119 -0.60044229 -0.66589385
v 0.31573778 -0.51157516 -0.67540001
v 0.1520992 -1.06552612 -0.10867795
v 0.24473547 1.47081983 0.07192815
v 0.41802817 -1.62364196 -0.19591061
v 0.20335291 1.78884935 -0.2254493
v 0.24660837 1.78575515 -0.16333435
v 0.15043319 -0.40305921 -0.82321226
v 0.0269895 1.20156836 0.3168151
v 0.21860012 0.57704925 -0.6812306
v 0.34215039 1.27319109 -0.03611914
v 0.38945147 -0.74513995 -0.63126498
v 0.075181 1.17810154 0.24110335
v 0.04826699 1.14072918 0.27510762
v 0.02624648 1.15695548 0.25671324
v 0.03693637 1.20599448 0.26565843
v 0.07039082 1.20349991 0.28378045
v 0.11441461 1.63700866 -0.01370458
v 0.17763879 1.65071749 -0.06061976
v 0.18991334 1.59512424 -0.01048372
v 0.13841982 1.72099542 -0.11090999
v 0.18039913 1.71771872 -0.0941621
v 0.07908554 1.64702618 -0.14190287
v 0.11963272 1.71557927 -0.15122082
v 0.1966625 1.84457945 -0.16619177
v 0.20870436 1.83184254 -0.17706555
v 0.21821688 1.82903111 -0.16222164
v 0.21589343 1.80368173 -0.13832944
v 0.19355642 1.81320321 -0.13372074
v 0.17387855 1.81564188 -0.1470451
v 1.46484744 0.61674708 -0.24614286
v 1.40707099 0.60538744 -0.26877477
v 1.39742934 0.61731195 -0.23735638
v 1.3931117 0.63801789 -0.20791295
v 1.45303118 0.63683342 -0.21038803
v 1.48646712 0.63817077 -0.225932
v 0.26679918 1.07875537 -0.38650542
v 0.18634079 1.09226858 -0.46678254
v 0.19400456 0.96786993 -0.50233507
v 0.34354004 0.95154565 -0.33147889
v 0.31602004 1.06607329 -0.31066834
v 0.1985239 0.85013109 -0.5643385
v 0.30757871 0.83332872 -0.51775127
v 0.42338952 0.80814057 -0.49720954
v 0.42889177 0.8599199 -0.41806569
v 0.43470248 0.87628734 -0.35088658
v 0.03928647 -0.54413843 -3.71320462
v 0.04562515 -0.57439374 -3.75717735
v 0.08906336 -0.58503264 -3.7187469
v 0.1273601 -0.60459679 -3.62861156
v 0.09842357 -0.56422668 -3.61594486
v 0.053354 -0.53920465 -3.60173821
v 0.09622154 -0.73820573 -3.65546608
v 0.12496451 -0.69651687 -3.64801096
v 0.08885093 -0.67106676 -3.72947859
v 0.04548005 -0.66403532 -3.76698255
v 0.03970314 -0.7119041 -3.73743295
v 0.05159638 -0.76563823 -3.65501403
v 0.06370603 1.11391389 0.29123461
v 0.12785263 1.10992825 0.24444969
v 0.07242882 1.07388985 0.29714712
v 0.15646226 1.19568097 0.25990572
v 0.17922829 1.15310275 0.21269166
v 0.09559209 1.2074989 0.30448988
v 0.13091501 1.22692704 0.32183179
v 0.08098248 0.99553692 0.12298768
v 0.03523073 1.02583909 0.26687383
v 0.06167627 1.04349815 0.28334343
v 0.11427401 1.06775426 0.21987666
v 0.092898 -0.67640489 0.042418
v 0.11448415 -0.44599688 0.00049358
v 0.25384792 -0.42376467 -0.00591729
v 0.29031664 -0.52747499 0.03476068
v 0.29020002 -1.57169413 -0.12412779
v 0.28739529 -1.61077356 -0.10625195
v 0.25031885 -1.60205984 -0.11641054
v 0.23587963 -1.55534386 -0.16259962
v 0.27227494 -1.54180932 -0.17083688
v 0.20800192 -1.58752358 -0.1601154
v 0.40281596 -1.67891371 -0.18962167
v 0.41652062 -1.68316257 -0.24288176
v 0.3868547 -1.70417094 -0.24081677
v 0.36615237 -1.6993426 -0.18362286
v 0.38515916 -1.67504632 -0.16038818
v 0.3555592 -1.7133125 -0.23425804
v 0.16612164 1.81437063 -0.1693848
v 0.19647869 1.83018171 -0.1885429
v 0.1706895 1.8091799 -0.19484801
v 0.27677735 0.96445798 -0.03491738
v 0.31638863 0.99288791 -0.09641123
v 0.34296515 0.88634836 -0.13584499
v 0.3298417 0.80346381 -0.09555378
v 0.23060976 0.83504116 -0.00497377
v 0.20230151 0.94212907 0.02703293
v 0.14237804 1.70125365 -0.23817013
v 0.12157598 1.70986104 -0.19780939
v 0.07298094 1.63427496 -0.1965537
v 0.09636182 1.5470736 -0.31581401
v 0.17804706 1.51944458 -0.30827254
v 0.17477601 1.60935401 -0.2787339
v 1.4457283 0.66525578 -0.36686611
v 1.43955934 0.63314712 -0.35291299
v 1.50137698 0.65106296 -0.31149783
v 1.50522911 0.69134038 -0.31480896
v 1.44716966 0.70120602 -0.36520314
v 1.51488888 0.67507094 -0.28842687
v 0.08235303 1.58089149 0.22853276
v 0.13110594 1.50562357 0.25826203
v 0.07821014 1.51274776 0.32803601
v 0.2613191 0.5120911 -0.00323166
v 0.18884511 0.55287534 0.07426916
v 0.22300595 0.70099717 0.01877183
v 0.44855439 0.68253374 -0.1469862
v 0.46361538 0.59773033 -0.18946184
v 0.38609927 0.53617 -0.14559936
v 0.44395968 0.76081413 -0.14854355
v 1.49877727 0.68559432 -0.20192803
v 1.4622786 0.68495643 -0.17797204
v 1.46662533 0.71320456 -0.18103595
v 1.4710555 0.73344868 -0.1965297
v 1.50245845 0.71372872 -0.21449267
v 1.51359677 0.69231134 -0.22184579
v 1.48214745 0.75279384 -0.23958265
v 1.41722953 0.78152799 -0.23894262
v 1.4231714 0.77960664 -0.2715702
v 1.43079853 0.77011442 -0.30428656
v 1.49118304 0.74373275 -0.27431175
v 1.50383877 0.7308619 -0.25151968
v 0.39052712 -0.98479551 0.1145474
v 0.38462746 -1.03091597 0.10852179
v 0.3436189 -1.02062749 0.11537089
v 0.33197781 -0.92812973 0.11430148
v 0.37999671 -0.90487361 0.1085276
v 0.28573894 -0.97298818 0.11555932
v 0.45305427 -0.98018658 0.08061491
v 0.47979739 -0.99764245 0.03087601
v 0.45099952 -1.04677951 0.05037719
v 0.41515263 -1.02695512 0.1007203
v 0.42134937 -0.97935485 0.10504961
v 0.41571754 -1.0699259 0.06452309
v 0.12044735 -1.01754295 -0.3185853
v 0.1854549 -1.08302438 -0.3117741
v 0.22997759 -1.07372248 -0.35229018
v 0.29154232 -1.06487834 -0.3760758
v 0.28052517 -0.99368149 -0.42761707
v 0.26830938 -0.91481113 -0.51434505
v 0.14499884 -0.93803226 -0.48483774
v 0.47848212 -1.04164779 -0.25439655
v 0.43583995 -1.16877043 -0.2799091
v 0.44700267 -1.18064487 -0.24770855
v 0.52441966 -0.86826258 -0.21132901
v 0.50447553 -0.90200662 -0.28460651
v 0.47727915 -1.09891057 -0.14024139
v 0.49002674 -1.03018617 -0.04325056
v 0.51120322 -0.95581257 -0.07557674
v 0.44160699 -1.20198464 -0.21796608
v 0.24215376 -1.63968563 -0.12230608
v 0.27789032 -1.65092968 -0.11058487
v 0.26528629 -1.67984783 -0.14035774
v 0.23382163 -1.69499909 -0.19116194
v 0.20632286 -1.66971993 -0.17464533
v 0.19433982 -1.62712311 -0.16357477
v 0.45783802 -0.58159208 -0.61074698
v 0.41945874 -0.44302323 -0.60920131
v 0.46623039 -0.73196429 -0.56048512
v 0.27599248 -0.64756709 -0.68763893
v 0.29513472 -0.36093312 -0.6688416
v 0.23016619 -0.37808042 -0.73103863
v 0.23261615 -0.50881141 -0.72879844
v 0.21467679 -0.60830861 -0.72474718
v 0.366986 -0.32361981 -0.5953316
v 0.12881764 -0.95988416 -0.00517526
v 0.18849723 -1.03121042 0.01157
v 0.20429039 -1.11129379 -0.08374195
v 0.07213322 -0.95268613 -0.10562368
v 0.06642524 -0.87724012 -0.03303853
v 0.22936256 -1.21078205 -0.182728
v 0.20229362 -1.19371247 -0.20461906
v 0.19039279 -1.18870699 -0.24133828
v 0.14963556 -1.0854727 -0.18913351
v 0.08338998 -0.9901219 -0.17900708
v 0.20388177 1.4424479 0.19463947
v 0.1723999 1.52000737 0.17354971
v 0.19309066 1.54763567 0.07504833
v 0.2863056 1.4345535 0.00078864
v 0.30599016 1.31999409 0.06100712
v 0.26752421 1.34791827 0.13510206
v 0.23482158 1.55675458 -0.02881215
v 0.26551809 1.53131198 -0.05991172
v 0.4057562 -1.60840785 -0.17583517
v 0.39787894 -1.58887672 -0.2220525
v 0.41787755 -1.61496925 -0.23445026
v 0.41724693 -1.64853084 -0.18934305
v 0.39897567 -1.64233088 -0.15857794
v 0.42949286 -1.64785862 -0.24175334
v 0.22223646 1.79553532 -0.21557648
v 0.2079419 1.8158034 -0.19998075
v 0.18643415 1.80120837 -0.21318042
v 0.1635549 1.76338827 -0.22703532
v 0.19722291 1.75731623 -0.2427895
v 0.23211138 1.75374007 -0.23757834
v 0.23336041 1.79618346 -0.15058746
v 0.22985073 1.81430769 -0.17152497
v 0.2434009 1.7937293 -0.18164902
v 0.25972887 1.7554847 -0.16034902
v 0.24405685 1.75749623 -0.13579629
v 0.26362252 1.75303423 -0.18965007
v 0.22812193 -0.22445143 -0.73064005
v 0.15432976 -0.22726845 -0.78718847
v 0.07210867 -0.37096062 -0.86241608
v 0.07505578 -0.43477556 -0.94958275
v 0.13482166 -0.47321662 -0.93323183
v 0.07976324 -0.21721676 -0.82228606
v 0.19122184 -0.51438397 -0.81193459
v 0.17301993 -0.53421044 -0.9141792
v 0.04151235 1.2029674 0.3426401
v 0.32875934 0.63567304 -0.6196683
v 0.30724692 0.73865497 -0.58971333
v 0.20044721 0.73403739 -0.63503766
v 0.30769109 0.46637198 -0.6391673
v 0.37755847 0.54325252 -0.59706658
v 0.1023972 0.73582816 -0.67104584
v 0.10318241 0.59715616 -0.72178196
v 0.09217597 0.43528777 -0.76399147
v 0.17974248 0.40696793 -0.73079478
v 0.26838076 0.34964481 -0.67532509
v 0.34184262 1.28329217 -0.15640547
v 0.34694138 1.16129934 -0.19828851
v 0.34793782 1.13449764 -0.11013999
v 0.32255151 1.09336209 -0.04366206
v 0.31726783 1.18581473 0.03296119
v 0.3119829 1.40686309 -0.06558913
v 0.31579729 1.38946187 -0.14722913
v 0.29106968 1.23371005 0.10385467
v 0.40868163 -0.87819141 -0.50475645
v 0.46297997 -0.84582805 -0.45066046
v 0.31516525 -0.80618321 -0.62882643
v 0.35327556 -0.89711344 -0.52509784
v 0.22993284 -0.72904616 -0.67762839
v 0.17887233 -0.69236189 -0.71967726
v 0.13298134 -0.75987726 -0.71013855
v 0.16974367 -0.79458916 -0.65131509
v 0.22882187 -0.84951156 -0.58602881
v 0.09205825 -0.84831273 -0.6379171
v 0.11663377 -0.89184004 -0.56196457
v 0.09487856 -1.01241207 -0.25113448
v 0.15883924 -1.08909881 -0.25506743
v 0.19447651 -1.17510509 -0.28309679
v 0.21854069 -1.1625663 -0.31675046
v 0.20980989 -1.25919008 -0.32662975
v 0.22745049 -1.24694073 -0.35067179
v 0.25443664 -1.23887622 -0.36801439
v 0.25303861 -1.15288043 -0.34119328
v 0.28830063 -1.23642373 -0.37850517
v 0.29588764 -1.14858806 -0.35571584
v 0.32408708 -1.23831141 -0.38228955
v 0.33923131 -1.14760935 -0.35926505
v 0.34756812 -1.06027996 -0.3794893
v 0.34928911 -0.98194724 -0.43237677
v 0.38143438 -1.1515038 -0.34749597
v 0.40186592 -1.05410218 -0.35759601
v 0.40758481 -0.96660536 -0.40863749
v 0.44551923 -1.04499614 -0.31029957
v 0.4596214 -0.93876212 -0.35753577
v 0.50996255 -0.78914368 -0.36882451
v 0.4998303 -0.68712693 -0.46143573
v 0.52816975 -0.72832769 -0.26856082
v 0.5200383 -0.61611861 -0.3441748
v 0.50372809 -0.51302826 -0.39027279
v 0.49224326 -0.56020271 -0.51676559
v 0.52999573 -0.68107986 -0.15859769
v 0.51529151 -0.56312859 -0.21766065
v 0.49246969 -0.46723339 -0.26446768
v 0.45411899 -0.37077918 -0.29555127
v 0.46882301 -0.40010544 -0.40998783
v 0.49815139 -0.52919405 -0.11050618
v 0.46895948 -0.42598074 -0.1611945
v 0.42920008 -0.33641642 -0.20285913
v 0.39485088 -0.23549087 -0.22189261
v 0.41848939 -0.25638547 -0.30990529
v 0.42598429 -0.40367344 -0.08603229
v 0.38485771 -0.32001271 -0.1291856
v 0.35418003 -0.22567419 -0.14859361
v 0.32883566 -0.12125109 -0.15490184
v 0.37024262 -0.12655662 -0.22972568
v 0.31928283 -0.3212673 -0.07495077
v 0.29113531 -0.23089329 -0.09366638
v 0.26989883 -0.1293731 -0.09241692
v 0.25660532 -0.0209074 -0.07274881
v 0.31407502 -0.01118255 -0.14455702
v 0.20891435 -0.24742819 -0.05115016
v 0.19493667 -0.14877644 -0.0419762
v 0.18229757 -0.04107583 -0.01761099
v 0.1698037 0.07346431 0.01376593
v 0.2401133 0.09218967 -0.04912208
v 0.10335603 -0.17001405 -0.00948857
v 0.09795676 -0.06793471 0.01930665
v 0.08822302 0.05091597 0.05290085
v 0.08078666 0.1972354 0.10065913
v 0.1567616 0.21082873 0.05537017
v 0.08269593 0.38220691 0.14299805
v 0.099862 0.57736277 0.13515843
v 0.15549454 0.37642383 0.09060863
v 0.11267287 0.72389346 0.08366367
v 0.10901439 0.83423471 0.06632111
v 0.0974276 0.92838197 0.0792491
v 0.18663834 1.02547526 0.06491311
v 0.18038864 1.07576274 0.12120154
v 0.26610335 1.1212517 0.07342118
v 0.27036449 1.05440211 0.01595008
v 0.18837957 1.11277997 0.16910083
v 0.25042882 1.16265678 0.13478714
v 0.22581413 1.1994915 0.19501915
v 0.25557178 1.26378059 0.17248523
v 0.19398212 1.23565638 0.25841331
v 0.21102894 1.28840017 0.24531188
v 0.2146734 1.35602009 0.22199706
v 0.16000969 1.30931937 0.31935316
v 0.15803432 1.36394405 0.30530837
v 0.1497039 1.42980146 0.28453967
v 0.09221962 1.37306582 0.39595055
v 0.08626446 1.44017434 0.37078064
v 0.09735522 1.32078933 0.40691059
v 0.09384828 1.27597498 0.40738439
v 0.07973069 1.24026346 0.39397692
v 0.05949959 1.21558153 0.37203288
v 0.15281134 1.2632718 0.32619717
v 0.22422957 0.35877096 0.01645133
v 0.22620335 0.21684108 -0.01448418
v 0.29405552 0.32735452 -0.08803767
v 0.29118195 0.21140301 -0.1081215
v 0.30075091 0.09968426 -0.12835229
v 0.35144397 0.19374038 -0.21616005
v 0.35654899 0.0921105 -0.22204096
v 0.36336621 -0.01489753 -0.22619105
v 0.38310244 0.07480297 -0.32498383
v 0.38516658 -0.03029566 -0.32071
v 0.39467465 -0.14214316 -0.31677526
v 0.38845694 -0.04725314 -0.41382798
v 0.39641222 -0.16122147 -0.40943294
v 0.41568613 -0.28111806 -0.40741619
v 0.37468379 -0.17950585 -0.4996021
v 0.40502849 -0.29850989 -0.50503802
v 0.46570128 -0.41619417 -0.52047145
v 0.33672416 -0.19708205 -0.58467781
v 0.33759194 -0.06844762 -0.5842933
v 0.29197675 -0.07332725 -0.66529333
v 0.28555139 -0.2144519 -0.66256243
v 0.37137159 -0.06009678 -0.50119304
v 0.37769365 0.05219015 -0.49955603
v 0.3521454 0.05344864 -0.5773887
v 0.39067378 0.05913924 -0.41890615
v 0.39827898 0.16142334 -0.419245
v 0.39203557 0.15956591 -0.48991379
v 0.39364469 0.17256254 -0.3255043
v 0.40409028 0.26558736 -0.32338079
v 0.40916007 0.25760299 -0.41342133
v 0.36022469 0.2899982 -0.20804648
v 0.38372767 0.37560364 -0.20984596
v 0.41844189 0.34972852 -0.31829628
v 0.31979233 0.43174937 -0.09866291
v 0.4217042 0.46133849 -0.22719007
v 0.48510414 0.53393513 -0.25074502
v 0.50731885 0.49727419 -0.31482857
v 0.45402109 0.42679926 -0.31236922
v 0.52149134 0.47952464 -0.37422874
v 0.46430823 0.41930472 -0.38238924
v 0.43255865 0.34290549 -0.39788994
v 0.46344354 0.42206144 -0.4357115
v 0.44016236 0.34523847 -0.4538235
v 0.41669651 0.25686946 -0.4717001
v 0.41100615 0.36185428 -0.50126165
v 0.38777971 0.27140033 -0.52576988
v 0.36913713 0.16810526 -0.55393183
v 0.34292066 0.3003512 -0.60065138
v 0.3230502 0.19020903 -0.62938344
v 0.30844965 0.06345144 -0.65763658
v 0.25173413 0.21933972 -0.69993537
v 0.24291732 0.0774708 -0.72049003
v 0.23561045 -0.07143005 -0.73339706
v 0.16871579 0.09283842 -0.7712773
v 0.16437651 -0.06399139 -0.78273034
v 0.08663328 0.10399451 -0.80894768
v 0.08488682 -0.05545252 -0.81775581
v 0.07905809 -0.45350623 -1.05230188
v 0.08634106 -0.45096689 -1.16136276
v 0.15467336 -0.49919337 -1.15121662
v 0.14107883 -0.4965108 -1.04075074
v 0.09496992 -0.44711709 -1.27617073
v 0.10049091 -0.45608437 -1.39017975
v 0.17924255 -0.50611633 -1.37816798
v 0.16854727 -0.49899926 -1.26387357
v 0.10380638 -0.46582931 -1.50323224
v 0.10538525 -0.47329691 -1.61513185
v 0.18952715 -0.52356916 -1.60665702
v 0.18567618 -0.51547867 -1.49272775
v 0.10624954 -0.4800699 -1.72739613
v 0.10731938 -0.48638716 -1.8400563
v 0.19548545 -0.53608202 -1.83286368
v 0.19234922 -0.53031623 -1.71988868
v 0.10903855 -0.49241402 -1.95325589
v 0.11071805 -0.50041347 -2.06650519
v 0.20171283 -0.54991394 -2.05878448
v 0.19847729 -0.54221206 -1.94571244
v 0.1119294 -0.51018494 -2.17874312
v 0.11287618 -0.5189436 -2.2907741
v 0.20574905 -0.56708353 -2.28512787
v 0.20366066 -0.55923008 -2.17175793
v 0.11375139 -0.52566009 -2.40251231
v 0.1150233 -0.53008508 -2.51383256
v 0.20942349 -0.57884842 -2.51153063
v 0.20751549 -0.57380491 -2.39831638
v 0.11618368 -0.53237479 -2.62522149
v 0.11630609 -0.53328442 -2.73643803
v 0.20926474 -0.5823521 -2.73931098
v 0.21023762 -0.58160185 -2.62516689
v 0.11461806 -0.53382772 -2.84754753
v 0.11115436 -0.53542619 -2.95845651
v 0.19957383 -0.58455461 -2.96609163
v 0.20578831 -0.58269941 -2.85310053
v 0.10701836 -0.53814524 -3.06786894
v 0.10138906 -0.54211884 -3.17539668
v 0.18031676 -0.58797079 -3.18606042
v 0.19143588 -0.58654439 -3.07691669
v 0.09313073 -0.54483234 -3.28151321
v 0.08399808 -0.54637748 -3.38820719
v 0.14668449 -0.58402419 -3.39970064
v 0.16600118 -0.58721011 -3.29297971
v 0.07199009 -0.54541158 -3.4960246
v 0.12368098 -0.5763247 -3.50862526
v 0.0486928 -0.61751943 -3.76999568
v 0.09441832 -0.62748575 -3.72656917
v 0.13493309 -0.65038764 -3.63930082
v 0.15529796 -0.73285079 -3.54531049
v 0.16843977 -0.67781156 -3.53486156
v 0.1581501 -0.62308478 -3.52201914
v 0.20159862 -0.70552146 -3.42500662
v 0.18751224 -0.63932561 -3.41242742
v 0.23032966 -0.72707659 -3.31616807
v 0.21340532 -0.65037167 -3.30490779
v 0.25222066 -0.73895543 -3.20628762
v 0.23341479 -0.65642237 -3.19683504
v 0.26913735 -0.74419927 -3.09280872
v 0.24803394 -0.65793752 -3.08591175
v 0.28087288 -0.74521923 -2.97684145
v 0.25895503 -0.65697747 -2.97276902
v 0.28934097 -0.74412292 -2.85966181
v 0.26733842 -0.65515601 -2.85794711
v 0.29500111 -0.74282264 -2.74168014
v 0.27202734 -0.65424031 -2.74142241
v 0.29626631 -0.74197405 -2.62388277
v 0.27401763 -0.65346866 -2.62481689
v 0.29619446 -0.74041008 -2.5064671
v 0.27349162 -0.65133231 -2.50885438
v 0.2953104 -0.73734581 -2.3896768
v 0.27116727 -0.6471278 -2.3935709
v 0.29096049 -0.73247736 -2.27339625
v 0.26936271 -0.64071315 -2.27870273
v 0.28830504 -0.72675782 -2.15782046
v 0.26662501 -0.63364768 -2.16425585
v 0.28513968 -0.72033458 -2.04331684
v 0.26299634 -0.62633907 -2.0503211
v 0.28069487 -0.71381723 -1.92991006
v 0.25922858 -0.61932575 -1.93729412
v 0.27523091 -0.7070831 -1.81675922
v 0.25479874 -0.61296796 -1.82457947
v 0.26942467 -0.69909757 -1.70349526
v 0.25008577 -0.60626894 -1.71139502
v 0.26430779 -0.68940544 -1.58880984
v 0.24550642 -0.59858554 -1.59746348
v 0.25788411 -0.67744356 -1.47280168
v 0.23924979 -0.58941757 -1.48234188
v 0.24835749 -0.66427755 -1.35595989
v 0.22968781 -0.57944923 -1.36663854
v 0.23334986 -0.65224731 -1.24039948
v 0.21731486 -0.57025849 -1.25164413
v 0.21248136 -0.64205622 -1.12715911
v 0.19824522 -0.56579548 -1.1392126
v 0.19215847 -0.62778973 -1.01143872
v 0.18018631 -0.55661249 -1.02639532
v 0.17923025 -0.60854047 -0.89546948
v 0.17546755 -0.69837975 -1.00041198
v 0.15822896 -0.68111872 -0.88265627
v 0.15753597 -0.67864805 -0.78737789
v 0.18463797 -0.60063129 -0.79648113
v 0.11815692 -0.7410795 -0.882043
v 0.11636281 -0.7419933 -0.78650623
v 0.06416063 -0.78455907 -0.88514763
v 0.06405299 -0.79038769 -0.78970086
v 0.07353209 -0.81239628 -0.70851892
v 0.07519898 -0.80383163 -0.9982776
v 0.08792274 -0.83193153 -1.11301374
v 0.09608972 -0.85347664 -1.2263515
v 0.10286526 -0.87440222 -1.33941078
v 0.10758622 -0.89655762 -1.45165419
v 0.11018336 -0.91804397 -1.56568467
v 0.11021909 -0.93638122 -1.68199157
v 0.11072025 -0.95309013 -1.80011344
v 0.11256384 -0.96351414 -1.91895556
v 0.11522788 -0.96882063 -2.03740286
v 0.11787704 -0.97281116 -2.15492892
v 0.11945253 -0.97429537 -2.27192688
v 0.12112345 -0.97658127 -2.38844251
v 0.12138019 -0.97791206 -2.50493454
v 0.1210293 -0.97839194 -2.62117648
v 0.1207211 -0.97693228 -2.7367444
v 0.11973223 -0.97442954 -2.85240531
v 0.11737097 -0.9729529 -2.96915149
v 0.11079686 -0.97092413 -3.08879637
v 0.1019358 -0.96151435 -3.21340251
v 0.09412344 -0.92824387 -3.3385365
v 0.08220236 -0.87065815 -3.45242738
v 0.07004448 -0.81388682 -3.55763864
v 0.14464826 -0.83019566 -3.44531369
v 0.12119118 -0.78079104 -3.55369734
v 0.18626499 -0.77209663 -3.43560195
v 0.16493399 -0.87557357 -3.33222341
v 0.21350866 -0.80605071 -3.32503223
v 0.18106447 -0.90068572 -3.21381378
v 0.23307704 -0.82425141 -3.21199297
v 0.19493784 -0.90960896 -3.09451437
v 0.24915149 -0.83208423 -3.09557604
v 0.2052855 -0.91249501 -2.97420764
v 0.26148805 -0.83446586 -2.97700476
v 0.21048399 -0.91289562 -2.85561919
v 0.26899725 -0.83418482 -2.85845875
v 0.21324239 -0.91292697 -2.73841762
v 0.27247434 -0.83320689 -2.74042868
v 0.21461868 -0.91350048 -2.62187695
v 0.27389463 -0.83232498 -2.62255334
v 0.21448175 -0.91305059 -2.50523519
v 0.27436322 -0.8315106 -2.50529193
v 0.21321433 -0.91125434 -2.38794326
v 0.27270954 -0.82941383 -2.38785314
v 0.21105076 -0.90908807 -2.27077388
v 0.27018255 -0.82619369 -2.27074408
v 0.2086344 -0.90656346 -2.15400004
v 0.26708447 -0.8220486 -2.15445232
v 0.20525257 -0.90268623 -2.03748416
v 0.26374435 -0.8170107 -2.03904485
v 0.20189446 -0.89755249 -1.92131936
v 0.25905937 -0.81079036 -1.92474758
v 0.19838632 -0.88887518 -1.80579173
v 0.25460696 -0.80329364 -1.81092941
v 0.1955038 -0.87633866 -1.68957364
v 0.25036555 -0.79353046 -1.69660675
v 0.19347858 -0.86093848 -1.5729525
v 0.2461881 -0.78100264 -1.58095264
v 0.18986274 -0.842745 -1.45622098
v 0.24078676 -0.76571732 -1.46402478
v 0.18113067 -0.82230389 -1.34138619
v 0.232169 -0.74919903 -1.34716725
v 0.16873854 -0.80235797 -1.22742891
v 0.21618679 -0.73291838 -1.23211884
v 0.15402172 -0.78272187 -1.11259532
v 0.19638131 -0.71722316 -1.11772608
v 0.13499464 -0.75882875 -0.99603587
v 0.08642268 0.26558587 -0.79256302
v 0.09974695 0.8595004 -0.60796481
v 0.09813856 0.98002392 -0.55744057
v 0.09525679 1.10193729 -0.52463549
v 0.09310123 1.23327171 -0.49542054
v 0.09120374 1.35867905 -0.44568637
v 0.09600912 1.4634062 -0.37852066
v 0.18189491 1.42200803 -0.35597422
v 0.18220281 1.32715797 -0.40580156
v 0.25721409 1.30280578 -0.34138092
v 0.24719919 1.39789545 -0.30394566
v 0.18252241 1.21543216 -0.44414144
v 0.26044687 1.19768106 -0.37134635
v 0.3161726 1.18144393 -0.28723192
v 0.30994698 1.28826963 -0.25636795
v 0.29209947 1.38658654 -0.23103304
v 0.29466715 1.49367833 -0.16357944
v 0.27791187 1.49047088 -0.22451774
v 0.23768253 1.50064587 -0.27623614
v 0.27351027 1.59635353 -0.22636565
v 0.23522061 1.60017514 -0.26163396
v 0.26505413 1.68874406 -0.22555664
v 0.23588419 1.69026935 -0.25237098
v 0.19055509 1.69633305 -0.25995418
v 0.25413569 1.75237691 -0.21711465
v 0.23647458 1.79557311 -0.20007178
v 0.27878183 1.6912595 -0.1909164
v 0.27447041 1.69577753 -0.15631613
v 0.28581932 1.59988343 -0.18243961
v 0.28290319 1.60925257 -0.14031481
v 0.2624914 1.62371921 -0.10289049
v 0.25604963 1.70114207 -0.12497062
v 0.28937813 1.50944387 -0.10583368
v 0.22106239 1.70945429 -0.10187089
v 0.21578894 1.76200473 -0.11949903
v 0.22729621 1.63821101 -0.07555821
v 0.18514992 1.76988863 -0.11522678
v 0.15615846 1.77372825 -0.12964099
v 0.14143128 1.77279627 -0.16149522
v 0.14367407 1.76899492 -0.19757702
v 0.220563 1.81646215 -0.18637155
v 0.34166187 1.04853916 -0.23648421
v 0.34076735 1.023198 -0.16366252
v 0.36089131 0.94574862 -0.26597774
v 0.36249908 0.92500418 -0.20569288
v 0.44564518 0.85492461 -0.23218621
v 0.44579964 0.81809485 -0.18170952
v 0.44194048 0.87476682 -0.28865194
v 0.55273515 0.83997398 -0.3012636
v 0.55563086 0.82186311 -0.24868957
v 0.54924523 0.84249556 -0.36003747
v 0.66719353 0.82858687 -0.3617168
v 0.6676439 0.82555472 -0.30684432
v 0.54671305 0.82912731 -0.42287775
v 0.66858947 0.81563305 -0.41846025
v 0.78774142 0.81006574 -0.40770691
v 0.78435814 0.82142967 -0.35642424
v 0.54690557 0.79150289 -0.48424634
v 0.67238318 0.78570908 -0.46837842
v 0.79208636 0.78308779 -0.45284152
v 0.90798872 0.77954596 -0.43635308
v 0.90323805 0.80331003 -0.39424529
v 0.67786711 0.7439683 -0.50275433
v 0.796525 0.74501586 -0.48494032
v 0.91175228 0.74453365 -0.46791473
v 1.02434623 0.74184799 -0.44697421
v 1.02050828 0.77450776 -0.41749423
v 0.80034405 0.69934982 -0.50069642
v 0.91429281 0.70104688 -0.48336812
v 1.02689051 0.70233738 -0.46334666
v 1.1393516 0.7043156 -0.44274997
v 1.13639712 0.74148356 -0.42675653
v 0.9158172 0.65636456 -0.48094084
v 1.02800655 0.66008603 -0.46280476
v 1.13988125 0.66454196 -0.44255206
v 1.25280714 0.66716408 -0.4248619
v 1.25257492 0.70564055 -0.4250991
v 1.02697575 0.62120556 -0.44430169
v 1.13877117 0.62864893 -0.42522218
v 1.24956405 0.63303226 -0.40613332
v 1.35202372 0.63287729 -0.38410523
v 1.35766279 0.66603577 -0.40119299
v 1.13567555 0.60124337 -0.39522016
v 1.24399757 0.60890346 -0.37516072
v 1.34362983 0.61003851 -0.35466641
v 1.4298284 0.61046189 -0.32844013
v 1.23737192 0.59828895 -0.33787462
v 1.33456194 0.59938639 -0.32076093
v 1.41791546 0.60309821 -0.29849147
v 1.47878086 0.61992937 -0.27002745
v 1.49278259 0.63033145 -0.29209679
v 1.32661223 0.60312342 -0.2850559
v 1.23097908 0.60006278 -0.29923972
v 1.2252078 0.6131438 -0.2628349
v 1.31985807 0.61713492 -0.25001713
v 1.22038638 0.63498902 -0.23096223
v 1.31510424 0.6380468 -0.21799553
v 1.21688318 0.66318672 -0.20492568
v 1.31307983 0.66481858 -0.19166043
v 1.39287674 0.6618036 -0.18357992
v 1.45745313 0.65828812 -0.18959027
v 1.31311714 0.69605195 -0.17457443
v 1.39602351 0.69105225 -0.16706214
v 1.3148719 0.73022311 -0.17317366
v 1.40049016 0.72425168 -0.1674433
v 1.31841194 0.76090568 -0.18855045
v 1.40548694 0.75138908 -0.18334259
v 1.32268416 0.7832461 -0.21615773
v 1.4114232 0.77292496 -0.20739008
v 1.47812259 0.74718827 -0.21680569
v 1.50691354 0.72306239 -0.23072777
v 1.51836538 0.70326077 -0.24210834
v 1.5151683 0.71479266 -0.26387652
v 1.49701583 0.73162537 -0.29134619
v 1.50220358 0.71396791 -0.30692324
v 1.51878488 0.69612371 -0.27589562
v 1.52265811 0.6814078 -0.25315982
v 1.51549029 0.65784293 -0.26792982
v 1.50689125 0.64387446 -0.24727965
v 1.51423502 0.66902184 -0.23166273
v 1.49606287 0.6614899 -0.2100844
v 1.43760776 0.75282257 -0.32998669
v 1.44316458 0.72942072 -0.35091051
v 1.34859609 0.76505374 -0.35939049
v 1.35476553 0.73731827 -0.38470029
v 1.35826551 0.70293742 -0.40002235
v 1.24942672 0.74222356 -0.40905669
v 1.24436247 0.77140361 -0.38167983
v 1.13196706 0.77129769 -0.39858287
v 1.23834252 0.79040533 -0.34605005
v 1.12698161 0.79252529 -0.36259725
v 1.01554477 0.79672777 -0.37892642
v 1.12186515 0.8032096 -0.32283756
v 1.01038277 0.80780428 -0.33593982
v 0.89849513 0.81527251 -0.34730586
v 1.00585174 0.80635988 -0.29282385
v 0.89502066 0.81263339 -0.30072397
v 0.78254401 0.81863546 -0.30584019
v 0.89260524 0.79787874 -0.25749829
v 0.78180974 0.8020029 -0.26036131
v 0.6690858 0.80772483 -0.25830084
v 0.78164303 0.77255976 -0.22510565
v 0.67056286 0.77674019 -0.22168207
v 0.55768424 0.78893154 -0.20760799
v 0.67187786 0.73458325 -0.20165841
v 0.55913251 0.74088358 -0.18477247
v 0.67284542 0.68769091 -0.2043285
v 0.56129437 0.68564462 -0.18742492
v 0.67479437 0.64167785 -0.22638431
v 0.56615793 0.63033437 -0.2164839
v 0.67901259 0.6014989 -0.26414415
v 0.57639551 0.58049154 -0.26105687
v 0.6855365 0.56924343 -0.31026873
v 0.5881626 0.54615771 -0.31535553
v 0.69247543 0.54957103 -0.36143559
v 0.5986123 0.52522528 -0.36937025
v 0.69696128 0.54731631 -0.41331437
v 0.60217219 0.52278465 -0.42273008
v 0.52423256 0.47790288 -0.42945298
v 0.59753602 0.54278618 -0.47058945
v 0.51267558 0.50041383 -0.47929057
v 0.44759345 0.44125038 -0.48667991
v 0.49367016 0.53964865 -0.52589267
v 0.42175546 0.47715902 -0.54742389
v 0.37250271 0.396328 -0.57265663
v 0.47002586 0.59597438 -0.56250333
v 0.57602304 0.6291722 -0.53648817
v 0.5643866 0.68604654 -0.54210156
v 0.44498994 0.66820329 -0.57503098
v 0.58818805 0.57959646 -0.51082056
v 0.6943283 0.59937417 -0.49581188
v 0.68961352 0.64498293 -0.51658505
v 0.69730514 0.56503939 -0.45996907
v 0.80395239 0.57749271 -0.44517907
v 0.80441045 0.61035126 -0.47853541
v 0.80103915 0.55910754 -0.40104883
v 0.90965324 0.56783729 -0.38673979
v 0.91326749 0.58475977 -0.42911058
v 0.79611671 0.5600602 -0.3506861
v 0.90449571 0.5685451 -0.3391194
v 1.01517009 0.5780518 -0.32609447
v 1.02013933 0.578363 -0.37052702
v 0.79032588 0.57820463 -0.30257862
v 0.89896774 0.58451563 -0.29375669
v 1.00949716 0.59400022 -0.28486892
v 1.1189922 0.60489881 -0.27465647
v 1.12456965 0.59156817 -0.31339326
v 0.89454609 0.61221307 -0.25585103
v 1.00466382 0.61904645 -0.25015956
v 1.11394918 0.62758249 -0.24163201
v 1.00119018 0.65091508 -0.22222858
v 1.11003208 0.65726858 -0.21529875
v 0.99907201 0.68891805 -0.2043012
v 1.10752415 0.69250255 -0.19767957
v 1.21482801 0.69649106 -0.18709604
v 1.10704648 0.73095107 -0.19543042
v 1.21469342 0.73251366 -0.18500231
v 1.10878729 0.76582467 -0.21235248
v 1.21701467 0.76508021 -0.20082031
v 1.11232972 0.79132115 -0.24321444
v 1.22113323 0.78828501 -0.2302884
v 1.11687338 0.80322086 -0.2819654
v 1.2264353 0.79995071 -0.26750552
v 1.32773137 0.79426342 -0.25164049
v 1.23230338 0.80007356 -0.30692553
v 1.33356583 0.79452341 -0.28884136
v 1.34085893 0.78461653 -0.32648593
v 1.00232231 0.79298502 -0.25301122
v 0.99978661 0.76747816 -0.22000005
v 0.89107352 0.76977181 -0.22347812
v 0.99862057 0.73009991 -0.20302802
v 0.89040631 0.73033028 -0.20573326
v 0.78176736 0.73229467 -0.20690117
v 0.89052474 0.68728458 -0.20817868
v 0.78212529 0.68781387 -0.20942358
v 0.89184325 0.64724952 -0.22676102
v 0.78314423 0.64532333 -0.22853788
v 0.78569251 0.60839688 -0.26087948
v 1.13016724 0.59014844 -0.35490053
v 1.0243051 0.59266108 -0.41193425
v 0.9155572 0.61597406 -0.46192893
v 0.80310028 0.65235275 -0.49786615
v 0.68403405 0.69468289 -0.51911968
v 0.55412006 0.74134707 -0.52462077
v 0.42727762 0.73813611 -0.55459266
v 0.16990891 0.24737937 -0.75527191
v 0.10514111 -0.26526111 -0.03184814
v 0.10844849 -0.36020425 -0.0270096
v 0.22749911 -0.33926037 -0.04243866
v 0.35605755 -0.40367662 -0.03320685
v 0.4700334 -0.5113703 -0.02908941
v 0.39754259 -0.51209592 0.01679702
v 0.47849562 -0.65032464 0.00420053
v 0.42103859 -0.65089589 0.04826831
v 0.34027814 -0.66397541 0.06708543
v 0.42818743 -0.7875002 0.07333655
v 0.36407825 -0.79896831 0.08996474
v 0.29434019 -0.831478 0.09913682
v 0.23752576 -0.70260548 0.07690765
v 0.23347181 -0.89065545 0.10136786
v 0.17738188 -0.77912616 0.07902283
v 0.19701615 -0.95953178 0.07555287
v 0.13820259 -0.86355418 0.05047456
v 0.0728661 -0.7829898 0.01698787
v 0.257678 -1.02760458 0.08539158
v 0.24807538 -1.08106088 0.01813823
v 0.32130548 -1.0670489 0.08405744
v 0.30988583 -1.10817301 0.01660438
v 0.3059242 -1.16062796 -0.06721928
v 0.25139382 -1.14034855 -0.07106694
v 0.3041304 -1.23337137 -0.15845024
v 0.26245352 -1.2239685 -0.16834424
v 0.29694533 -1.31696224 -0.23603864
v 0.26355278 -1.30979299 -0.24286727
v 0.23555241 -1.29965341 -0.25588998
v 0.25586211 -1.37920796 -0.29750591
v 0.2294175 -1.37162876 -0.31097334
v 0.21103745 -1.36198556 -0.33081936
v 0.21462351 -1.2872374 -0.27526953
v 0.20291569 -1.35073638 -0.354449
v 0.20540712 -1.27358579 -0.29967826
v 0.20854422 -1.33874082 -0.37840208
v 0.19445651 -1.42481052 -0.39469131
v 0.20105832 -1.41895556 -0.42542362
v 0.21627038 -1.41414332 -0.45315614
v 0.22619269 -1.32768571 -0.39960068
v 0.2365027 -1.40759825 -0.47216048
v 0.24692869 -1.32083833 -0.41253516
v 0.26077342 -1.40316009 -0.48418659
v 0.2746106 -1.31720054 -0.42296811
v 0.28743577 -1.40353059 -0.48698109
v 0.30562576 -1.31932246 -0.42658931
v 0.31189414 -1.41027796 -0.48026815
v 0.33408951 -1.32919085 -0.41973042
v 0.35728424 -1.24626278 -0.37453442
v 0.35431972 -1.34095096 -0.40769684
v 0.38258796 -1.25903987 -0.35484921
v 0.4126366 -1.15900123 -0.3151243
v 0.3993414 -1.27352237 -0.33260247
v 0.37037318 -1.35600197 -0.38809272
v 0.38084289 -1.36897039 -0.36770951
v 0.40704104 -1.28731226 -0.30951309
v 0.38131901 -1.38019204 -0.34404662
v 0.40480077 -1.30117821 -0.28585505
v 0.36813905 -1.38693785 -0.32153016
v 0.38938528 -1.312541 -0.26345714
v 0.42077216 -1.21866023 -0.19227452
v 0.44933483 -1.13155508 -0.1080789
v 0.36451551 -1.31965827 -0.24620735
v 0.38715693 -1.23084354 -0.17051568
v 0.40747308 -1.1566087 -0.0852606
v 0.41537559 -1.10859954 -0.00418234
v 0.45723977 -1.08041226 -0.02026522
v 0.34779712 -1.23643934 -0.15908679
v 0.3586215 -1.16627514 -0.07177077
v 0.36596521 -1.11707985 0.00831801
v 0.37342405 -1.07684624 0.07491492
v 0.33229774 -1.32061183 -0.23751668
v 0.34557125 -1.38986396 -0.30426141
v 0.31696265 -1.38879454 -0.29404208
v 0.28619229 -1.38494563 -0.29174235
v 0.30677852 -1.44186377 -0.3268679
v 0.27755871 -1.43866241 -0.32281839
v 0.24862793 -1.43463599 -0.32775998
v 0.27303549 -1.4834963 -0.32782402
v 0.24418841 -1.48020708 -0.32882452
v 0.21778383 -1.48119425 -0.34165284
v 0.22206343 -1.43212866 -0.34036621
v 0.19813489 -1.48478233 -0.36532113
v 0.20193746 -1.42906093 -0.36341416
v 0.19013313 -1.49109756 -0.40010383
v 0.18984265 -1.53378558 -0.33869504
v 0.17866952 -1.55472254 -0.36944332
v 0.18163916 -1.57542038 -0.3922145
v 0.19520525 -1.50000762 -0.43209636
v 0.19605 -1.59753036 -0.41174891
v 0.20743961 -1.51114332 -0.45843854
v 0.2197958 -1.614578 -0.42756906
v 0.22409583 -1.52046155 -0.48298981
v 0.24900092 -1.6247586 -0.44114103
v 0.25038591 -1.52833211 -0.49932131
v 0.28107667 -1.62679636 -0.44758355
v 0.27692166 -1.52952981 -0.50499749
v 0.31138688 -1.61863589 -0.44665318
v 0.30340355 -1.52600312 -0.49939939
v 0.33281382 -1.60612952 -0.44216981
v 0.32532686 -1.5166018 -0.47914993
v 0.33389356 -1.42131447 -0.46338716
v 0.34223315 -1.50784659 -0.45369416
v 0.34947297 -1.43017268 -0.44119235
v 0.35483104 -1.50235104 -0.42658793
v 0.36107906 -1.43930673 -0.41326955
v 0.36010682 -1.49901199 -0.39229723
v 0.36605116 -1.4453274 -0.38279166
v 0.34800589 -1.49466598 -0.36521899
v 0.3547405 -1.44663155 -0.35641726
v 0.32755857 -1.49013364 -0.34595009
v 0.33360546 -1.44460964 -0.3373982
v 0.30213728 -1.48687231 -0.33322119
v 0.33091917 -1.52635395 -0.3300102
v 0.30380091 -1.51936662 -0.3153229
v 0.27429959 -1.51389849 -0.30644038
v 0.31337499 -1.53556489 -0.28152409
v 0.28046047 -1.52896535 -0.27161839
v 0.24406106 -1.52856493 -0.26879075
v 0.2422598 -1.51355493 -0.30675584
v 0.20583705 -1.54045867 -0.27553343
v 0.21219073 -1.51995909 -0.31736156
v 0.17720373 -1.56487691 -0.28921338
v 0.21157822 -1.5453 -0.21917429
v 0.18345926 -1.57757568 -0.22354427
v 0.17180119 -1.61766374 -0.23207774
v 0.16484384 -1.59764814 -0.30577001
v 0.18114219 -1.65774488 -0.24350079
v 0.16926243 -1.63176345 -0.32177329
v 0.20787113 -1.68735599 -0.2572349
v 0.19037653 -1.66047239 -0.33765336
v 0.24071416 -1.70403826 -0.27069729
v 0.22281986 -1.68049025 -0.3527536
v 0.27513164 -1.71237421 -0.28253269
v 0.25748708 -1.68951368 -0.36362087
v 0.30950126 -1.71392428 -0.29228773
v 0.29371133 -1.68980824 -0.37083539
v 0.3449963 -1.70941484 -0.30023965
v 0.32854411 -1.68170583 -0.37425693
v 0.38037809 -1.69491756 -0.30678337
v 0.35938045 -1.66489672 -0.37718227
v 0.40646106 -1.66956436 -0.30937838
v 0.37999543 -1.6395061 -0.37522178
v 0.351783 -1.58427667 -0.42757117
v 0.38854873 -1.61231482 -0.36407101
v 0.3643493 -1.564911 -0.40763965
v 0.38345903 -1.58503747 -0.34223756
v 0.36520871 -1.54797375 -0.37709194
v 0.36636707 -1.56412088 -0.31856203
v 0.35204607 -1.53602445 -0.35071271
v 0.34214693 -1.54803562 -0.29759571
v 0.38400879 -1.57836341 -0.27448406
v 0.35794428 -1.5584768 -0.25637763
v 0.32714667 -1.54402709 -0.24052976
v 0.3725588 -1.5691713 -0.2077997
v 0.34220215 -1.55470919 -0.19379931
v 0.30899322 -1.5427972 -0.18136197
v 0.29230034 -1.53362476 -0.2290077
v 0.25248447 -1.53257262 -0.22250394
v 0.35398569 -1.58078813 -0.14545264
v 0.32251995 -1.57234799 -0.13319474
v 0.35068377 -1.62315189 -0.12075094
v 0.32140207 -1.61783015 -0.10775591
v 0.33761787 -1.66651296 -0.12604305
v 0.30967766 -1.6593573 -0.11427003
v 0.31669366 -1.69818043 -0.15894781
v 0.29004654 -1.69131755 -0.1481399
v 0.2633228 -1.70720911 -0.20388828
v 0.29434222 -1.71402847 -0.2153342
v 0.34344387 -1.70101273 -0.17140698
v 0.32473906 -1.71561694 -0.22588653
v 0.36320063 -1.67181086 -0.14004007
v 0.37833857 -1.63322711 -0.13690653
v 0.38234475 -1.59260213 -0.1600769
v 0.40577235 -1.60357165 -0.29241558
v 0.41617959 -1.6356635 -0.30525463
v 0.42897081 -0.89731723 0.09423935
v 0.47745555 -0.78786325 0.03191238
v 0.46849042 -0.90163749 0.05941266
v 0.50880295 -0.7970919 -0.03085892
v 0.49693599 -0.91769748 0.00365234
v 0.52519768 -0.8199265 -0.10960096
v 0.51309377 -0.65878814 -0.06521952
v 0.10468976 1.60057067 0.14461186
v 0.11703662 1.61806559 0.06382162
v 0.18036747 1.4218353 0.01736685
v 0.15762284 1.50773716 0.1236532
v 0.14953862 1.40779721 0.14683455
v 0.2569189 1.37707614 0.06578489
v 0.21556745 1.41786861 0.17115992
v 0.14223924 1.39023768 0.05711972
v 0.12019935 1.44423174 0.10625963
v 0.27431356 1.42188835 0.09025802
v 0.18660302 1.40415501 0.01890513
v 0.20490847 1.41622781 0.01820046
v 0.19000563 1.43689811 0.01933732
v 0.16897855 1.44900536 0.0253357
v 0.16433857 1.4249444 0.02346318
v 0.16682323 1.40208995 0.02539633
v 0.14717663 1.50697159 0.10426698
v 0.17402723 1.51422083 0.091338
v 0.17997898 1.51330566 0.12180566
v 0.17584815 1.49674391 0.14318828
v 0.15235237 1.49280703 0.13568867
v 0.13450086 1.4858886 0.11951898
v 0.1469907 1.42450249 0.15059366
v 0.16272978 1.42410469 0.16289046
v 0.16224025 1.40177214 0.15253229
v 0.14434912 1.40054571 0.13434426
v 0.13610698 1.41874122 0.13595834
v 0.15939939 1.38621735 0.136326
v 0.25775173 1.39609086 0.05151059
v 0.24242468 1.37884247 0.0409776
v 0.24701975 1.36171305 0.06554781
v 0.26821941 1.38708424 0.08475417
v 0.27110388 1.41225683 0.07165882
v 0.25854378 1.36881303 0.09608922
v 0.22144262 1.39574968 0.16064152
v 0.2005566 1.39190125 0.16316421
v 0.20062443 1.42093908 0.17332111
v 0.22797605 1.43134594 0.16540382
v 0.24205733 1.40626645 0.1535656
v 0.2081108 1.4451282 0.17149037
v 0.15500445 1.38449895 0.0468873
v 0.1494828 1.40457952 0.03871781
v 0.13586053 1.40510976 0.05503117
v 0.14338311 1.38241004 0.07282415
v 0.16077925 1.36807239 0.06532999
v 0.13207916 1.40055012 0.07615241
v 0.12078791 1.45665335 0.09017101
v 0.12574079 1.47441232 0.10353288
v 0.12327516 1.45132088 0.11881186
v 0.12620064 1.43151593 0.12154802
v 0.12286836 1.42871248 0.10484085
v 0.12168566 1.43702685 0.0810073
v 0.27210077 1.40863788 0.10559581
v 0.26963964 1.43483388 0.12055481
v 0.27282065 1.4442048 0.09394088
v 0.26479977 1.43997764 0.06670726
v 0.25105032 1.46806919 0.06917118
v 0.23805202 1.45405256 0.04367512
v 0.25140368 1.42562615 0.04455626
v 0.25938937 1.47254729 0.10054199
v 0.23507522 1.49369978 0.10744378
v 0.22947913 1.4912914 0.07442115
v 0.25449752 1.46287941 0.13045536
v 0.23057071 1.48207473 0.13731215
v 0.20355498 1.49355983 0.14159385
v 0.20944923 1.50874733 0.11448405
v 0.2428112 1.44707584 0.15139827
v 0.2203655 1.46586477 0.15891742
v 0.19495429 1.47428631 0.16266194
v 0.16932743 1.47594893 0.16146436
v 0.18625567 1.44993388 0.17173177
v 0.16468633 1.45024144 0.1657083
v 0.1449029 1.4466598 0.15374757
v 0.14578759 1.47200453 0.14898864
v 0.18214891 1.42299509 0.16896997
v 0.17900161 1.39499986 0.16032823
v 0.20131982 1.36986529 0.14261758
v 0.17839171 1.37538778 0.1408635
v 0.19659446 1.35310494 0.11705324
v 0.17423608 1.36326003 0.1174855
v 0.15405118 1.37741088 0.11800056
v 0.16748119 1.35942924 0.09094622
v 0.14681935 1.37499785 0.09448266
v 0.13325621 1.39418733 0.09747301
v 0.13758547 1.39473009 0.11808423
v 0.12671753 1.41250252 0.1009892
v 0.12997598 1.4132303 0.12026659
v 0.13098587 1.43891739 0.13675667
v 0.12926043 1.4634428 0.133855
v 0.12336713 1.41771721 0.07672969
v 0.13136252 1.42388057 0.05464947
v 0.13080778 1.44775164 0.057893
v 0.14585565 1.42683684 0.03605882
v 0.14704105 1.45319747 0.03802137
v 0.15434485 1.47886848 0.04772195
v 0.13191437 1.47300148 0.06668814
v 0.16486768 1.50153315 0.06458678
v 0.13821256 1.49404573 0.08246295
v 0.18002413 1.4734373 0.03506031
v 0.19248579 1.49387621 0.05407483
v 0.204077 1.50781083 0.08148525
v 0.21782828 1.47755348 0.04631494
v 0.20458954 1.45887708 0.0274484
v 0.22370953 1.43574655 0.02528837
v 0.21561899 1.3907895 0.02400742
v 0.23491579 1.40816223 0.0288514
v 0.22351966 1.36543071 0.04171311
v 0.23246498 1.34933543 0.07031034
v 0.19326932 1.37970542 0.02618504
v 0.20132319 1.35713422 0.0471967
v 0.21137638 1.34468698 0.07805795
v 0.2198313 1.34993839 0.11262621
v 0.24296595 1.354079 0.10503801
v 0.18080243 1.35950613 0.05694379
v 0.18900989 1.35043513 0.08560237
v 0.17259952 1.37800121 0.03516907
v 0.24690425 1.37765741 0.13435046
v 0.26372212 1.39174246 0.121559
v 0.224486 1.37041902 0.14003799
v 0.25841933 1.41988861 0.14036367
g Group25804
f 1 38 39 40
f 1 40 41 42
f 1 43 44 45
f 1 45 46 38
f 2 47 48 49
f 2 50 51 47
f 2 52 53 50
f 2 49 54 55
f 2 55 56 52
f 3 57 58 59
f 3 59 60 61
f 3 61 62 57
f 4 63 64 65
f 4 65 66 67
f 4 67 68 63
f 5 69 70 71
f 5 72 73 69
f 5 71 74 75
f 5 75 76 77
f 5 77 78 72
f 6 79 80 81
f 6 81 82 83
f 6 83 84 79
f 7 85 86 87
f 7 87 88 89
f 7 89 90 85
f 8 91 39 38
f 8 92 93 91
f 8 94 95 92
f 8 96 97 94
f 8 38 46 96
f 9 98 99 100
f 9 101 102 103
f 9 100 104 101
f 10 105 106 107
f 10 108 109 110
f 10 107 111 108
f 11 112 113 114
f 11 115 116 112
f 11 114 117 115
f 12 118 119 120
f 12 121 122 118
f 12 120 123 121
f 13 57 62 124
f 13 125 58 57
f 13 124 126 125
f 14 127 128 129
f 131 132 127 14
f 14 129 130 131
f 15 133 134 135
f 15 136 137 138
f 15 135 139 140
f 15 140 141 136
f 16 142 143 144
f 16 145 146 142
f 16 144 147 145
f 17 148 149 150
f 17 150 151 152
f 17 152 153 148
f 18 154 155 156
f 18 157 158 159
f 18 156 131 130
f 18 130 160 157
f 19 161 162 163
f 19 163 164 165
f 19 165 166 161
f 20 167 168 169
f 20 169 170 171
f 20 171 172 167
f 21 173 174 175
f 21 176 177 173
f 21 175 178 176
f 22 179 180 181
f 22 182 183 179
f 22 181 184 182
f 23 185 186 187
f 23 187 188 189
f 23 189 190 191
f 24 192 193 194
f 24 195 196 192
f 24 197 198 199
f 24 194 200 197
f 25 201 202 203
f 25 203 204 205
f 25 205 206 201
f 26 207 208 27
f 26 37 209 207
f 26 27 210 37
f 27 211 212 213
f 27 213 214 210
f 27 208 215 211
f 28 216 217 218
f 28 219 220 216
f 28 218 221 222
f 28 222 223 224
f 28 224 225 219
f 29 226 227 228
f 29 229 230 231
f 29 228 51 232
f 29 232 233 229
f 30 234 235 236
f 30 237 238 234
f 30 236 239 237
f 31 240 241 242
f 31 242 243 244
f 31 244 245 240
f 32 246 247 248
f 32 249 250 246
f 32 248 251 249
f 33 212 252 253
f 33 254 255 256
f 33 253 257 254
f 33 258 213 212
f 33 256 259 258
f 34 260 46 45
f 34 261 262 260
f 34 45 44 261
f 35 263 264 265
f 35 266 267 263
f 35 265 268 269
f 35 269 270 271
f 35 271 272 266
f 36 273 274 275
f 36 275 276 277
f 36 278 279 273
f 36 277 280 230
f 36 230 229 278
f 37 281 282 209
f 37 283 284 281
f 37 210 285 283
f 285 286 287 288
f 285 288 289 283
f 285 210 214 286
f 289 288 290 291
f 289 291 191 190
f 289 190 284 283
f 291 290 292 293
f 291 293 294 191
f 294 295 23 191
f 295 296 185 23
f 296 297 298 185
f 298 297 299 225
f 298 225 224 300
f 298 300 186 185
f 300 224 223 301
f 300 301 302 186
f 302 301 303 304
f 302 304 305 306
f 302 306 187 186
f 306 305 307 308
f 306 308 188 187
f 308 307 309 310
f 308 310 311 188
f 311 312 189 188
f 311 310 313 314
f 311 314 315 312
f 315 281 284 312
f 315 314 316 317
f 315 317 282 281
f 317 316 192 196
f 317 196 318 282
f 318 319 209 282
f 318 196 195 320
f 318 320 321 319
f 321 322 323 319
f 321 320 324 325
f 321 325 326 322
f 326 327 328 322
f 326 325 329 330
f 326 330 331 327
f 331 332 333 327
f 331 330 334 335
f 331 335 336 332
f 336 337 338 332
f 336 335 339 340
f 336 340 341 337
f 341 342 343 337
f 341 340 344 345
f 341 345 346 342
f 346 347 348 342
f 346 345 349 350
f 346 350 351 347
f 351 352 353 347
f 351 350 354 355
f 351 355 356 352
f 356 357 358 352
f 358 359 155 360
f 358 360 353 352
f 358 357 361 359
f 361 362 363 359
f 363 364 131 156
f 363 156 155 359
f 363 362 365 364
f 365 366 367 364
f 367 366 99 98
f 367 98 368 132
f 367 132 131 364
f 368 98 9 369
f 368 369 370 371
f 368 371 127 132
f 371 370 277 276
f 371 276 128 127
f 370 369 372 373
f 370 373 280 277
f 373 372 95 374
f 373 374 375 280
f 375 374 376 377
f 375 377 378 231
f 375 231 230 280
f 378 377 379 380
f 378 380 381 226
f 378 226 29 231
f 381 380 382 383
f 381 383 150 149
f 381 149 227 226
f 383 382 384 385
f 383 385 151 150
f 384 382 386 387
f 387 386 388 389
f 389 388 390 391
f 391 390 392 393
f 393 392 260 262
f 392 390 97 96
f 392 96 46 260
f 390 388 394 97
f 394 388 386 379
f 394 379 377 376
f 394 376 94 97
f 386 382 380 379
f 376 374 95 94
f 372 103 92 95
f 372 369 9 103
f 360 155 154 395
f 360 395 396 353
f 396 395 397 398
f 396 398 399 348
f 396 348 347 353
f 399 398 400 401
f 399 401 402 343
f 399 343 342 348
f 402 401 403 404
f 402 404 405 338
f 402 338 337 343
f 405 404 406 407
f 405 407 408 333
f 405 333 332 338
f 408 407 409 410
f 408 410 411 328
f 408 328 327 333
f 411 410 215 208
f 411 208 207 323
f 411 323 322 328
f 410 409 412 215
f 412 413 414 415
f 412 415 211 215
f 412 409 416 413
f 416 417 418 413
f 416 409 407 406
f 416 406 419 417
f 419 420 421 417
f 419 406 404 403
f 419 403 422 420
f 422 423 424 420
f 422 403 401 400
f 422 400 425 423
f 425 426 427 423
f 425 400 398 397
f 425 397 428 426
f 428 159 429 426
f 428 397 395 154
f 428 154 18 159
f 429 430 431 432
f 429 432 427 426
f 429 159 158 430
f 432 431 433 434
f 432 434 435 427
f 435 434 436 437
f 435 437 438 424
f 435 424 423 427
f 438 437 439 440
f 438 440 441 421
f 438 421 420 424
f 441 440 442 443
f 441 443 444 418
f 441 418 417 421
f 444 443 445 446
f 444 446 447 414
f 444 414 413 418
f 447 446 448 449
f 447 449 253 252
f 447 252 415 414
f 449 448 450 451
f 449 451 257 253
f 451 450 452 453
f 451 453 454 257
f 454 455 254 257
f 455 456 255 254
f 456 457 458 255
f 458 459 460 461
f 458 461 256 255
f 458 457 462 459
f 462 463 464 459
f 464 465 466 467
f 464 467 460 459
f 464 463 468 465
f 468 469 470 465
f 470 471 472 473
f 470 473 466 465
f 470 469 474 471
f 474 475 476 471
f 476 477 478 479
f 476 479 472 471
f 476 475 480 477
f 480 481 482 477
f 482 483 484 485
f 482 485 478 477
f 482 481 486 483
f 486 487 488 483
f 488 489 490 491
f 488 491 484 483
f 488 487 492 489
f 492 493 494 489
f 494 495 496 497
f 494 497 490 489
f 494 493 498 495
f 498 499 500 495
f 500 501 502 503
f 500 503 496 495
f 500 499 504 501
f 504 505 506 501
f 506 507 508 509
f 506 509 502 501
f 506 505 510 507
f 510 511 512 507
f 512 513 514 515
f 512 515 508 507
f 512 511 516 513
f 516 517 518 513
f 518 519 520 521
f 518 521 514 513
f 518 517 522 519
f 522 523 524 519
f 524 84 83 525
f 524 525 520 519
f 524 523 526 84
f 526 527 79 84
f 527 528 80 79
f 528 529 530 80
f 530 529 531 88
f 530 88 87 532
f 530 532 81 80
f 532 87 86 533
f 532 533 82 81
f 533 86 534 535
f 533 535 536 82
f 536 535 537 538
f 536 538 520 525
f 536 525 83 82
f 538 537 539 540
f 538 540 521 520
f 540 539 541 542
f 540 542 514 521
f 542 541 543 544
f 542 544 515 514
f 544 543 545 546
f 544 546 508 515
f 546 545 547 548
f 546 548 509 508
f 548 547 549 550
f 548 550 502 509
f 550 549 551 552
f 550 552 503 502
f 552 551 553 554
f 552 554 496 503
f 554 553 555 556
f 554 556 497 496
f 556 555 557 558
f 556 558 490 497
f 558 557 559 560
f 558 560 491 490
f 560 559 561 562
f 560 562 484 491
f 562 561 563 564
f 562 564 485 484
f 564 563 565 566
f 564 566 478 485
f 566 565 567 568
f 566 568 479 478
f 568 567 569 570
f 568 570 472 479
f 570 569 571 572
f 570 572 473 472
f 572 571 573 574
f 572 574 466 473
f 574 573 575 576
f 574 576 467 466
f 576 575 577 578
f 576 578 460 467
f 578 577 579 580
f 578 580 461 460
f 580 579 581 259
f 580 259 256 461
f 581 579 582 583
f 581 583 584 585
f 581 585 258 259
f 585 584 286 214
f 585 214 213 258
f 584 583 586 587
f 584 587 287 286
f 587 586 588 589
f 587 589 590 287
f 590 589 591 592
f 590 592 292 290
f 590 290 288 287
f 591 589 588 593
f 593 588 594 595
f 595 594 596 597
f 597 596 598 599
f 599 598 600 601
f 601 600 602 603
f 603 602 604 605
f 605 604 606 607
f 607 606 608 609
f 609 608 610 611
f 611 610 612 613
f 613 612 614 615
f 615 614 616 617
f 617 616 618 619
f 619 618 620 621
f 621 620 622 623
f 623 622 624 625
f 625 624 626 627
f 627 626 628 629
f 629 628 630 631
f 631 630 632 633
f 633 632 634 635
f 635 634 636 637
f 637 636 638 639
f 639 638 90 640
f 640 90 89 641
f 641 89 88 531
f 638 636 642 643
f 638 643 85 90
f 643 642 644 534
f 643 534 86 85
f 644 642 645 646
f 644 646 539 537
f 644 537 535 534
f 646 645 647 648
f 646 648 541 539
f 648 647 649 650
f 648 650 543 541
f 650 649 651 652
f 650 652 545 543
f 652 651 653 654
f 652 654 547 545
f 654 653 655 656
f 654 656 549 547
f 656 655 657 658
f 656 658 551 549
f 658 657 659 660
f 658 660 553 551
f 660 659 661 662
f 660 662 555 553
f 662 661 663 664
f 662 664 557 555
f 664 663 665 666
f 664 666 559 557
f 666 665 667 668
f 666 668 561 559
f 668 667 669 670
f 668 670 563 561
f 670 669 671 672
f 670 672 565 563
f 672 671 673 674
f 672 674 567 565
f 674 673 675 676
f 674 676 569 567
f 676 675 677 678
f 676 678 571 569
f 678 677 679 680
f 678 680 573 571
f 680 679 681 682
f 680 682 575 573
f 682 681 683 684
f 682 684 577 575
f 684 683 685 582
f 684 582 579 577
f 685 683 596 594
f 685 594 588 586
f 685 586 583 582
f 683 681 598 596
f 681 679 600 598
f 679 677 602 600
f 677 675 604 602
f 675 673 606 604
f 673 671 608 606
f 671 669 610 608
f 669 667 612 610
f 667 665 614 612
f 665 663 616 614
f 663 661 618 616
f 661 659 620 618
f 659 657 622 620
f 657 655 624 622
f 655 653 626 624
f 653 651 628 626
f 651 649 630 628
f 649 647 632 630
f 647 645 634 632
f 645 642 636 634
f 452 450 686 687
f 687 686 270 688
f 688 270 269 689
f 689 269 268 690
f 690 268 691 692
f 692 691 693 694
f 694 693 695 696
f 696 695 697 698
f 698 697 699 700
f 700 699 701 702
f 702 701 136 141
f 701 703 137 136
f 701 699 704 703
f 704 705 706 703
f 704 699 697 707
f 704 707 708 705
f 708 709 710 705
f 708 707 70 69
f 708 69 73 709
f 710 273 279 711
f 710 711 706 705
f 710 709 274 273
f 711 279 712 713
f 711 713 714 706
f 714 713 715 716
f 714 716 138 137
f 714 137 703 706
f 716 715 717 718
f 716 718 719 138
f 719 718 245 244
f 719 244 243 133
f 719 133 15 138
f 718 717 720 245
f 720 251 248 721
f 720 721 240 245
f 720 717 722 251
f 722 723 249 251
f 722 717 715 724
f 722 724 725 723
f 725 726 727 723
f 725 724 712 728
f 725 728 233 726
f 728 712 279 278
f 728 278 229 233
f 727 729 730 250
f 727 250 249 723
f 727 726 731 729
f 731 50 53 729
f 731 726 233 232
f 731 232 51 50
f 730 732 61 60
f 730 60 246 250
f 730 729 53 732
f 732 733 62 61
f 732 53 52 733
f 733 734 124 62
f 733 52 56 734
f 734 735 126 124
f 734 56 134 735
f 735 243 242 126
f 735 134 133 243
f 724 715 713 712
f 721 248 247 736
f 721 736 241 240
f 736 247 59 58
f 736 58 125 241
f 709 73 737 274
f 737 738 275 274
f 737 73 72 739
f 737 739 740 738
f 740 741 742 129
f 740 129 128 738
f 740 739 743 741
f 743 744 745 741
f 743 739 72 78
f 743 78 746 744
f 746 747 748 744
f 746 78 77 749
f 746 749 750 747
f 750 751 752 747
f 750 749 753 754
f 750 754 755 751
f 755 756 757 751
f 755 754 758 759
f 755 759 760 756
f 760 761 762 756
f 760 759 763 764
f 760 764 765 761
f 765 766 767 761
f 765 764 768 769
f 765 769 770 766
f 770 771 772 766
f 770 769 773 774
f 770 774 775 771
f 775 776 777 771
f 775 774 778 779
f 775 779 780 776
f 780 781 143 776
f 780 779 782 783
f 780 783 784 781
f 784 785 786 781
f 784 783 787 64
f 784 64 63 785
f 787 783 782 788
f 787 788 789 790
f 787 790 65 64
f 790 789 791 792
f 790 792 66 65
f 792 791 793 794
f 792 794 795 66
f 795 796 67 66
f 795 794 797 798
f 795 798 162 796
f 798 797 799 800
f 798 800 163 162
f 800 799 801 802
f 800 802 164 163
f 802 801 803 804
f 802 804 805 164
f 805 806 165 164
f 805 804 168 167
f 805 167 172 806
f 806 807 166 165
f 806 172 808 807
f 808 172 171 809
f 808 809 810 811
f 808 811 812 807
f 812 811 147 813
f 812 813 814 815
f 812 815 166 807
f 815 814 68 816
f 815 816 161 166
f 816 68 67 796
f 816 796 162 161
f 814 813 786 785
f 814 785 63 68
f 813 147 144 786
f 811 810 145 147
f 810 809 817 818
f 810 818 146 145
f 818 817 819 820
f 818 820 821 146
f 821 820 822 772
f 821 772 771 777
f 821 777 142 146
f 822 820 819 823
f 822 823 824 767
f 822 767 766 772
f 824 823 825 826
f 824 826 827 762
f 824 762 761 767
f 827 826 828 829
f 827 829 830 757
f 827 757 756 762
f 830 829 831 832
f 830 832 833 752
f 830 752 751 757
f 833 832 834 835
f 833 835 836 748
f 833 748 747 752
f 836 835 837 838
f 836 838 839 745
f 836 745 744 748
f 839 838 840 841
f 839 841 160 742
f 839 742 741 745
f 841 840 842 843
f 841 843 157 160
f 843 842 844 845
f 843 845 158 157
f 845 844 846 847
f 845 847 430 158
f 847 846 848 849
f 847 849 431 430
f 849 848 850 851
f 849 851 433 431
f 851 850 852 853
f 851 853 854 433
f 854 853 855 856
f 854 856 857 436
f 854 436 434 433
f 857 856 858 859
f 857 859 860 439
f 857 439 437 436
f 860 859 267 266
f 860 266 272 442
f 860 442 440 439
f 859 858 861 267
f 861 862 863 864
f 861 864 263 267
f 861 858 865 862
f 865 866 867 862
f 865 858 856 855
f 865 855 868 866
f 868 869 870 866
f 868 855 853 852
f 868 852 871 869
f 871 872 873 869
f 871 852 850 874
f 871 874 875 872
f 875 876 877 872
f 875 874 878 879
f 875 879 880 876
f 880 881 882 876
f 880 879 883 884
f 880 884 885 881
f 885 791 789 881
f 885 884 886 887
f 885 887 793 791
f 887 886 888 889
f 887 889 890 793
f 890 797 794 793
f 890 889 891 892
f 890 892 799 797
f 892 891 893 894
f 892 894 801 799
f 894 893 895 896
f 894 896 803 801
f 896 895 897 898
f 896 898 899 803
f 899 168 804 803
f 899 898 900 901
f 899 901 169 168
f 901 900 825 902
f 901 902 170 169
f 902 825 823 819
f 902 819 817 170
f 900 898 897 828
f 900 828 826 825
f 897 895 903 831
f 897 831 829 828
f 903 895 893 904
f 903 904 905 834
f 903 834 832 831
f 905 904 906 907
f 905 907 908 837
f 905 837 835 834
f 908 907 909 910
f 908 910 842 840
f 908 840 838 837
f 910 909 911 912
f 910 912 844 842
f 912 911 883 913
f 912 913 846 844
f 913 883 879 878
f 913 878 848 846
f 911 886 884 883
f 911 909 888 886
f 909 907 906 888
f 906 891 889 888
f 906 904 893 891
f 882 788 782 914
f 882 914 877 876
f 882 881 789 788
f 914 782 779 778
f 914 778 915 877
f 915 778 774 773
f 915 773 916 873
f 915 873 872 877
f 916 773 769 768
f 916 768 917 870
f 916 870 869 873
f 917 768 764 763
f 917 763 918 867
f 917 867 866 870
f 918 763 759 758
f 918 758 919 863
f 918 863 862 867
f 919 758 754 753
f 919 753 76 920
f 919 920 864 863
f 920 76 75 264
f 920 264 263 864
f 878 874 850 848
f 817 809 171 170
f 786 144 143 781
f 777 776 143 142
f 753 749 77 76
f 742 160 130 129
f 738 128 276 275
f 707 697 695 70
f 695 693 71 70
f 693 691 74 71
f 691 268 265 74
f 686 450 448 921
f 686 921 271 270
f 921 448 446 445
f 921 445 272 271
f 445 443 442 272
f 415 252 212 211
f 354 350 349 922
f 922 349 923 924
f 924 923 925 926
f 926 925 108 111
f 925 923 344 927
f 925 927 109 108
f 927 344 340 339
f 927 339 928 109
f 928 339 335 334
f 928 334 929 930
f 928 930 110 109
f 930 929 931 932
f 930 932 933 110
f 933 932 934 935
f 933 935 936 937
f 933 937 10 110
f 937 936 938 939
f 937 939 105 10
f 939 938 940 941
f 939 941 942 105
f 942 943 106 105
f 942 941 216 220
f 942 220 944 943
f 944 220 219 945
f 945 219 225 299
f 941 940 217 216
f 940 938 178 946
f 940 946 947 217
f 947 946 948 949
f 947 949 950 951
f 947 951 218 217
f 951 950 952 953
f 951 953 221 218
f 953 952 954 955
f 953 955 956 221
f 956 955 957 958
f 956 958 959 960
f 956 960 222 221
f 960 959 961 962
f 960 962 223 222
f 962 961 963 303
f 962 303 301 223
f 963 961 964 965
f 963 965 966 967
f 963 967 304 303
f 967 966 968 969
f 967 969 305 304
f 969 968 970 971
f 969 971 307 305
f 971 970 972 973
f 971 973 309 307
f 973 972 974 975
f 973 975 976 309
f 976 313 310 309
f 976 975 977 978
f 976 978 979 313
f 979 316 314 313
f 979 978 980 193
f 979 193 192 316
f 980 978 977 981
f 980 981 982 983
f 980 983 194 193
f 983 982 984 985
f 983 985 200 194
f 985 984 986 987
f 985 987 988 200
f 988 989 197 200
f 988 987 990 991
f 988 991 992 989
f 992 993 994 989
f 992 991 995 996
f 992 996 997 993
f 997 998 184 993
f 997 996 950 949
f 997 949 948 998
f 998 174 182 184
f 998 948 175 174
f 996 995 952 950
f 995 991 990 999
f 995 999 954 952
f 999 990 1000 1001
f 999 1001 1002 954
f 1002 1001 1003 1004
f 1002 1004 1005 957
f 1002 957 955 954
f 1005 1004 1006 1007
f 1005 1007 1008 1009
f 1005 1009 958 957
f 1009 1008 1010 1011
f 1009 1011 959 958
f 1011 1010 1012 964
f 1011 964 961 959
f 1012 1010 1013 1014
f 1012 1014 1015 1016
f 1012 1016 965 964
f 1016 1015 1017 1018
f 1016 1018 966 965
f 1018 1017 1019 1020
f 1018 1020 968 966
f 1020 1019 1021 1022
f 1020 1022 970 968
f 1022 1021 1023 1024
f 1022 1024 972 970
f 1024 1023 1025 1026
f 1024 1026 974 972
f 1026 1025 1027 1028
f 1026 1028 1029 974
f 1029 977 975 974
f 1029 1028 1030 1031
f 1029 1031 981 977
f 1031 1030 1032 1033
f 1031 1033 982 981
f 1033 1032 1034 1035
f 1033 1035 984 982
f 1035 1034 1036 1037
f 1035 1037 986 984
f 1037 1036 1038 1039
f 1037 1039 1000 986
f 1039 1038 1040 1003
f 1039 1003 1001 1000
f 1040 1038 1041 1042
f 1040 1042 1043 1006
f 1040 1006 1004 1003
f 1043 1042 1044 1045
f 1043 1045 1046 1047
f 1043 1047 1007 1006
f 1047 1046 1048 1049
f 1047 1049 1008 1007
f 1049 1048 1050 1013
f 1049 1013 1010 1008
f 1050 1048 1051 1052
f 1050 1052 1053 1054
f 1050 1054 1014 1013
f 1054 1053 1055 1056
f 1054 1056 1015 1014
f 1056 1055 1057 1058
f 1056 1058 1017 1015
f 1058 1057 1059 1060
f 1058 1060 1019 1017
f 1060 1059 1061 1062
f 1060 1062 1021 1019
f 1062 1061 1063 1064
f 1062 1064 1023 1021
f 1064 1063 1065 1066
f 1064 1066 1025 1023
f 1066 1065 1067 1068
f 1066 1068 1027 1025
f 1068 1067 1069 1070
f 1068 1070 1071 1027
f 1071 1030 1028 1027
f 1071 1070 1072 1073
f 1071 1073 1032 1030
f 1073 1072 1074 1075
f 1073 1075 1034 1032
f 1075 1074 1076 1077
f 1075 1077 1036 1034
f 1077 1076 1078 1041
f 1077 1041 1038 1036
f 1078 1076 1079 1080
f 1078 1080 1081 1044
f 1078 1044 1042 1041
f 1081 1080 1082 1083
f 1081 1083 1084 1085
f 1081 1085 1045 1044
f 1085 1084 116 1086
f 1085 1086 1046 1045
f 1086 116 115 1051
f 1086 1051 1048 1046
f 1084 1083 1087 1088
f 1084 1088 112 116
f 1088 1087 1089 1090
f 1088 1090 113 112
f 1090 1089 1091 1092
f 1090 1092 202 113
f 1092 1091 1093 1094
f 1092 1094 203 202
f 1094 1095 204 203
f 1094 1093 1096 1095
f 1096 1061 1059 1095
f 1096 1093 1097 1098
f 1096 1098 1063 1061
f 1098 1097 121 123
f 1098 123 1065 1063
f 1097 1093 1091 1099
f 1097 1099 122 121
f 1099 1100 238 122
f 1099 1091 1089 1100
f 1100 1101 234 238
f 1100 1089 1087 1101
f 1101 1082 235 234
f 1101 1087 1083 1082
f 1095 1059 1057 204
f 1082 1080 1079 235
f 1079 1076 1074 1102
f 1079 1102 236 235
f 1102 1074 1072 1103
f 1102 1103 239 236
f 1103 1072 1070 1069
f 1103 1069 119 239
f 1069 1067 120 119
f 1067 1065 123 120
f 1057 1055 205 204
f 1055 1053 206 205
f 1053 1052 117 206
f 1052 1051 115 117
f 1000 990 987 986
f 994 181 180 198
f 994 198 197 989
f 994 993 184 181
f 948 946 178 175
f 938 936 176 178
f 936 935 177 176
f 935 934 1104 177
f 1104 934 1105 1106
f 1104 1106 179 183
f 1104 183 173 177
f 1106 1105 1107 1108
f 1106 1108 180 179
f 1108 1107 1109 199
f 1108 199 198 180
f 1109 324 320 195
f 1109 195 24 199
f 1109 1107 1110 324
f 1110 329 325 324
f 1110 1107 1105 931
f 1110 931 929 329
f 1105 934 932 931
f 929 334 330 329
f 923 349 345 344
f 323 207 209 319
f 312 284 190 189
f 265 264 75 74
f 247 246 60 59
f 242 241 125 126
f 239 119 118 237
f 238 237 118 122
f 228 227 1111 1112
f 228 1112 47 51
f 1112 1111 1113 1114
f 1112 1114 48 47
f 1113 1111 148 153
f 1111 227 149 148
f 206 117 114 201
f 202 201 114 113
f 183 182 174 173
f 139 135 55 54
f 135 134 56 55
f 104 1330 1115 101
f 1115 1116 102 101
f 1116 1117 93 102
f 1117 1118 91 93
f 1118 1119 39 91
f 1119 1120 40 39
f 1120 1278 41 40
f 103 102 93 92
f 43 1 42 1239
f 1121 1129 1130 1131
f 1121 1131 1132 1133
f 1121 1133 1134 1129
f 1122 1135 1136 1137
f 1122 1137 1138 1139
f 1122 1139 1140 1135
f 1123 1141 1142 1143
f 1123 1144 1145 1141
f 1123 1143 1146 1144
f 1124 1147 1148 1149
f 1124 1150 1151 1147
f 1124 1149 1152 1150
f 1125 1153 1154 1155
f 1125 1156 1157 1153
f 1125 1155 1158 1156
f 1126 1159 1160 1161
f 1126 1162 1163 1159
f 1126 1161 1164 1162
f 1127 1165 1166 1167
f 1127 1167 1168 1169
f 1127 1169 1170 1165
f 1128 1171 1172 1173
f 1128 1151 1150 1171
f 1128 1173 1174 1151
f 1174 1175 1176 1177
f 1174 1177 1147 1151
f 1174 1173 1178 1175
f 1178 1179 1180 1175
f 1178 1173 1172 1181
f 1178 1181 1182 1179
f 1182 1183 1184 1179
f 1182 1181 1185 1186
f 1182 1186 1187 1183
f 1187 1188 1138 1183
f 1187 1186 1158 1189
f 1187 1189 1190 1188
f 1190 1191 1192 1188
f 1190 1189 1193 1142
f 1190 1142 1141 1191
f 1193 1189 1158 1155
f 1193 1155 1154 1194
f 1193 1194 1143 1142
f 1194 1154 1195 1196
f 1194 1196 1146 1143
f 1196 1195 1197 1198
f 1196 1198 1199 1146
f 1199 1198 1200 1201
f 1199 1201 1202 1203
f 1199 1203 1144 1146
f 1203 1202 1204 1205
f 1203 1205 1145 1144
f 1205 1204 1169 1168
f 1205 1168 1206 1145
f 1206 1168 1167 1207
f 1206 1207 1192 1191
f 1206 1191 1141 1145
f 1207 1167 1166 1140
f 1207 1140 1139 1192
f 1204 1202 1164 1208
f 1204 1208 1170 1169
f 1208 1164 1161 1209
f 1208 1209 1210 1170
f 1210 1209 1211 1212
f 1210 1212 1213 1214
f 1210 1214 1165 1170
f 1214 1213 1215 1216
f 1214 1216 1166 1165
f 1216 1215 1136 1135
f 1216 1135 1140 1166
f 1215 1213 1217 1218
f 1215 1218 1219 1136
f 1219 1218 1220 1180
f 1219 1180 1179 1184
f 1219 1184 1137 1136
f 1220 1218 1217 1221
f 1220 1221 1222 1176
f 1220 1176 1175 1180
f 1222 1221 1131 1130
f 1222 1130 1223 1224
f 1222 1224 1177 1176
f 1224 1223 1225 1148
f 1224 1148 1147 1177
f 1225 1226 1149 1148
f 1225 1223 1227 1228
f 1225 1228 1229 1226
f 1229 1230 1231 1226
f 1229 1228 1232 1233
f 1229 1233 1197 1230
f 1233 1232 1163 1200
f 1233 1200 1198 1197
f 1232 1228 1227 1234
f 1232 1234 1159 1163
f 1234 1227 1129 1134
f 1234 1134 1160 1159
f 1231 1235 1236 1152
f 1231 1152 1149 1226
f 1231 1230 1237 1235
f 1237 1153 1157 1235
f 1237 1230 1197 1195
f 1237 1195 1154 1153
f 1236 1238 1172 1171
f 1236 1171 1150 1152
f 1236 1235 1157 1238
f 1238 1185 1181 1172
f 1238 1157 1156 1185
f 1227 1223 1130 1129
f 1221 1217 1132 1131
f 1217 1213 1212 1132
f 1212 1211 1133 1132
f 1211 1209 1161 1160
f 1211 1160 1134 1133
f 1202 1201 1162 1164
f 1201 1200 1163 1162
f 1192 1139 1138 1188
f 1186 1185 1156 1158
f 1184 1183 1138 1137
f 1239 1278 1277 1276
f 1239 42 41 1278
f 1239 1279 44 43
f 1239 1276 1280 1279
f 1240 49 48 1281
f 1240 1281 1283 1282
f 1240 1282 1285 1284
f 1240 1286 54 49
f 1240 1284 1287 1286
f 1241 1290 1289 1288
f 1241 1292 1291 1290
f 1241 1288 1293 1292
f 1242 1296 1295 1294
f 1242 1298 1297 1296
f 1242 1294 1299 1298
f 1243 1302 1301 1300
f 1243 1300 1304 1303
f 1243 1306 1305 1302
f 1243 1308 1307 1306
f 1243 1303 1309 1308
f 1244 1312 1311 1310
f 1244 1314 1313 1312
f 1244 1310 1315 1314
f 1245 1318 1317 1316
f 1245 1320 1319 1318
f 1245 1316 1321 1320
f 1246 1276 1277 1322
f 1246 1322 1324 1323
f 1246 1323 1326 1325
f 1246 1325 1328 1327
f 1246 1327 1280 1276
f 1247 100 99 1329
f 1247 1332 1331 1330
f 1247 1330 104 100
f 1248 107 106 1333
f 1248 1336 1335 1334
f 1248 1334 111 107
f 1249 1339 1338 1337
f 1249 1337 1341 1340
f 1249 1340 1342 1339
f 1250 1345 1344 1343
f 1250 1343 1347 1346
f 1250 1346 1348 1345
f 1251 1349 1293 1288
f 1251 1288 1289 1350
f 1251 1350 1351 1349
f 1252 1354 1353 1352
f 1356 1252 1352 1357
f 1252 1356 1355 1354
f 1253 1360 1359 1358
f 1253 1363 1362 1361
f 1253 140 139 1360
f 1253 1361 141 140
f 1254 1366 1365 1364
f 1254 1364 1368 1367
f 1254 1367 1369 1366
f 1255 1372 1371 1370
f 1255 152 151 1372
f 1255 1370 153 152
f 1256 1375 1374 1373
f 1256 1378 1377 1376
f 1256 1355 1356 1375
f 1256 1376 1379 1355
f 1257 1382 1381 1380
f 1257 1384 1383 1382
f 1257 1380 1385 1384
f 1258 1388 1387 1386
f 1258 1390 1389 1388
f 1258 1386 1391 1390
f 1259 1394 1393 1392
f 1259 1392 1396 1395
f 1259 1395 1397 1394
f 1260 1400 1399 1398
f 1260 1398 1402 1401
f 1260 1401 1403 1400
f 1261 1406 1405 1404
f 1261 1408 1407 1406
f 1261 1410 1409 1408
f 1262 1413 1412 1411
f 1262 1411 1415 1414
f 1262 1418 1417 1416
f 1262 1416 1419 1413
f 1263 1422 1421 1420
f 1263 1424 1423 1422
f 1263 1420 1425 1424
f 1264 1265 1427 1426
f 1264 1426 1428 1275
f 1264 1275 1429 1265
f 1265 1432 1431 1430
f 1265 1429 1433 1432
f 1265 1430 1434 1427
f 1266 1437 1436 1435
f 1266 1435 1439 1438
f 1266 1441 1440 1437
f 1266 1443 1442 1441
f 1266 1438 1444 1443
f 1267 1447 1446 1445
f 1267 1450 1449 1448
f 1267 1451 1283 1447
f 1267 1448 1452 1451
f 1268 1455 1454 1453
f 1268 1453 1457 1456
f 1268 1456 1458 1455
f 1269 1461 1460 1459
f 1269 1463 1462 1461
f 1269 1459 1464 1463
f 1270 1467 1466 1465
f 1270 1465 1469 1468
f 1270 1468 1470 1467
f 1271 1472 1471 1431
f 1271 1475 1474 1473
f 1271 1473 1476 1472
f 1271 1431 1432 1477
f 1271 1477 1478 1475
f 1272 1279 1280 1479
f 1272 1479 262 261
f 1272 261 44 1279
f 1273 1482 1481 1480
f 1273 1480 1484 1483
f 1273 1486 1485 1482
f 1273 1488 1487 1486
f 1273 1483 1489 1488
f 1274 1492 1491 1490
f 1274 1494 1493 1492
f 1274 1490 1496 1495
f 1274 1449 1497 1494
f 1274 1495 1448 1449
f 1275 1428 1499 1498
f 1275 1498 1501 1500
f 1275 1500 1502 1429
f 1502 1505 1504 1503
f 1502 1500 1506 1505
f 1502 1503 1433 1429
f 1506 1508 1507 1505
f 1506 1409 1410 1508
f 1506 1500 1501 1409
f 1508 293 292 1507
f 1508 1410 294 293
f 294 1410 1261 295
f 295 1261 1404 296
f 296 1404 1509 297
f 1509 1444 299 297
f 1509 1510 1443 1444
f 1509 1404 1405 1510
f 1510 1511 1442 1443
f 1510 1405 1512 1511
f 1512 1514 1513 1511
f 1512 1516 1515 1514
f 1512 1405 1406 1516
f 1516 1518 1517 1515
f 1516 1406 1407 1518
f 1518 1520 1519 1517
f 1518 1407 1521 1520
f 1521 1407 1408 1522
f 1521 1524 1523 1520
f 1521 1522 1525 1524
f 1525 1522 1501 1498
f 1525 1527 1526 1524
f 1525 1498 1499 1527
f 1527 1415 1411 1526
f 1527 1499 1528 1415
f 1528 1499 1428 1529
f 1528 1530 1414 1415
f 1528 1529 1531 1530
f 1531 1529 1533 1532
f 1531 1535 1534 1530
f 1531 1532 1536 1535
f 1536 1532 1538 1537
f 1536 1540 1539 1535
f 1536 1537 1541 1540
f 1541 1537 1543 1542
f 1541 1545 1544 1540
f 1541 1542 1546 1545
f 1546 1542 1548 1547
f 1546 1550 1549 1545
f 1546 1547 1551 1550
f 1551 1547 1553 1552
f 1551 1555 1554 1550
f 1551 1552 1556 1555
f 1556 1552 1558 1557
f 1556 1560 1559 1555
f 1556 1557 1561 1560
f 1561 1557 1563 1562
f 1561 355 354 1560
f 1561 1562 356 355
f 356 1562 1564 357
f 1564 1566 1374 1565
f 1564 1562 1563 1566
f 1564 1565 361 357
f 361 1565 1567 362
f 1567 1375 1356 1568
f 1567 1565 1374 1375
f 1567 1568 365 362
f 365 1568 1569 366
f 1569 1329 99 366
f 1569 1357 1570 1329
f 1569 1568 1356 1357
f 1570 1571 1247 1329
f 1570 1573 1572 1571
f 1570 1357 1352 1573
f 1573 1493 1494 1572
f 1573 1352 1353 1493
f 1572 1575 1574 1571
f 1572 1494 1497 1575
f 1575 1576 1326 1574
f 1575 1497 1577 1576
f 1577 1579 1578 1576
f 1577 1450 1580 1579
f 1577 1497 1449 1450
f 1580 1582 1581 1579
f 1580 1445 1583 1582
f 1580 1450 1267 1445
f 1583 1585 1584 1582
f 1583 1371 1372 1585
f 1583 1445 1446 1371
f 1585 385 384 1584
f 1585 1372 151 385
f 384 387 1586 1584
f 387 389 1587 1586
f 389 391 1588 1587
f 391 393 1589 1588
f 393 262 1479 1589
f 1589 1327 1328 1588
f 1589 1479 1280 1327
f 1588 1328 1590 1587
f 1590 1581 1586 1587
f 1590 1578 1579 1581
f 1590 1328 1325 1578
f 1586 1581 1582 1584
f 1578 1325 1326 1576
f 1574 1326 1323 1332
f 1574 1332 1247 1571
f 1566 1591 1373 1374
f 1566 1563 1592 1591
f 1592 1594 1593 1591
f 1592 1558 1595 1594
f 1592 1563 1557 1558
f 1595 1597 1596 1594
f 1595 1553 1598 1597
f 1595 1558 1552 1553
f 1598 1600 1599 1597
f 1598 1548 1601 1600
f 1598 1553 1547 1548
f 1601 1603 1602 1600
f 1601 1543 1604 1603
f 1601 1548 1542 1543
f 1604 1606 1605 1603
f 1604 1538 1607 1606
f 1604 1543 1537 1538
f 1607 1427 1434 1606
f 1607 1533 1426 1427
f 1607 1538 1532 1533
f 1606 1434 1608 1605
f 1608 1611 1610 1609
f 1608 1434 1430 1611
f 1608 1609 1612 1605
f 1612 1609 1614 1613
f 1612 1602 1603 1605
f 1612 1613 1615 1602
f 1615 1613 1617 1616
f 1615 1599 1600 1602
f 1615 1616 1618 1599
f 1618 1616 1620 1619
f 1618 1596 1597 1599
f 1618 1619 1621 1596
f 1621 1619 1623 1622
f 1621 1593 1594 1596
f 1621 1622 1624 1593
f 1624 1622 1625 1378
f 1624 1373 1591 1593
f 1624 1378 1256 1373
f 1625 1628 1627 1626
f 1625 1622 1623 1628
f 1625 1626 1377 1378
f 1628 1630 1629 1627
f 1628 1623 1631 1630
f 1631 1633 1632 1630
f 1631 1620 1634 1633
f 1631 1623 1619 1620
f 1634 1636 1635 1633
f 1634 1617 1637 1636
f 1634 1620 1616 1617
f 1637 1639 1638 1636
f 1637 1614 1640 1639
f 1637 1617 1613 1614
f 1640 1642 1641 1639
f 1640 1610 1643 1642
f 1640 1614 1609 1610
f 1643 1645 1644 1642
f 1643 1471 1472 1645
f 1643 1610 1611 1471
f 1645 1647 1646 1644
f 1645 1472 1476 1647
f 1647 453 452 1646
f 1647 1476 454 453
f 454 1476 1473 455
f 455 1473 1474 456
f 456 1474 1648 457
f 1648 1651 1650 1649
f 1648 1474 1475 1651
f 1648 1649 462 457
f 462 1649 1652 463
f 1652 1655 1654 1653
f 1652 1649 1650 1655
f 1652 1653 468 463
f 468 1653 1656 469
f 1656 1659 1658 1657
f 1656 1653 1654 1659
f 1656 1657 474 469
f 474 1657 1660 475
f 1660 1663 1662 1661
f 1660 1657 1658 1663
f 1660 1661 480 475
f 480 1661 1664 481
f 1664 1667 1666 1665
f 1664 1661 1662 1667
f 1664 1665 486 481
f 486 1665 1668 487
f 1668 1671 1670 1669
f 1668 1665 1666 1671
f 1668 1669 492 487
f 492 1669 1672 493
f 1672 1675 1674 1673
f 1672 1669 1670 1675
f 1672 1673 498 493
f 498 1673 1676 499
f 1676 1679 1678 1677
f 1676 1673 1674 1679
f 1676 1677 504 499
f 504 1677 1680 505
f 1680 1683 1682 1681
f 1680 1677 1678 1683
f 1680 1681 510 505
f 510 1681 1684 511
f 1684 1687 1686 1685
f 1684 1681 1682 1687
f 1684 1685 516 511
f 516 1685 1688 517
f 1688 1691 1690 1689
f 1688 1685 1686 1691
f 1688 1689 522 517
f 522 1689 1692 523
f 1692 1693 1314 1315
f 1692 1689 1690 1693
f 1692 1315 526 523
f 526 1315 1310 527
f 527 1310 1311 528
f 528 1311 1694 529
f 1694 1319 531 529
f 1694 1695 1318 1319
f 1694 1311 1312 1695
f 1695 1696 1317 1318
f 1695 1312 1313 1696
f 1696 1698 1697 1317
f 1696 1313 1699 1698
f 1699 1701 1700 1698
f 1699 1693 1690 1701
f 1699 1313 1314 1693
f 1701 1703 1702 1700
f 1701 1690 1691 1703
f 1703 1705 1704 1702
f 1703 1691 1686 1705
f 1705 1707 1706 1704
f 1705 1686 1687 1707
f 1707 1709 1708 1706
f 1707 1687 1682 1709
f 1709 1711 1710 1708
f 1709 1682 1683 1711
f 1711 1713 1712 1710
f 1711 1683 1678 1713
f 1713 1715 1714 1712
f 1713 1678 1679 1715
f 1715 1717 1716 1714
f 1715 1679 1674 1717
f 1717 1719 1718 1716
f 1717 1674 1675 1719
f 1719 1721 1720 1718
f 1719 1675 1670 1721
f 1721 1723 1722 1720
f 1721 1670 1671 1723
f 1723 1725 1724 1722
f 1723 1671 1666 1725
f 1725 1727 1726 1724
f 1725 1666 1667 1727
f 1727 1729 1728 1726
f 1727 1667 1662 1729
f 1729 1731 1730 1728
f 1729 1662 1663 1731
f 1731 1733 1732 1730
f 1731 1663 1658 1733
f 1733 1735 1734 1732
f 1733 1658 1659 1735
f 1735 1737 1736 1734
f 1735 1659 1654 1737
f 1737 1739 1738 1736
f 1737 1654 1655 1739
f 1739 1741 1740 1738
f 1739 1655 1650 1741
f 1741 1743 1742 1740
f 1741 1650 1651 1743
f 1743 1478 1744 1742
f 1743 1651 1475 1478
f 1744 1746 1745 1742
f 1744 1748 1747 1746
f 1744 1478 1477 1748
f 1748 1433 1503 1747
f 1748 1477 1432 1433
f 1747 1750 1749 1746
f 1747 1503 1504 1750
f 1750 1752 1751 1749
f 1750 1504 1753 1752
f 1753 592 591 1752
f 1753 1507 292 592
f 1753 1504 1505 1507
f 591 593 1751 1752
f 593 595 1754 1751
f 595 597 1755 1754
f 597 599 1756 1755
f 599 601 1757 1756
f 601 603 1758 1757
f 603 605 1759 1758
f 605 607 1760 1759
f 607 609 1761 1760
f 609 611 1762 1761
f 611 613 1763 1762
f 613 615 1764 1763
f 615 617 1765 1764
f 617 619 1766 1765
f 619 621 1767 1766
f 621 623 1768 1767
f 623 625 1769 1768
f 625 627 1770 1769
f 627 629 1771 1770
f 629 631 1772 1771
f 631 633 1773 1772
f 633 635 1774 1773
f 635 637 1775 1774
f 637 639 1776 1775
f 639 640 1321 1776
f 640 641 1320 1321
f 641 531 1319 1320
f 1776 1778 1777 1775
f 1776 1321 1316 1778
f 1778 1697 1779 1777
f 1778 1316 1317 1697
f 1779 1781 1780 1777
f 1779 1700 1702 1781
f 1779 1697 1698 1700
f 1781 1783 1782 1780
f 1781 1702 1704 1783
f 1783 1785 1784 1782
f 1783 1704 1706 1785
f 1785 1787 1786 1784
f 1785 1706 1708 1787
f 1787 1789 1788 1786
f 1787 1708 1710 1789
f 1789 1791 1790 1788
f 1789 1710 1712 1791
f 1791 1793 1792 1790
f 1791 1712 1714 1793
f 1793 1795 1794 1792
f 1793 1714 1716 1795
f 1795 1797 1796 1794
f 1795 1716 1718 1797
f 1797 1799 1798 1796
f 1797 1718 1720 1799
f 1799 1801 1800 1798
f 1799 1720 1722 1801
f 1801 1803 1802 1800
f 1801 1722 1724 1803
f 1803 1805 1804 1802
f 1803 1724 1726 1805
f 1805 1807 1806 1804
f 1805 1726 1728 1807
f 1807 1809 1808 1806
f 1807 1728 1730 1809
f 1809 1811 1810 1808
f 1809 1730 1732 1811
f 1811 1813 1812 1810
f 1811 1732 1734 1813
f 1813 1815 1814 1812
f 1813 1734 1736 1815
f 1815 1817 1816 1814
f 1815 1736 1738 1817
f 1817 1819 1818 1816
f 1817 1738 1740 1819
f 1819 1745 1820 1818
f 1819 1740 1742 1745
f 1820 1754 1755 1818
f 1820 1749 1751 1754
f 1820 1745 1746 1749
f 1818 1755 1756 1816
f 1816 1756 1757 1814
f 1814 1757 1758 1812
f 1812 1758 1759 1810
f 1810 1759 1760 1808
f 1808 1760 1761 1806
f 1806 1761 1762 1804
f 1804 1762 1763 1802
f 1802 1763 1764 1800
f 1800 1764 1765 1798
f 1798 1765 1766 1796
f 1796 1766 1767 1794
f 1794 1767 1768 1792
f 1792 1768 1769 1790
f 1790 1769 1770 1788
f 1788 1770 1771 1786
f 1786 1771 1772 1784
f 1784 1772 1773 1782
f 1782 1773 1774 1780
f 1780 1774 1775 1777
f 452 687 1821 1646
f 687 688 1487 1821
f 688 689 1486 1487
f 689 690 1485 1486
f 690 692 1822 1485
f 692 694 1823 1822
f 694 696 1824 1823
f 696 698 1825 1824
f 698 700 1826 1825
f 700 702 1827 1826
f 702 141 1361 1827
f 1827 1361 1362 1828
f 1827 1828 1829 1826
f 1829 1828 1831 1830
f 1829 1832 1825 1826
f 1829 1830 1833 1832
f 1833 1830 1835 1834
f 1833 1300 1301 1832
f 1833 1834 1304 1300
f 1835 1836 1496 1490
f 1835 1830 1831 1836
f 1835 1490 1491 1834
f 1836 1838 1837 1496
f 1836 1831 1839 1838
f 1839 1841 1840 1838
f 1839 1362 1363 1841
f 1839 1831 1828 1362
f 1841 1843 1842 1840
f 1841 1363 1844 1843
f 1844 1463 1464 1843
f 1844 1358 1462 1463
f 1844 1363 1253 1358
f 1843 1464 1845 1842
f 1845 1846 1467 1470
f 1845 1464 1459 1846
f 1845 1470 1847 1842
f 1847 1470 1468 1848
f 1847 1849 1840 1842
f 1847 1848 1850 1849
f 1850 1848 1852 1851
f 1850 1853 1837 1849
f 1850 1851 1452 1853
f 1853 1495 1496 1837
f 1853 1452 1448 1495
f 1852 1469 1855 1854
f 1852 1848 1468 1469
f 1852 1854 1856 1851
f 1856 1854 1285 1282
f 1856 1451 1452 1851
f 1856 1282 1283 1451
f 1855 1291 1292 1857
f 1855 1469 1465 1291
f 1855 1857 1285 1854
f 1857 1292 1293 1858
f 1857 1858 1284 1285
f 1858 1293 1349 1859
f 1858 1859 1287 1284
f 1859 1349 1351 1860
f 1859 1860 1359 1287
f 1860 1351 1461 1462
f 1860 1462 1358 1359
f 1849 1837 1838 1840
f 1846 1861 1466 1467
f 1846 1459 1460 1861
f 1861 1289 1290 1466
f 1861 1460 1350 1289
f 1834 1491 1862 1304
f 1862 1491 1492 1863
f 1862 1864 1303 1304
f 1862 1863 1865 1864
f 1865 1354 1867 1866
f 1865 1863 1353 1354
f 1865 1866 1868 1864
f 1868 1866 1870 1869
f 1868 1309 1303 1864
f 1868 1869 1871 1309
f 1871 1869 1873 1872
f 1871 1874 1308 1309
f 1871 1872 1875 1874
f 1875 1872 1877 1876
f 1875 1879 1878 1874
f 1875 1876 1880 1879
f 1880 1876 1882 1881
f 1880 1884 1883 1879
f 1880 1881 1885 1884
f 1885 1881 1887 1886
f 1885 1889 1888 1884
f 1885 1886 1890 1889
f 1890 1886 1892 1891
f 1890 1894 1893 1889
f 1890 1891 1895 1894
f 1895 1891 1897 1896
f 1895 1899 1898 1894
f 1895 1896 1900 1899
f 1900 1896 1902 1901
f 1900 1904 1903 1899
f 1900 1901 1905 1904
f 1905 1901 1365 1906
f 1905 1908 1907 1904
f 1905 1906 1909 1908
f 1909 1906 1911 1910
f 1909 1295 1912 1908
f 1909 1910 1294 1295
f 1912 1913 1907 1908
f 1912 1915 1914 1913
f 1912 1295 1296 1915
f 1915 1917 1916 1914
f 1915 1296 1297 1917
f 1917 1919 1918 1916
f 1917 1297 1920 1919
f 1920 1297 1298 1921
f 1920 1923 1922 1919
f 1920 1921 1381 1923
f 1923 1925 1924 1922
f 1923 1381 1382 1925
f 1925 1927 1926 1924
f 1925 1382 1383 1927
f 1927 1929 1928 1926
f 1927 1383 1930 1929
f 1930 1383 1384 1931
f 1930 1386 1387 1929
f 1930 1931 1391 1386
f 1931 1384 1385 1932
f 1931 1932 1933 1391
f 1933 1934 1390 1391
f 1933 1936 1935 1934
f 1933 1932 1937 1936
f 1937 1938 1369 1936
f 1937 1940 1939 1938
f 1937 1932 1385 1940
f 1940 1941 1299 1939
f 1940 1385 1380 1941
f 1941 1921 1298 1299
f 1941 1380 1381 1921
f 1939 1910 1911 1938
f 1939 1299 1294 1910
f 1938 1911 1366 1369
f 1936 1369 1367 1935
f 1935 1943 1942 1934
f 1935 1367 1368 1943
f 1943 1945 1944 1942
f 1943 1368 1946 1945
f 1946 1897 1947 1945
f 1946 1902 1896 1897
f 1946 1368 1364 1902
f 1947 1948 1944 1945
f 1947 1892 1949 1948
f 1947 1897 1891 1892
f 1949 1951 1950 1948
f 1949 1887 1952 1951
f 1949 1892 1886 1887
f 1952 1954 1953 1951
f 1952 1882 1955 1954
f 1952 1887 1881 1882
f 1955 1957 1956 1954
f 1955 1877 1958 1957
f 1955 1882 1876 1877
f 1958 1960 1959 1957
f 1958 1873 1961 1960
f 1958 1877 1872 1873
f 1961 1963 1962 1960
f 1961 1870 1964 1963
f 1961 1873 1869 1870
f 1964 1966 1965 1963
f 1964 1867 1379 1966
f 1964 1870 1866 1867
f 1966 1968 1967 1965
f 1966 1379 1376 1968
f 1968 1970 1969 1967
f 1968 1376 1377 1970
f 1970 1972 1971 1969
f 1970 1377 1626 1972
f 1972 1974 1973 1971
f 1972 1626 1627 1974
f 1974 1976 1975 1973
f 1974 1627 1629 1976
f 1976 1978 1977 1975
f 1976 1629 1979 1978
f 1979 1981 1980 1978
f 1979 1632 1982 1981
f 1979 1629 1630 1632
f 1982 1984 1983 1981
f 1982 1635 1985 1984
f 1982 1632 1633 1635
f 1985 1483 1484 1984
f 1985 1638 1489 1483
f 1985 1635 1636 1638
f 1984 1484 1986 1983
f 1986 1989 1988 1987
f 1986 1484 1480 1989
f 1986 1987 1990 1983
f 1990 1987 1992 1991
f 1990 1980 1981 1983
f 1990 1991 1993 1980
f 1993 1991 1995 1994
f 1993 1977 1978 1980
f 1993 1994 1996 1977
f 1996 1994 1998 1997
f 1996 1999 1975 1977
f 1996 1997 2000 1999
f 2000 1997 2002 2001
f 2000 2004 2003 1999
f 2000 2001 2005 2004
f 2005 2001 2007 2006
f 2005 2009 2008 2004
f 2005 2006 2010 2009
f 2010 2006 1914 1916
f 2010 2012 2011 2009
f 2010 1916 1918 2012
f 2012 2014 2013 2011
f 2012 1918 2015 2014
f 2015 1918 1919 1922
f 2015 2017 2016 2014
f 2015 1922 1924 2017
f 2017 2019 2018 2016
f 2017 1924 1926 2019
f 2019 2021 2020 2018
f 2019 1926 1928 2021
f 2021 2023 2022 2020
f 2021 1928 2024 2023
f 2024 1928 1929 1387
f 2024 2026 2025 2023
f 2024 1387 1388 2026
f 2026 2027 1950 2025
f 2026 1388 1389 2027
f 2027 1944 1948 1950
f 2027 1389 1942 1944
f 2025 1953 2022 2023
f 2025 1950 1951 1953
f 2022 1956 2028 2020
f 2022 1953 1954 1956
f 2028 2029 2018 2020
f 2028 1959 2030 2029
f 2028 1956 1957 1959
f 2030 2032 2031 2029
f 2030 1962 2033 2032
f 2030 1959 1960 1962
f 2033 2035 2034 2032
f 2033 1965 1967 2035
f 2033 1962 1963 1965
f 2035 2037 2036 2034
f 2035 1967 1969 2037
f 2037 2038 2008 2036
f 2037 1969 1971 2038
f 2038 2003 2004 2008
f 2038 1971 1973 2003
f 2036 2008 2009 2011
f 2036 2011 2013 2034
f 2034 2013 2031 2032
f 2031 2013 2014 2016
f 2031 2016 2018 2029
f 2007 2039 1907 1913
f 2007 2001 2002 2039
f 2007 1913 1914 2006
f 2039 1903 1904 1907
f 2039 2002 2040 1903
f 2040 1898 1899 1903
f 2040 1998 2041 1898
f 2040 2002 1997 1998
f 2041 1893 1894 1898
f 2041 1995 2042 1893
f 2041 1998 1994 1995
f 2042 1888 1889 1893
f 2042 1992 2043 1888
f 2042 1995 1991 1992
f 2043 1883 1884 1888
f 2043 1988 2044 1883
f 2043 1992 1987 1988
f 2044 1878 1879 1883
f 2044 2045 1307 1878
f 2044 1988 1989 2045
f 2045 1481 1306 1307
f 2045 1989 1480 1481
f 2003 1973 1975 1999
f 1942 1389 1390 1934
f 1911 1906 1365 1366
f 1902 1364 1365 1901
f 1878 1307 1308 1874
f 1867 1354 1355 1379
f 1863 1492 1493 1353
f 1832 1301 1824 1825
f 1824 1301 1302 1823
f 1823 1302 1305 1822
f 1822 1305 1482 1485
f 1821 2046 1644 1646
f 1821 1487 1488 2046
f 2046 1641 1642 1644
f 2046 1488 1489 1641
f 1641 1489 1638 1639
f 1611 1430 1431 1471
f 354 922 1559 1560
f 922 924 2047 1559
f 924 926 2048 2047
f 926 111 1334 2048
f 2048 2049 1554 2047
f 2048 1334 1335 2049
f 2049 1549 1550 1554
f 2049 1335 2050 1549
f 2050 1544 1545 1549
f 2050 2052 2051 1544
f 2050 1335 1336 2052
f 2052 2054 2053 2051
f 2052 1336 2055 2054
f 2055 2057 2056 2054
f 2055 2059 2058 2057
f 2055 1336 1248 2059
f 2059 2061 2060 2058
f 2059 1248 1333 2061
f 2061 2063 2062 2060
f 2061 1333 2064 2063
f 2064 1333 106 943
f 2064 1439 1435 2063
f 2064 943 944 1439
f 944 945 1438 1439
f 945 299 1444 1438
f 2063 1435 1436 2062
f 2062 2065 1397 2060
f 2062 1436 2066 2065
f 2066 2068 2067 2065
f 2066 2070 2069 2068
f 2066 1436 1437 2070
f 2070 2072 2071 2069
f 2070 1437 1440 2072
f 2072 2074 2073 2071
f 2072 1440 2075 2074
f 2075 2077 2076 2074
f 2075 2079 2078 2077
f 2075 1440 1441 2079
f 2079 2081 2080 2078
f 2079 1441 1442 2081
f 2081 1513 2082 2080
f 2081 1442 1511 1513
f 2082 2084 2083 2080
f 2082 2086 2085 2084
f 2082 1513 1514 2086
f 2086 2088 2087 2085
f 2086 1514 1515 2088
f 2088 2090 2089 2087
f 2088 1515 1517 2090
f 2090 2092 2091 2089
f 2090 1517 1519 2092
f 2092 2094 2093 2091
f 2092 1519 2095 2094
f 2095 1519 1520 1523
f 2095 2097 2096 2094
f 2095 1523 2098 2097
f 2098 1523 1524 1526
f 2098 1412 2099 2097
f 2098 1526 1411 1412
f 2099 2100 2096 2097
f 2099 2102 2101 2100
f 2099 1412 1413 2102
f 2102 2104 2103 2101
f 2102 1413 1419 2104
f 2104 2106 2105 2103
f 2104 1419 2107 2106
f 2107 1419 1416 2108
f 2107 2110 2109 2106
f 2107 2108 2111 2110
f 2111 2108 2113 2112
f 2111 2115 2114 2110
f 2111 2112 2116 2115
f 2116 2112 1403 2117
f 2116 2068 2069 2115
f 2116 2117 2067 2068
f 2117 1403 1401 1393
f 2117 1393 1394 2067
f 2115 2069 2071 2114
f 2114 2118 2109 2110
f 2114 2071 2073 2118
f 2118 2120 2119 2109
f 2118 2073 2121 2120
f 2121 2123 2122 2120
f 2121 2076 2124 2123
f 2121 2073 2074 2076
f 2124 2126 2125 2123
f 2124 2128 2127 2126
f 2124 2076 2077 2128
f 2128 2130 2129 2127
f 2128 2077 2078 2130
f 2130 2083 2131 2129
f 2130 2078 2080 2083
f 2131 2133 2132 2129
f 2131 2135 2134 2133
f 2131 2083 2084 2135
f 2135 2137 2136 2134
f 2135 2084 2085 2137
f 2137 2139 2138 2136
f 2137 2085 2087 2139
f 2139 2141 2140 2138
f 2139 2087 2089 2141
f 2141 2143 2142 2140
f 2141 2089 2091 2143
f 2143 2145 2144 2142
f 2143 2091 2093 2145
f 2145 2147 2146 2144
f 2145 2093 2148 2147
f 2148 2093 2094 2096
f 2148 2150 2149 2147
f 2148 2096 2100 2150
f 2150 2152 2151 2149
f 2150 2100 2101 2152
f 2152 2154 2153 2151
f 2152 2101 2103 2154
f 2154 2156 2155 2153
f 2154 2103 2105 2156
f 2156 2158 2157 2155
f 2156 2105 2119 2158
f 2158 2122 2159 2157
f 2158 2119 2120 2122
f 2159 2161 2160 2157
f 2159 2125 2162 2161
f 2159 2122 2123 2125
f 2162 2164 2163 2161
f 2162 2166 2165 2164
f 2162 2125 2126 2166
f 2166 2168 2167 2165
f 2166 2126 2127 2168
f 2168 2132 2169 2167
f 2168 2127 2129 2132
f 2169 2171 2170 2167
f 2169 2173 2172 2171
f 2169 2132 2133 2173
f 2173 2175 2174 2172
f 2173 2133 2134 2175
f 2175 2177 2176 2174
f 2175 2134 2136 2177
f 2177 2179 2178 2176
f 2177 2136 2138 2179
f 2179 2181 2180 2178
f 2179 2138 2140 2181
f 2181 2183 2182 2180
f 2181 2140 2142 2183
f 2183 2185 2184 2182
f 2183 2142 2144 2185
f 2185 2187 2186 2184
f 2185 2144 2146 2187
f 2187 2189 2188 2186
f 2187 2146 2190 2189
f 2190 2146 2147 2149
f 2190 2192 2191 2189
f 2190 2149 2151 2192
f 2192 2194 2193 2191
f 2192 2151 2153 2194
f 2194 2196 2195 2193
f 2194 2153 2155 2196
f 2196 2160 2197 2195
f 2196 2155 2157 2160
f 2197 2199 2198 2195
f 2197 2163 2200 2199
f 2197 2160 2161 2163
f 2200 2202 2201 2199
f 2200 2204 2203 2202
f 2200 2163 2164 2204
f 2204 2205 1341 2203
f 2204 2164 2165 2205
f 2205 2170 1340 1341
f 2205 2165 2167 2170
f 2203 2207 2206 2202
f 2203 1341 1337 2207
f 2207 2209 2208 2206
f 2207 1337 1338 2209
f 2209 2211 2210 2208
f 2209 1338 1421 2211
f 2211 2213 2212 2210
f 2211 1421 1422 2213
f 2213 1422 1423 2214
f 2213 2214 2215 2212
f 2215 2214 2178 2180
f 2215 2217 2216 2212
f 2215 2180 2182 2217
f 2217 1348 1346 2216
f 2217 2182 2184 1348
f 2216 2218 2210 2212
f 2216 1346 1347 2218
f 2218 1347 1457 2219
f 2218 2219 2208 2210
f 2219 1457 1453 2220
f 2219 2220 2206 2208
f 2220 1453 1454 2201
f 2220 2201 2202 2206
f 2214 1423 2176 2178
f 2201 1454 2198 2199
f 2198 2221 2193 2195
f 2198 1454 1455 2221
f 2221 2222 2191 2193
f 2221 1455 1458 2222
f 2222 2188 2189 2191
f 2222 1458 1344 2188
f 2188 1344 1345 2186
f 2186 1345 1348 2184
f 2176 1423 1424 2174
f 2174 1424 1425 2172
f 2172 1425 1342 2171
f 2171 1342 1340 2170
f 2119 2105 2106 2109
f 2113 1417 1399 1400
f 2113 2108 1416 1417
f 2113 1400 1403 2112
f 2067 1394 1397 2065
f 2060 1397 1395 2058
f 2058 1395 1396 2057
f 2057 1396 2223 2056
f 2223 2225 2224 2056
f 2223 1402 1398 2225
f 2223 1396 1392 1402
f 2225 2227 2226 2224
f 2225 1398 1399 2227
f 2227 1418 2228 2226
f 2227 1399 1417 1418
f 2228 1414 1530 1534
f 2228 1418 1262 1414
f 2228 1534 2229 2226
f 2229 1534 1535 1539
f 2229 2053 2224 2226
f 2229 1539 2051 2053
f 2224 2053 2054 2056
f 2051 1539 1540 1544
f 2047 1554 1555 1559
f 1533 1529 1428 1426
f 1522 1408 1409 1501
f 1482 1305 1306 1481
f 1466 1290 1291 1465
f 1461 1351 1350 1460
f 1458 1456 1343 1344
f 1457 1347 1343 1456
f 1447 2231 2230 1446
f 1447 1283 1281 2231
f 2231 1114 1113 2230
f 2231 1281 48 1114
f 1113 153 1370 2230
f 2230 1370 1371 1446
f 1425 1420 1339 1342
f 1421 1338 1339 1420
f 1402 1392 1393 1401
f 139 54 1286 1360
f 1360 1286 1287 1359
f 1115 1330 1331 1116
f 1116 1331 1324 1117
f 1117 1324 1322 1118
f 1118 1322 1277 1119
f 1119 1277 1278 1120
f 1332 1323 1324 1331
f 2232 2242 2241 2240
f 2232 2244 2243 2242
f 2232 2240 2245 2244
f 2233 2248 2247 2246
f 2233 2250 2249 2248
f 2233 2246 2251 2250
f 2234 2254 2253 2252
f 2234 2252 2256 2255
f 2234 2255 2257 2254
f 2235 2260 2259 2258
f 2235 2258 2262 2261
f 2235 2261 2263 2260
f 2236 2266 2265 2264
f 2236 2264 2268 2267
f 2236 2267 2269 2266
f 2237 2272 2271 2270
f 2237 2270 2274 2273
f 2237 2273 2275 2272
f 2238 2278 2277 2276
f 2238 2280 2279 2278
f 2238 2276 2281 2280
f 2239 2284 2283 2282
f 2239 2282 2261 2262
f 2239 2262 2285 2284
f 2285 2288 2287 2286
f 2285 2262 2258 2288
f 2285 2286 2289 2284
f 2289 2286 2291 2290
f 2289 2292 2283 2284
f 2289 2290 2293 2292
f 2293 2290 2295 2294
f 2293 2297 2296 2292
f 2293 2294 2298 2297
f 2298 2294 2249 2299
f 2298 2300 2269 2297
f 2298 2299 2301 2300
f 2301 2299 2303 2302
f 2301 2253 2304 2300
f 2301 2302 2252 2253
f 2304 2266 2269 2300
f 2304 2305 2265 2266
f 2304 2253 2254 2305
f 2305 2307 2306 2265
f 2305 2254 2257 2307
f 2307 2309 2308 2306
f 2307 2257 2310 2309
f 2310 2312 2311 2309
f 2310 2314 2313 2312
f 2310 2257 2255 2314
f 2314 2316 2315 2313
f 2314 2255 2256 2316
f 2316 2279 2280 2315
f 2316 2256 2317 2279
f 2317 2318 2278 2279
f 2317 2302 2303 2318
f 2317 2256 2252 2302
f 2318 2251 2277 2278
f 2318 2303 2250 2251
f 2315 2319 2275 2313
f 2315 2280 2281 2319
f 2319 2320 2272 2275
f 2319 2281 2321 2320
f 2321 2323 2322 2320
f 2321 2325 2324 2323
f 2321 2281 2276 2325
f 2325 2327 2326 2324
f 2325 2276 2277 2327
f 2327 2246 2247 2326
f 2327 2277 2251 2246
f 2326 2329 2328 2324
f 2326 2247 2330 2329
f 2330 2291 2331 2329
f 2330 2295 2290 2291
f 2330 2247 2248 2295
f 2331 2332 2328 2329
f 2331 2287 2333 2332
f 2331 2291 2286 2287
f 2333 2241 2242 2332
f 2333 2335 2334 2241
f 2333 2287 2288 2335
f 2335 2259 2336 2334
f 2335 2288 2258 2259
f 2336 2259 2260 2337
f 2336 2339 2338 2334
f 2336 2337 2340 2339
f 2340 2337 2342 2341
f 2340 2344 2343 2339
f 2340 2341 2308 2344
f 2344 2311 2274 2343
f 2344 2308 2309 2311
f 2343 2345 2338 2339
f 2343 2274 2270 2345
f 2345 2245 2240 2338
f 2345 2270 2271 2245
f 2342 2263 2347 2346
f 2342 2337 2260 2263
f 2342 2346 2348 2341
f 2348 2346 2268 2264
f 2348 2306 2308 2341
f 2348 2264 2265 2306
f 2347 2282 2283 2349
f 2347 2263 2261 2282
f 2347 2349 2268 2346
f 2349 2283 2292 2296
f 2349 2296 2267 2268
f 2338 2240 2241 2334
f 2332 2242 2243 2328
f 2328 2243 2323 2324
f 2323 2243 2244 2322
f 2322 2271 2272 2320
f 2322 2244 2245 2271
f 2313 2275 2273 2312
f 2312 2273 2274 2311
f 2303 2299 2249 2250
f 2297 2269 2267 2296
f 2295 2248 2249 2294

 